timeStamp,elapsed,label,responseCode,responseMessage,threadName,dataType,success,failureMessage,bytes,sentBytes,grpThreads,allThreads,URL,Latency,IdleTime,Connect
1783612250010,48,POST get_cuentas_cobrar,200,OK,Benchmark - Operaciones Normales 1-2,text,true,,1982,311,2,2,http://localhost:3500/query/empresa_simulada,45,0,24
1783612250009,48,POST get_cuentas_cobrar,200,OK,Benchmark - Operaciones Normales 1-1,text,true,,1981,311,2,2,http://localhost:3500/query/empresa_simulada,45,0,24
1783612250061,13,POST get_bancos,200,OK,Benchmark - Operaciones Normales 1-1,text,true,,1344,254,2,2,http://localhost:3500/query/empresa_simulada,12,0,0
1783612250061,13,POST get_bancos,200,OK,Benchmark - Operaciones Normales 1-2,text,true,,1345,254,2,2,http://localhost:3500/query/empresa_simulada,12,0,0
1783612250088,15,POST get_cuentas_cobrar,200,OK,Benchmark - Operaciones Normales 1-3,text,true,,1981,311,3,3,http://localhost:3500/query/empresa_simulada,15,0,4
1783612250074,29,POST get_monedas,200,OK,Benchmark - Operaciones Normales 1-1,text,true,,1573,255,3,3,http://localhost:3500/query/empresa_simulada,29,0,0
1783612250074,30,POST get_monedas,200,OK,Benchmark - Operaciones Normales 1-2,text,true,,1572,255,3,3,http://localhost:3500/query/empresa_simulada,30,0,0
1783612250104,7,POST get_bancos,200,OK,Benchmark - Operaciones Normales 1-3,text,true,,1344,254,3,3,http://localhost:3500/query/empresa_simulada,7,0,0
1783612250112,4,POST get_monedas,200,OK,Benchmark - Operaciones Normales 1-3,text,true,,1572,255,3,3,http://localhost:3500/query/empresa_simulada,4,0,0
1783612250104,23,POST get_empresa,200,OK,Benchmark - Operaciones Normales 1-2,text,true,,1457,255,3,3,http://localhost:3500/query/empresa_simulada,23,0,0
1783612250104,24,POST get_empresa,200,OK,Benchmark - Operaciones Normales 1-1,text,true,,1456,255,3,3,http://localhost:3500/query/empresa_simulada,24,0,0
1783612250117,11,POST get_empresa,200,OK,Benchmark - Operaciones Normales 1-3,text,true,,1456,255,3,3,http://localhost:3500/query/empresa_simulada,11,0,0
1783612250129,6,POST get_cuentas_cobrar,200,OK,Benchmark - Operaciones Normales 1-3,text,true,,1981,311,3,3,http://localhost:3500/query/empresa_simulada,6,0,0
1783612250129,10,POST get_cuentas_cobrar,200,OK,Benchmark - Operaciones Normales 1-1,text,true,,1981,311,3,3,http://localhost:3500/query/empresa_simulada,10,0,0
1783612250128,11,POST get_cuentas_cobrar,200,OK,Benchmark - Operaciones Normales 1-2,text,true,,1981,311,3,3,http://localhost:3500/query/empresa_simulada,11,0,0
1783612250136,6,POST get_bancos,200,OK,Benchmark - Operaciones Normales 1-3,text,true,,1344,254,3,3,http://localhost:3500/query/empresa_simulada,6,0,0
1783612250140,7,POST get_bancos,200,OK,Benchmark - Operaciones Normales 1-1,text,true,,1344,254,3,3,http://localhost:3500/query/empresa_simulada,6,0,0
1783612250140,8,POST get_bancos,200,OK,Benchmark - Operaciones Normales 1-2,text,true,,1344,254,3,3,http://localhost:3500/query/empresa_simulada,8,0,0
1783612250143,6,POST get_monedas,200,OK,Benchmark - Operaciones Normales 1-3,text,true,,1572,255,3,3,http://localhost:3500/query/empresa_simulada,6,0,0
1783612250147,4,POST get_monedas,200,OK,Benchmark - Operaciones Normales 1-1,text,true,,1572,255,3,3,http://localhost:3500/query/empresa_simulada,4,0,0
1783612250149,3,POST get_monedas,200,OK,Benchmark - Operaciones Normales 1-2,text,true,,1572,255,3,3,http://localhost:3500/query/empresa_simulada,3,0,0
1783612250150,6,POST get_empresa,200,OK,Benchmark - Operaciones Normales 1-3,text,true,,1456,255,3,3,http://localhost:3500/query/empresa_simulada,6,0,0
1783612250154,4,POST get_empresa,200,OK,Benchmark - Operaciones Normales 1-2,text,true,,1456,255,3,3,http://localhost:3500/query/empresa_simulada,4,0,0
1783612250152,7,POST get_empresa,200,OK,Benchmark - Operaciones Normales 1-1,text,true,,1456,255,3,3,http://localhost:3500/query/empresa_simulada,7,0,0
1783612250157,6,POST get_cuentas_cobrar,200,OK,Benchmark - Operaciones Normales 1-3,text,true,,1981,311,3,3,http://localhost:3500/query/empresa_simulada,6,0,0
1783612250159,6,POST get_cuentas_cobrar,200,OK,Benchmark - Operaciones Normales 1-2,text,true,,1981,311,3,3,http://localhost:3500/query/empresa_simulada,6,0,0
1783612250160,8,POST get_cuentas_cobrar,200,OK,Benchmark - Operaciones Normales 1-1,text,true,,1981,311,3,3,http://localhost:3500/query/empresa_simulada,7,0,0
1783612250165,4,POST get_bancos,200,OK,Benchmark - Operaciones Normales 1-2,text,true,,1344,254,3,3,http://localhost:3500/query/empresa_simulada,4,0,0
1783612250164,7,POST get_bancos,200,OK,Benchmark - Operaciones Normales 1-3,text,true,,1344,254,3,3,http://localhost:3500/query/empresa_simulada,7,0,0
1783612250170,5,POST get_monedas,200,OK,Benchmark - Operaciones Normales 1-2,text,true,,1572,255,3,3,http://localhost:3500/query/empresa_simulada,5,0,0
1783612250168,7,POST get_bancos,200,OK,Benchmark - Operaciones Normales 1-1,text,true,,1344,254,3,3,http://localhost:3500/query/empresa_simulada,7,0,0
1783612250172,7,POST get_monedas,200,OK,Benchmark - Operaciones Normales 1-3,text,true,,1572,255,3,3,http://localhost:3500/query/empresa_simulada,7,0,0
1783612250176,5,POST get_empresa,200,OK,Benchmark - Operaciones Normales 1-2,text,true,,1456,255,3,3,http://localhost:3500/query/empresa_simulada,5,0,0
1783612250176,8,POST get_monedas,200,OK,Benchmark - Operaciones Normales 1-1,text,true,,1572,255,3,3,http://localhost:3500/query/empresa_simulada,8,0,0
1783612250180,10,POST get_empresa,200,OK,Benchmark - Operaciones Normales 1-3,text,true,,1456,255,4,4,http://localhost:3500/query/empresa_simulada,10,0,0
1783612250182,9,POST get_cuentas_cobrar,200,OK,Benchmark - Operaciones Normales 1-2,text,true,,1981,311,4,4,http://localhost:3500/query/empresa_simulada,9,0,0
1783612250187,6,POST get_empresa,200,OK,Benchmark - Operaciones Normales 1-1,text,true,,1456,255,4,4,http://localhost:3500/query/empresa_simulada,6,0,0
1783612250192,4,POST get_bancos,200,OK,Benchmark - Operaciones Normales 1-2,text,true,,1344,254,4,4,http://localhost:3500/query/empresa_simulada,4,0,0
1783612250191,5,POST get_cuentas_cobrar,200,OK,Benchmark - Operaciones Normales 1-3,text,true,,1981,311,4,4,http://localhost:3500/query/empresa_simulada,5,0,0
1783612250194,5,POST get_cuentas_cobrar,200,OK,Benchmark - Operaciones Normales 1-1,text,true,,1981,311,4,4,http://localhost:3500/query/empresa_simulada,5,0,0
1783612250196,5,POST get_monedas,200,OK,Benchmark - Operaciones Normales 1-2,text,true,,1572,255,4,4,http://localhost:3500/query/empresa_simulada,5,0,0
1783612250196,7,POST get_bancos,200,OK,Benchmark - Operaciones Normales 1-3,text,true,,1344,254,4,4,http://localhost:3500/query/empresa_simulada,7,0,0
1783612250200,5,POST get_bancos,200,OK,Benchmark - Operaciones Normales 1-1,text,true,,1344,254,4,4,http://localhost:3500/query/empresa_simulada,5,0,0
1783612250190,18,POST get_cuentas_cobrar,200,OK,Benchmark - Operaciones Normales 1-4,text,true,,1981,311,4,4,http://localhost:3500/query/empresa_simulada,18,0,3
1783612250202,8,POST get_empresa,200,OK,Benchmark - Operaciones Normales 1-2,text,true,,1456,255,4,4,http://localhost:3500/query/empresa_simulada,7,0,0
1783612250204,6,POST get_monedas,200,OK,Benchmark - Operaciones Normales 1-3,text,true,,1572,255,4,4,http://localhost:3500/query/empresa_simulada,6,0,0
1783612250206,4,POST get_monedas,200,OK,Benchmark - Operaciones Normales 1-1,text,true,,1572,255,4,4,http://localhost:3500/query/empresa_simulada,4,0,0
1783612250208,6,POST get_bancos,200,OK,Benchmark - Operaciones Normales 1-4,text,true,,1344,254,4,4,http://localhost:3500/query/empresa_simulada,6,0,0
1783612250210,7,POST get_cuentas_cobrar,200,OK,Benchmark - Operaciones Normales 1-2,text,true,,1981,311,4,4,http://localhost:3500/query/empresa_simulada,6,0,0
1783612250211,9,POST get_empresa,200,OK,Benchmark - Operaciones Normales 1-1,text,true,,1456,255,4,4,http://localhost:3500/query/empresa_simulada,9,0,0
1783612250211,10,POST get_empresa,200,OK,Benchmark - Operaciones Normales 1-3,text,true,,1456,255,4,4,http://localhost:3500/query/empresa_simulada,10,0,0
1783612250217,6,POST get_bancos,200,OK,Benchmark - Operaciones Normales 1-2,text,true,,1344,254,4,4,http://localhost:3500/query/empresa_simulada,6,0,0
1783612250215,8,POST get_monedas,200,OK,Benchmark - Operaciones Normales 1-4,text,true,,1572,255,4,4,http://localhost:3500/query/empresa_simulada,8,0,0
1783612250222,3,POST get_cuentas_cobrar,200,OK,Benchmark - Operaciones Normales 1-3,text,true,,1981,311,4,4,http://localhost:3500/query/empresa_simulada,3,0,0
1783612250221,7,POST get_cuentas_cobrar,200,OK,Benchmark - Operaciones Normales 1-1,text,true,,1981,311,4,4,http://localhost:3500/query/empresa_simulada,6,0,0
1783612250224,5,POST get_monedas,200,OK,Benchmark - Operaciones Normales 1-2,text,true,,1572,255,4,4,http://localhost:3500/query/empresa_simulada,5,0,0
1783612250224,9,POST get_empresa,200,OK,Benchmark - Operaciones Normales 1-4,text,true,,1456,255,4,4,http://localhost:3500/query/empresa_simulada,8,0,0
1783612250226,10,POST get_bancos,200,OK,Benchmark - Operaciones Normales 1-3,text,true,,1344,254,4,4,http://localhost:3500/query/empresa_simulada,9,0,0
1783612250229,14,POST get_empresa,200,OK,Benchmark - Operaciones Normales 1-2,text,true,,1456,255,4,4,http://localhost:3500/query/empresa_simulada,14,0,0
1783612250233,10,POST get_cuentas_cobrar,200,OK,Benchmark - Operaciones Normales 1-4,text,true,,1981,311,4,4,http://localhost:3500/query/empresa_simulada,10,0,0
1783612250229,14,POST get_bancos,200,OK,Benchmark - Operaciones Normales 1-1,text,true,,1344,254,4,4,http://localhost:3500/query/empresa_simulada,14,0,0
1783612250236,10,POST get_monedas,200,OK,Benchmark - Operaciones Normales 1-3,text,true,,1572,255,4,4,http://localhost:3500/query/empresa_simulada,10,0,0
1783612250244,4,POST get_cuentas_cobrar,200,OK,Benchmark - Operaciones Normales 1-2,text,true,,1981,311,4,4,http://localhost:3500/query/empresa_simulada,4,0,0
1783612250244,5,POST get_bancos,200,OK,Benchmark - Operaciones Normales 1-4,text,true,,1344,254,4,4,http://localhost:3500/query/empresa_simulada,5,0,0
1783612250244,10,POST get_monedas,200,OK,Benchmark - Operaciones Normales 1-1,text,true,,1572,255,4,4,http://localhost:3500/query/empresa_simulada,10,0,0
1783612250246,11,POST get_empresa,200,OK,Benchmark - Operaciones Normales 1-3,text,true,,1456,255,4,4,http://localhost:3500/query/empresa_simulada,11,0,0
1783612250254,5,POST get_empresa,200,OK,Benchmark - Operaciones Normales 1-1,text,true,,1456,255,4,4,http://localhost:3500/query/empresa_simulada,5,0,0
1783612250249,16,POST get_bancos,200,OK,Benchmark - Operaciones Normales 1-2,text,true,,1344,254,4,4,http://localhost:3500/query/empresa_simulada,15,0,0
1783612250250,15,POST get_monedas,200,OK,Benchmark - Operaciones Normales 1-4,text,true,,1572,255,4,4,http://localhost:3500/query/empresa_simulada,14,0,0
1783612250259,8,POST get_cuentas_cobrar,200,OK,Benchmark - Operaciones Normales 1-1,text,true,,1981,311,4,4,http://localhost:3500/query/empresa_simulada,8,0,0
1783612250258,9,POST get_cuentas_cobrar,200,OK,Benchmark - Operaciones Normales 1-3,text,true,,1981,311,4,4,http://localhost:3500/query/empresa_simulada,9,0,0
1783612250265,7,POST get_monedas,200,OK,Benchmark - Operaciones Normales 1-2,text,true,,1572,255,4,4,http://localhost:3500/query/empresa_simulada,6,0,0
1783612250265,11,POST get_empresa,200,OK,Benchmark - Operaciones Normales 1-4,text,true,,1456,255,4,4,http://localhost:3500/query/empresa_simulada,11,0,0
1783612250268,10,POST get_bancos,200,OK,Benchmark - Operaciones Normales 1-3,text,true,,1344,254,4,4,http://localhost:3500/query/empresa_simulada,10,0,0
1783612250272,6,POST get_empresa,200,OK,Benchmark - Operaciones Normales 1-2,text,true,,1456,255,4,4,http://localhost:3500/query/empresa_simulada,6,0,0
1783612250268,10,POST get_bancos,200,OK,Benchmark - Operaciones Normales 1-1,text,true,,1344,254,4,4,http://localhost:3500/query/empresa_simulada,10,0,0
1783612250278,11,POST get_cuentas_cobrar,200,OK,Benchmark - Operaciones Normales 1-2,text,true,,1981,311,5,5,http://localhost:3500/query/empresa_simulada,11,0,0
1783612250278,11,POST get_monedas,200,OK,Benchmark - Operaciones Normales 1-1,text,true,,1572,255,5,5,http://localhost:3500/query/empresa_simulada,11,0,0
1783612250277,12,POST get_cuentas_cobrar,200,OK,Benchmark - Operaciones Normales 1-4,text,true,,1981,311,5,5,http://localhost:3500/query/empresa_simulada,12,0,0
1783612250278,15,POST get_monedas,200,OK,Benchmark - Operaciones Normales 1-3,text,true,,1572,255,5,5,http://localhost:3500/query/empresa_simulada,15,0,0
1783612250289,10,POST get_bancos,200,OK,Benchmark - Operaciones Normales 1-2,text,true,,1344,254,5,5,http://localhost:3500/query/empresa_simulada,10,0,0
1783612250289,13,POST get_empresa,200,OK,Benchmark - Operaciones Normales 1-1,text,true,,1456,255,5,5,http://localhost:3500/query/empresa_simulada,13,0,0
1783612250289,14,POST get_bancos,200,OK,Benchmark - Operaciones Normales 1-4,text,true,,1344,254,5,5,http://localhost:3500/query/empresa_simulada,13,0,0
1783612250293,14,POST get_empresa,200,OK,Benchmark - Operaciones Normales 1-3,text,true,,1456,255,5,5,http://localhost:3500/query/empresa_simulada,14,0,0
1783612250285,24,POST get_cuentas_cobrar,200,OK,Benchmark - Operaciones Normales 1-5,text,true,,1981,311,5,5,http://localhost:3500/query/empresa_simulada,24,0,2
1783612250300,12,POST get_monedas,200,OK,Benchmark - Operaciones Normales 1-2,text,true,,1572,255,5,5,http://localhost:3500/query/empresa_simulada,12,0,0
1783612250303,11,POST get_cuentas_cobrar,200,OK,Benchmark - Operaciones Normales 1-1,text,true,,1981,311,5,5,http://localhost:3500/query/empresa_simulada,11,0,0
1783612250309,7,POST get_bancos,200,OK,Benchmark - Operaciones Normales 1-5,text,true,,1344,254,5,5,http://localhost:3500/query/empresa_simulada,7,0,0
1783612250303,13,POST get_monedas,200,OK,Benchmark - Operaciones Normales 1-4,text,true,,1572,255,5,5,http://localhost:3500/query/empresa_simulada,13,0,0
1783612250308,8,POST get_cuentas_cobrar,200,OK,Benchmark - Operaciones Normales 1-3,text,true,,1981,311,5,5,http://localhost:3500/query/empresa_simulada,8,0,0
1783612250312,5,POST get_empresa,200,OK,Benchmark - Operaciones Normales 1-2,text,true,,1456,255,5,5,http://localhost:3500/query/empresa_simulada,5,0,0
1783612250314,6,POST get_bancos,200,OK,Benchmark - Operaciones Normales 1-1,text,true,,1344,254,5,5,http://localhost:3500/query/empresa_simulada,6,0,0
1783612250316,6,POST get_empresa,200,OK,Benchmark - Operaciones Normales 1-4,text,true,,1456,255,5,5,http://localhost:3500/query/empresa_simulada,6,0,0
1783612250316,7,POST get_bancos,200,OK,Benchmark - Operaciones Normales 1-3,text,true,,1344,254,5,5,http://localhost:3500/query/empresa_simulada,7,0,0
1783612250316,11,POST get_monedas,200,OK,Benchmark - Operaciones Normales 1-5,text,true,,1572,255,5,5,http://localhost:3500/query/empresa_simulada,11,0,0
1783612250318,13,POST get_cuentas_cobrar,200,OK,Benchmark - Operaciones Normales 1-2,text,true,,1981,311,5,5,http://localhost:3500/query/empresa_simulada,13,0,0
1783612250323,10,POST get_cuentas_cobrar,200,OK,Benchmark - Operaciones Normales 1-4,text,true,,1981,311,5,5,http://localhost:3500/query/empresa_simulada,10,0,0
1783612250321,12,POST get_monedas,200,OK,Benchmark - Operaciones Normales 1-1,text,true,,1572,255,5,5,http://localhost:3500/query/empresa_simulada,12,0,0
1783612250323,11,POST get_monedas,200,OK,Benchmark - Operaciones Normales 1-3,text,true,,1572,255,5,5,http://localhost:3500/query/empresa_simulada,11,0,0
1783612250328,7,POST get_empresa,200,OK,Benchmark - Operaciones Normales 1-5,text,true,,1456,255,5,5,http://localhost:3500/query/empresa_simulada,7,0,0
1783612250332,6,POST get_bancos,200,OK,Benchmark - Operaciones Normales 1-2,text,true,,1344,254,5,5,http://localhost:3500/query/empresa_simulada,6,0,0
1783612250334,4,POST get_bancos,200,OK,Benchmark - Operaciones Normales 1-4,text,true,,1344,254,5,5,http://localhost:3500/query/empresa_simulada,4,0,0
1783612250334,7,POST get_empresa,200,OK,Benchmark - Operaciones Normales 1-3,text,true,,1456,255,5,5,http://localhost:3500/query/empresa_simulada,7,0,0
1783612250334,7,POST get_empresa,200,OK,Benchmark - Operaciones Normales 1-1,text,true,,1456,255,5,5,http://localhost:3500/query/empresa_simulada,7,0,0
1783612250336,8,POST get_cuentas_cobrar,200,OK,Benchmark - Operaciones Normales 1-5,text,true,,1981,311,5,5,http://localhost:3500/query/empresa_simulada,8,0,0
1783612250339,8,POST get_monedas,200,OK,Benchmark - Operaciones Normales 1-4,text,true,,1572,255,5,5,http://localhost:3500/query/empresa_simulada,8,0,0
1783612250339,8,POST get_monedas,200,OK,Benchmark - Operaciones Normales 1-2,text,true,,1572,255,5,5,http://localhost:3500/query/empresa_simulada,8,0,0
1783612250341,8,POST get_cuentas_cobrar,200,OK,Benchmark - Operaciones Normales 1-1,text,true,,1981,311,5,5,http://localhost:3500/query/empresa_simulada,8,0,0
1783612250341,11,POST get_cuentas_cobrar,200,OK,Benchmark - Operaciones Normales 1-3,text,true,,1981,311,5,5,http://localhost:3500/query/empresa_simulada,11,0,0
1783612250347,7,POST get_empresa,200,OK,Benchmark - Operaciones Normales 1-2,text,true,,1456,255,5,5,http://localhost:3500/query/empresa_simulada,6,0,0
1783612250347,7,POST get_empresa,200,OK,Benchmark - Operaciones Normales 1-4,text,true,,1456,255,5,5,http://localhost:3500/query/empresa_simulada,6,0,0
1783612250345,9,POST get_bancos,200,OK,Benchmark - Operaciones Normales 1-5,text,true,,1344,254,5,5,http://localhost:3500/query/empresa_simulada,9,0,0
1783612250350,5,POST get_bancos,200,OK,Benchmark - Operaciones Normales 1-1,text,true,,1344,254,5,5,http://localhost:3500/query/empresa_simulada,5,0,0
1783612250352,3,POST get_bancos,200,OK,Benchmark - Operaciones Normales 1-3,text,true,,1344,254,5,5,http://localhost:3500/query/empresa_simulada,3,0,0
1783612250354,4,POST get_cuentas_cobrar,200,OK,Benchmark - Operaciones Normales 1-4,text,true,,1981,311,5,5,http://localhost:3500/query/empresa_simulada,4,0,0
1783612250354,6,POST get_monedas,200,OK,Benchmark - Operaciones Normales 1-5,text,true,,1572,255,5,5,http://localhost:3500/query/empresa_simulada,6,0,0
1783612250354,7,POST get_cuentas_cobrar,200,OK,Benchmark - Operaciones Normales 1-2,text,true,,1981,311,5,5,http://localhost:3500/query/empresa_simulada,7,0,0
1783612250359,3,POST get_bancos,200,OK,Benchmark - Operaciones Normales 1-4,text,true,,1344,254,5,5,http://localhost:3500/query/empresa_simulada,3,0,0
1783612250356,8,POST get_monedas,200,OK,Benchmark - Operaciones Normales 1-1,text,true,,1572,255,5,5,http://localhost:3500/query/empresa_simulada,8,0,0
1783612250356,9,POST get_monedas,200,OK,Benchmark - Operaciones Normales 1-3,text,true,,1572,255,5,5,http://localhost:3500/query/empresa_simulada,9,0,0
1783612250363,4,POST get_monedas,200,OK,Benchmark - Operaciones Normales 1-4,text,true,,1572,255,5,5,http://localhost:3500/query/empresa_simulada,4,0,0
1783612250361,9,POST get_empresa,200,OK,Benchmark - Operaciones Normales 1-5,text,true,,1456,255,5,5,http://localhost:3500/query/empresa_simulada,9,0,0
1783612250362,8,POST get_bancos,200,OK,Benchmark - Operaciones Normales 1-2,text,true,,1344,254,5,5,http://localhost:3500/query/empresa_simulada,8,0,0
1783612250366,6,POST get_empresa,200,OK,Benchmark - Operaciones Normales 1-3,text,true,,1456,255,5,5,http://localhost:3500/query/empresa_simulada,6,0,0
1783612250365,7,POST get_empresa,200,OK,Benchmark - Operaciones Normales 1-1,text,true,,1456,255,5,5,http://localhost:3500/query/empresa_simulada,7,0,0
1783612250368,7,POST get_empresa,200,OK,Benchmark - Operaciones Normales 1-4,text,true,,1456,255,5,5,http://localhost:3500/query/empresa_simulada,7,0,0
1783612250370,8,POST get_cuentas_cobrar,200,OK,Benchmark - Operaciones Normales 1-5,text,true,,1981,311,5,5,http://localhost:3500/query/empresa_simulada,8,0,0
1783612250370,10,POST get_monedas,200,OK,Benchmark - Operaciones Normales 1-2,text,true,,1572,255,5,5,http://localhost:3500/query/empresa_simulada,10,0,0
1783612250372,11,POST get_cuentas_cobrar,200,OK,Benchmark - Operaciones Normales 1-3,text,true,,1981,311,5,5,http://localhost:3500/query/empresa_simulada,11,0,0
1783612250372,15,POST get_cuentas_cobrar,200,OK,Benchmark - Operaciones Normales 1-1,text,true,,1981,311,6,6,http://localhost:3500/query/empresa_simulada,15,0,0
1783612250376,13,POST get_cuentas_cobrar,200,OK,Benchmark - Operaciones Normales 1-4,text,true,,1981,311,6,6,http://localhost:3500/query/empresa_simulada,13,0,0
1783612250384,5,POST get_bancos,200,OK,Benchmark - Operaciones Normales 1-3,text,true,,1344,254,6,6,http://localhost:3500/query/empresa_simulada,5,0,0
1783612250379,12,POST get_bancos,200,OK,Benchmark - Operaciones Normales 1-5,text,true,,1344,254,6,6,http://localhost:3500/query/empresa_simulada,12,0,0
1783612250381,11,POST get_empresa,200,OK,Benchmark - Operaciones Normales 1-2,text,true,,1456,255,6,6,http://localhost:3500/query/empresa_simulada,11,0,0
1783612250388,4,POST get_bancos,200,OK,Benchmark - Operaciones Normales 1-1,text,true,,1344,254,6,6,http://localhost:3500/query/empresa_simulada,4,0,0
1783612250386,9,POST get_cuentas_cobrar,200,OK,Benchmark - Operaciones Normales 1-6,text,true,,1981,311,6,6,http://localhost:3500/query/empresa_simulada,9,0,2
1783612250390,6,POST get_bancos,200,OK,Benchmark - Operaciones Normales 1-4,text,true,,1344,254,6,6,http://localhost:3500/query/empresa_simulada,6,0,0
1783612250390,8,POST get_monedas,200,OK,Benchmark - Operaciones Normales 1-3,text,true,,1572,255,6,6,http://localhost:3500/query/empresa_simulada,8,0,0
1783612250391,10,POST get_monedas,200,OK,Benchmark - Operaciones Normales 1-5,text,true,,1572,255,6,6,http://localhost:3500/query/empresa_simulada,10,0,0
1783612250392,12,POST get_cuentas_cobrar,200,OK,Benchmark - Operaciones Normales 1-2,text,true,,1981,311,6,6,http://localhost:3500/query/empresa_simulada,12,0,0
1783612250393,15,POST get_monedas,200,OK,Benchmark - Operaciones Normales 1-1,text,true,,1572,255,6,6,http://localhost:3500/query/empresa_simulada,15,0,0
1783612250401,7,POST get_empresa,200,OK,Benchmark - Operaciones Normales 1-5,text,true,,1456,255,6,6,http://localhost:3500/query/empresa_simulada,7,0,0
1783612250397,12,POST get_monedas,200,OK,Benchmark - Operaciones Normales 1-4,text,true,,1572,255,6,6,http://localhost:3500/query/empresa_simulada,12,0,0
1783612250396,13,POST get_bancos,200,OK,Benchmark - Operaciones Normales 1-6,text,true,,1344,254,6,6,http://localhost:3500/query/empresa_simulada,13,0,0
1783612250399,11,POST get_empresa,200,OK,Benchmark - Operaciones Normales 1-3,text,true,,1456,255,6,6,http://localhost:3500/query/empresa_simulada,11,0,0
1783612250405,5,POST get_bancos,200,OK,Benchmark - Operaciones Normales 1-2,text,true,,1344,254,6,6,http://localhost:3500/query/empresa_simulada,5,0,0
1783612250408,5,POST get_empresa,200,OK,Benchmark - Operaciones Normales 1-1,text,true,,1456,255,6,6,http://localhost:3500/query/empresa_simulada,4,0,0
1783612250408,6,POST get_cuentas_cobrar,200,OK,Benchmark - Operaciones Normales 1-5,text,true,,1981,311,6,6,http://localhost:3500/query/empresa_simulada,6,0,0
1783612250410,5,POST get_empresa,200,OK,Benchmark - Operaciones Normales 1-4,text,true,,1456,255,6,6,http://localhost:3500/query/empresa_simulada,5,0,0
1783612250410,8,POST get_monedas,200,OK,Benchmark - Operaciones Normales 1-6,text,true,,1572,255,6,6,http://localhost:3500/query/empresa_simulada,8,0,0
1783612250411,9,POST get_monedas,200,OK,Benchmark - Operaciones Normales 1-2,text,true,,1572,255,6,6,http://localhost:3500/query/empresa_simulada,9,0,0
1783612250410,11,POST get_cuentas_cobrar,200,OK,Benchmark - Operaciones Normales 1-3,text,true,,1981,311,6,6,http://localhost:3500/query/empresa_simulada,11,0,0
1783612250416,7,POST get_cuentas_cobrar,200,OK,Benchmark - Operaciones Normales 1-4,text,true,,1981,311,6,6,http://localhost:3500/query/empresa_simulada,7,0,0
1783612250418,7,POST get_empresa,200,OK,Benchmark - Operaciones Normales 1-6,text,true,,1456,255,6,6,http://localhost:3500/query/empresa_simulada,7,0,0
1783612250413,14,POST get_cuentas_cobrar,200,OK,Benchmark - Operaciones Normales 1-1,text,true,,1981,311,6,6,http://localhost:3500/query/empresa_simulada,14,0,0
1783612250424,5,POST get_bancos,200,OK,Benchmark - Operaciones Normales 1-4,text,true,,1344,254,6,6,http://localhost:3500/query/empresa_simulada,5,0,0
1783612250414,15,POST get_bancos,200,OK,Benchmark - Operaciones Normales 1-5,text,true,,1344,254,6,6,http://localhost:3500/query/empresa_simulada,15,0,0
1783612250422,9,POST get_bancos,200,OK,Benchmark - Operaciones Normales 1-3,text,true,,1344,254,6,6,http://localhost:3500/query/empresa_simulada,9,0,0
1783612250420,11,POST get_empresa,200,OK,Benchmark - Operaciones Normales 1-2,text,true,,1456,255,6,6,http://localhost:3500/query/empresa_simulada,11,0,0
1783612250426,6,POST get_cuentas_cobrar,200,OK,Benchmark - Operaciones Normales 1-6,text,true,,1981,311,6,6,http://localhost:3500/query/empresa_simulada,6,0,0
1783612250429,5,POST get_monedas,200,OK,Benchmark - Operaciones Normales 1-4,text,true,,1572,255,5,5,http://localhost:3500/query/empresa_simulada,5,0,0
1783612250429,9,POST get_monedas,200,OK,Benchmark - Operaciones Normales 1-5,text,true,,1572,255,5,5,http://localhost:3500/query/empresa_simulada,9,0,0
1783612250428,11,POST get_bancos,200,OK,Benchmark - Operaciones Normales 1-1,text,true,,1344,254,5,5,http://localhost:3500/query/empresa_simulada,11,0,0
1783612250435,5,POST get_empresa,200,OK,Benchmark - Operaciones Normales 1-4,text,true,,1456,255,5,5,http://localhost:3500/query/empresa_simulada,4,0,0
1783612250433,9,POST get_bancos,200,OK,Benchmark - Operaciones Normales 1-6,text,true,,1344,254,5,5,http://localhost:3500/query/empresa_simulada,8,0,0
1783612250431,11,POST get_monedas,200,OK,Benchmark - Operaciones Normales 1-3,text,true,,1572,255,5,5,http://localhost:3500/query/empresa_simulada,11,0,0
1783612250440,3,POST get_cuentas_cobrar,200,OK,Benchmark - Operaciones Normales 1-4,text,true,,1981,311,5,5,http://localhost:3500/query/empresa_simulada,3,0,0
1783612250438,6,POST get_empresa,200,OK,Benchmark - Operaciones Normales 1-5,text,true,,1456,255,5,5,http://localhost:3500/query/empresa_simulada,6,0,0
1783612250439,6,POST get_monedas,200,OK,Benchmark - Operaciones Normales 1-1,text,true,,1572,255,5,5,http://localhost:3500/query/empresa_simulada,6,0,0
1783612250442,5,POST get_monedas,200,OK,Benchmark - Operaciones Normales 1-6,text,true,,1572,255,5,5,http://localhost:3500/query/empresa_simulada,5,0,0
1783612250442,7,POST get_empresa,200,OK,Benchmark - Operaciones Normales 1-3,text,true,,1456,255,5,5,http://localhost:3500/query/empresa_simulada,7,0,0
1783612250444,6,POST get_bancos,200,OK,Benchmark - Operaciones Normales 1-4,text,true,,1344,254,4,4,http://localhost:3500/query/empresa_simulada,6,0,0
1783612250445,7,POST get_cuentas_cobrar,200,OK,Benchmark - Operaciones Normales 1-5,text,true,,1981,311,4,4,http://localhost:3500/query/empresa_simulada,7,0,0
1783612250446,8,POST get_empresa,200,OK,Benchmark - Operaciones Normales 1-1,text,true,,1456,255,4,4,http://localhost:3500/query/empresa_simulada,8,0,0
1783612250451,5,POST get_monedas,200,OK,Benchmark - Operaciones Normales 1-4,text,true,,1572,255,3,3,http://localhost:3500/query/empresa_simulada,5,0,0
1783612250448,9,POST get_empresa,200,OK,Benchmark - Operaciones Normales 1-6,text,true,,1456,255,3,3,http://localhost:3500/query/empresa_simulada,9,0,0
1783612250452,6,POST get_bancos,200,OK,Benchmark - Operaciones Normales 1-5,text,true,,1344,254,3,3,http://localhost:3500/query/empresa_simulada,6,0,0
1783612250456,4,POST get_empresa,200,OK,Benchmark - Operaciones Normales 1-4,text,true,,1456,255,3,3,http://localhost:3500/query/empresa_simulada,4,0,0
1783612250457,7,POST get_cuentas_cobrar,200,OK,Benchmark - Operaciones Normales 1-6,text,true,,1981,311,3,3,http://localhost:3500/query/empresa_simulada,7,0,0
1783612250459,5,POST get_monedas,200,OK,Benchmark - Operaciones Normales 1-5,text,true,,1572,255,3,3,http://localhost:3500/query/empresa_simulada,5,0,0
1783612250461,7,POST get_cuentas_cobrar,200,OK,Benchmark - Operaciones Normales 1-4,text,true,,1981,311,3,3,http://localhost:3500/query/empresa_simulada,7,0,0
1783612250464,5,POST get_bancos,200,OK,Benchmark - Operaciones Normales 1-6,text,true,,1344,254,3,3,http://localhost:3500/query/empresa_simulada,5,0,0
1783612250464,5,POST get_empresa,200,OK,Benchmark - Operaciones Normales 1-5,text,true,,1456,255,3,3,http://localhost:3500/query/empresa_simulada,5,0,0
1783612250468,4,POST get_bancos,200,OK,Benchmark - Operaciones Normales 1-4,text,true,,1344,254,3,3,http://localhost:3500/query/empresa_simulada,4,0,0
1783612250469,5,POST get_monedas,200,OK,Benchmark - Operaciones Normales 1-6,text,true,,1572,255,3,3,http://localhost:3500/query/empresa_simulada,5,0,0
1783612250472,4,POST get_monedas,200,OK,Benchmark - Operaciones Normales 1-4,text,true,,1572,255,3,3,http://localhost:3500/query/empresa_simulada,4,0,0
1783612250469,7,POST get_cuentas_cobrar,200,OK,Benchmark - Operaciones Normales 1-5,text,true,,1981,311,3,3,http://localhost:3500/query/empresa_simulada,7,0,0
1783612250474,4,POST get_empresa,200,OK,Benchmark - Operaciones Normales 1-6,text,true,,1456,255,3,3,http://localhost:3500/query/empresa_simulada,4,0,0
1783612250477,3,POST get_bancos,200,OK,Benchmark - Operaciones Normales 1-5,text,true,,1344,254,3,3,http://localhost:3500/query/empresa_simulada,3,0,0
1783612250477,4,POST get_empresa,200,OK,Benchmark - Operaciones Normales 1-4,text,true,,1456,255,3,3,http://localhost:3500/query/empresa_simulada,4,0,0
1783612250478,4,POST get_cuentas_cobrar,200,OK,Benchmark - Operaciones Normales 1-6,text,true,,1981,311,3,3,http://localhost:3500/query/empresa_simulada,4,0,0
1783612250481,3,POST get_cuentas_cobrar,200,OK,Benchmark - Operaciones Normales 1-4,text,true,,1981,311,3,3,http://localhost:3500/query/empresa_simulada,3,0,0
1783612250481,4,POST get_monedas,200,OK,Benchmark - Operaciones Normales 1-5,text,true,,1572,255,4,4,http://localhost:3500/query/empresa_simulada,4,0,0
1783612250482,6,POST get_bancos,200,OK,Benchmark - Operaciones Normales 1-6,text,true,,1344,254,4,4,http://localhost:3500/query/empresa_simulada,6,0,0
1783612250486,4,POST get_empresa,200,OK,Benchmark - Operaciones Normales 1-5,text,true,,1456,255,4,4,http://localhost:3500/query/empresa_simulada,4,0,0
1783612250485,9,POST get_bancos,200,OK,Benchmark - Operaciones Normales 1-4,text,true,,1344,254,4,4,http://localhost:3500/query/empresa_simulada,9,0,0
1783612250491,6,POST get_cuentas_cobrar,200,OK,Benchmark - Operaciones Normales 1-5,text,true,,1981,311,4,4,http://localhost:3500/query/empresa_simulada,5,0,0
1783612250489,8,POST get_monedas,200,OK,Benchmark - Operaciones Normales 1-6,text,true,,1572,255,4,4,http://localhost:3500/query/empresa_simulada,7,0,0
1783612250485,14,POST get_cuentas_cobrar,200,OK,Benchmark - Operaciones Normales 1-7,text,true,,1981,311,4,4,http://localhost:3500/query/empresa_simulada,14,0,2
1783612250495,5,POST get_monedas,200,OK,Benchmark - Operaciones Normales 1-4,text,true,,1572,255,4,4,http://localhost:3500/query/empresa_simulada,5,0,0
1783612250497,5,POST get_bancos,200,OK,Benchmark - Operaciones Normales 1-5,text,true,,1344,254,4,4,http://localhost:3500/query/empresa_simulada,5,0,0
1783612250497,6,POST get_empresa,200,OK,Benchmark - Operaciones Normales 1-6,text,true,,1456,255,4,4,http://localhost:3500/query/empresa_simulada,6,0,0
1783612250499,6,POST get_bancos,200,OK,Benchmark - Operaciones Normales 1-7,text,true,,1344,254,4,4,http://localhost:3500/query/empresa_simulada,6,0,0
1783612250501,5,POST get_empresa,200,OK,Benchmark - Operaciones Normales 1-4,text,true,,1456,255,4,4,http://localhost:3500/query/empresa_simulada,5,0,0
1783612250503,4,POST get_monedas,200,OK,Benchmark - Operaciones Normales 1-5,text,true,,1572,255,3,3,http://localhost:3500/query/empresa_simulada,4,0,0
1783612250504,6,POST get_cuentas_cobrar,200,OK,Benchmark - Operaciones Normales 1-6,text,true,,1981,311,3,3,http://localhost:3500/query/empresa_simulada,6,0,0
1783612250507,5,POST get_empresa,200,OK,Benchmark - Operaciones Normales 1-5,text,true,,1456,255,3,3,http://localhost:3500/query/empresa_simulada,5,0,0
1783612250506,9,POST get_monedas,200,OK,Benchmark - Operaciones Normales 1-7,text,true,,1572,255,3,3,http://localhost:3500/query/empresa_simulada,9,0,0
1783612250511,5,POST get_bancos,200,OK,Benchmark - Operaciones Normales 1-6,text,true,,1344,254,3,3,http://localhost:3500/query/empresa_simulada,5,0,0
1783612250513,6,POST get_cuentas_cobrar,200,OK,Benchmark - Operaciones Normales 1-5,text,true,,1981,311,3,3,http://localhost:3500/query/empresa_simulada,6,0,0
1783612250515,5,POST get_empresa,200,OK,Benchmark - Operaciones Normales 1-7,text,true,,1456,255,3,3,http://localhost:3500/query/empresa_simulada,5,0,0
1783612250517,3,POST get_monedas,200,OK,Benchmark - Operaciones Normales 1-6,text,true,,1572,255,3,3,http://localhost:3500/query/empresa_simulada,3,0,0
1783612250520,3,POST get_bancos,200,OK,Benchmark - Operaciones Normales 1-5,text,true,,1344,254,3,3,http://localhost:3500/query/empresa_simulada,3,0,0
1783612250521,4,POST get_cuentas_cobrar,200,OK,Benchmark - Operaciones Normales 1-7,text,true,,1981,311,3,3,http://localhost:3500/query/empresa_simulada,4,0,0
1783612250521,6,POST get_empresa,200,OK,Benchmark - Operaciones Normales 1-6,text,true,,1456,255,3,3,http://localhost:3500/query/empresa_simulada,6,0,0
1783612250524,4,POST get_monedas,200,OK,Benchmark - Operaciones Normales 1-5,text,true,,1572,255,3,3,http://localhost:3500/query/empresa_simulada,4,0,0
1783612250525,5,POST get_bancos,200,OK,Benchmark - Operaciones Normales 1-7,text,true,,1344,254,3,3,http://localhost:3500/query/empresa_simulada,5,0,0
1783612250529,3,POST get_empresa,200,OK,Benchmark - Operaciones Normales 1-5,text,true,,1456,255,3,3,http://localhost:3500/query/empresa_simulada,3,0,0
1783612250528,6,POST get_cuentas_cobrar,200,OK,Benchmark - Operaciones Normales 1-6,text,true,,1981,311,3,3,http://localhost:3500/query/empresa_simulada,5,0,0
1783612250531,4,POST get_monedas,200,OK,Benchmark - Operaciones Normales 1-7,text,true,,1572,255,3,3,http://localhost:3500/query/empresa_simulada,4,0,0
1783612250533,4,POST get_cuentas_cobrar,200,OK,Benchmark - Operaciones Normales 1-5,text,true,,1981,311,3,3,http://localhost:3500/query/empresa_simulada,4,0,0
1783612250534,6,POST get_bancos,200,OK,Benchmark - Operaciones Normales 1-6,text,true,,1344,254,3,3,http://localhost:3500/query/empresa_simulada,6,0,0
1783612250535,7,POST get_empresa,200,OK,Benchmark - Operaciones Normales 1-7,text,true,,1456,255,3,3,http://localhost:3500/query/empresa_simulada,7,0,0
1783612250538,5,POST get_bancos,200,OK,Benchmark - Operaciones Normales 1-5,text,true,,1344,254,3,3,http://localhost:3500/query/empresa_simulada,5,0,0
1783612250540,4,POST get_monedas,200,OK,Benchmark - Operaciones Normales 1-6,text,true,,1572,255,3,3,http://localhost:3500/query/empresa_simulada,4,0,0
1783612250542,6,POST get_cuentas_cobrar,200,OK,Benchmark - Operaciones Normales 1-7,text,true,,1981,311,3,3,http://localhost:3500/query/empresa_simulada,6,0,0
1783612250544,4,POST get_monedas,200,OK,Benchmark - Operaciones Normales 1-5,text,true,,1572,255,3,3,http://localhost:3500/query/empresa_simulada,4,0,0
1783612250545,7,POST get_empresa,200,OK,Benchmark - Operaciones Normales 1-6,text,true,,1456,255,3,3,http://localhost:3500/query/empresa_simulada,7,0,0
1783612250549,5,POST get_empresa,200,OK,Benchmark - Operaciones Normales 1-5,text,true,,1456,255,3,3,http://localhost:3500/query/empresa_simulada,5,0,0
1783612250549,7,POST get_bancos,200,OK,Benchmark - Operaciones Normales 1-7,text,true,,1344,254,3,3,http://localhost:3500/query/empresa_simulada,7,0,0
1783612250552,6,POST get_cuentas_cobrar,200,OK,Benchmark - Operaciones Normales 1-6,text,true,,1981,311,3,3,http://localhost:3500/query/empresa_simulada,6,0,0
1783612250555,5,POST get_cuentas_cobrar,200,OK,Benchmark - Operaciones Normales 1-5,text,true,,1981,311,3,3,http://localhost:3500/query/empresa_simulada,4,0,0
1783612250556,5,POST get_monedas,200,OK,Benchmark - Operaciones Normales 1-7,text,true,,1572,255,3,3,http://localhost:3500/query/empresa_simulada,5,0,0
1783612250559,4,POST get_bancos,200,OK,Benchmark - Operaciones Normales 1-6,text,true,,1344,254,3,3,http://localhost:3500/query/empresa_simulada,4,0,0
1783612250560,4,POST get_bancos,200,OK,Benchmark - Operaciones Normales 1-5,text,true,,1344,254,3,3,http://localhost:3500/query/empresa_simulada,4,0,0
1783612250561,4,POST get_empresa,200,OK,Benchmark - Operaciones Normales 1-7,text,true,,1456,255,3,3,http://localhost:3500/query/empresa_simulada,4,0,0
1783612250563,3,POST get_monedas,200,OK,Benchmark - Operaciones Normales 1-6,text,true,,1572,255,3,3,http://localhost:3500/query/empresa_simulada,3,0,0
1783612250565,3,POST get_monedas,200,OK,Benchmark - Operaciones Normales 1-5,text,true,,1572,255,3,3,http://localhost:3500/query/empresa_simulada,3,0,0
1783612250565,5,POST get_cuentas_cobrar,200,OK,Benchmark - Operaciones Normales 1-7,text,true,,1981,311,3,3,http://localhost:3500/query/empresa_simulada,5,0,0
1783612250567,5,POST get_empresa,200,OK,Benchmark - Operaciones Normales 1-6,text,true,,1456,255,3,3,http://localhost:3500/query/empresa_simulada,5,0,0
1783612250568,8,POST get_empresa,200,OK,Benchmark - Operaciones Normales 1-5,text,true,,1456,255,3,3,http://localhost:3500/query/empresa_simulada,8,0,0
1783612250573,5,POST get_cuentas_cobrar,200,OK,Benchmark - Operaciones Normales 1-6,text,true,,1981,311,2,2,http://localhost:3500/query/empresa_simulada,5,0,0
1783612250571,9,POST get_bancos,200,OK,Benchmark - Operaciones Normales 1-7,text,true,,1344,254,2,2,http://localhost:3500/query/empresa_simulada,9,0,0
1783612250579,5,POST get_bancos,200,OK,Benchmark - Operaciones Normales 1-6,text,true,,1344,254,2,2,http://localhost:3500/query/empresa_simulada,5,0,0
1783612250581,4,POST get_monedas,200,OK,Benchmark - Operaciones Normales 1-7,text,true,,1572,255,3,3,http://localhost:3500/query/empresa_simulada,4,0,0
1783612250584,4,POST get_monedas,200,OK,Benchmark - Operaciones Normales 1-6,text,true,,1572,255,3,3,http://localhost:3500/query/empresa_simulada,4,0,0
1783612250585,4,POST get_empresa,200,OK,Benchmark - Operaciones Normales 1-7,text,true,,1456,255,3,3,http://localhost:3500/query/empresa_simulada,4,0,0
1783612250588,4,POST get_empresa,200,OK,Benchmark - Operaciones Normales 1-6,text,true,,1456,255,3,3,http://localhost:3500/query/empresa_simulada,4,0,0
1783612250586,8,POST get_cuentas_cobrar,200,OK,Benchmark - Operaciones Normales 1-8,text,true,,1981,311,3,3,http://localhost:3500/query/empresa_simulada,8,0,1
1783612250590,5,POST get_cuentas_cobrar,200,OK,Benchmark - Operaciones Normales 1-7,text,true,,1981,311,3,3,http://localhost:3500/query/empresa_simulada,5,0,0
1783612250593,7,POST get_cuentas_cobrar,200,OK,Benchmark - Operaciones Normales 1-6,text,true,,1981,311,3,3,http://localhost:3500/query/empresa_simulada,7,0,0
1783612250595,6,POST get_bancos,200,OK,Benchmark - Operaciones Normales 1-8,text,true,,1344,254,3,3,http://localhost:3500/query/empresa_simulada,6,0,0
1783612250596,8,POST get_bancos,200,OK,Benchmark - Operaciones Normales 1-7,text,true,,1344,254,3,3,http://localhost:3500/query/empresa_simulada,8,0,0
1783612250602,8,POST get_monedas,200,OK,Benchmark - Operaciones Normales 1-8,text,true,,1572,255,3,3,http://localhost:3500/query/empresa_simulada,8,0,0
1783612250600,15,POST get_bancos,200,OK,Benchmark - Operaciones Normales 1-6,text,true,,1344,254,3,3,http://localhost:3500/query/empresa_simulada,15,0,0
1783612250605,17,POST get_monedas,200,OK,Benchmark - Operaciones Normales 1-7,text,true,,1572,255,3,3,http://localhost:3500/query/empresa_simulada,17,0,0
1783612250611,15,POST get_empresa,200,OK,Benchmark - Operaciones Normales 1-8,text,true,,1456,255,3,3,http://localhost:3500/query/empresa_simulada,15,0,0
1783612250616,10,POST get_monedas,200,OK,Benchmark - Operaciones Normales 1-6,text,true,,1572,255,3,3,http://localhost:3500/query/empresa_simulada,10,0,0
1783612250622,7,POST get_empresa,200,OK,Benchmark - Operaciones Normales 1-7,text,true,,1456,255,3,3,http://localhost:3500/query/empresa_simulada,7,0,0
1783612250627,5,POST get_empresa,200,OK,Benchmark - Operaciones Normales 1-6,text,true,,1456,255,3,3,http://localhost:3500/query/empresa_simulada,5,0,0
1783612250627,5,POST get_cuentas_cobrar,200,OK,Benchmark - Operaciones Normales 1-8,text,true,,1981,311,3,3,http://localhost:3500/query/empresa_simulada,5,0,0
1783612250630,4,POST get_cuentas_cobrar,200,OK,Benchmark - Operaciones Normales 1-7,text,true,,1981,311,3,3,http://localhost:3500/query/empresa_simulada,4,0,0
1783612250632,3,POST get_cuentas_cobrar,200,OK,Benchmark - Operaciones Normales 1-6,text,true,,1981,311,3,3,http://localhost:3500/query/empresa_simulada,3,0,0
1783612250632,5,POST get_bancos,200,OK,Benchmark - Operaciones Normales 1-8,text,true,,1344,254,3,3,http://localhost:3500/query/empresa_simulada,5,0,0
1783612250634,5,POST get_bancos,200,OK,Benchmark - Operaciones Normales 1-7,text,true,,1344,254,3,3,http://localhost:3500/query/empresa_simulada,5,0,0
1783612250636,5,POST get_bancos,200,OK,Benchmark - Operaciones Normales 1-6,text,true,,1344,254,3,3,http://localhost:3500/query/empresa_simulada,5,0,0
1783612250638,8,POST get_monedas,200,OK,Benchmark - Operaciones Normales 1-8,text,true,,1572,255,3,3,http://localhost:3500/query/empresa_simulada,8,0,0
1783612250640,6,POST get_monedas,200,OK,Benchmark - Operaciones Normales 1-7,text,true,,1572,255,3,3,http://localhost:3500/query/empresa_simulada,6,0,0
1783612250642,6,POST get_monedas,200,OK,Benchmark - Operaciones Normales 1-6,text,true,,1572,255,3,3,http://localhost:3500/query/empresa_simulada,6,0,0
1783612250647,4,POST get_empresa,200,OK,Benchmark - Operaciones Normales 1-8,text,true,,1456,255,3,3,http://localhost:3500/query/empresa_simulada,4,0,0
1783612250647,5,POST get_empresa,200,OK,Benchmark - Operaciones Normales 1-7,text,true,,1456,255,3,3,http://localhost:3500/query/empresa_simulada,5,0,0
1783612250649,4,POST get_empresa,200,OK,Benchmark - Operaciones Normales 1-6,text,true,,1456,255,3,3,http://localhost:3500/query/empresa_simulada,4,0,0
1783612250651,5,POST get_cuentas_cobrar,200,OK,Benchmark - Operaciones Normales 1-8,text,true,,1981,311,2,2,http://localhost:3500/query/empresa_simulada,5,0,0
1783612250657,7,POST get_bancos,200,OK,Benchmark - Operaciones Normales 1-8,text,true,,1344,254,2,2,http://localhost:3500/query/empresa_simulada,7,0,0
1783612250652,12,POST get_cuentas_cobrar,200,OK,Benchmark - Operaciones Normales 1-7,text,true,,1981,311,2,2,http://localhost:3500/query/empresa_simulada,12,0,0
1783612250665,4,POST get_monedas,200,OK,Benchmark - Operaciones Normales 1-8,text,true,,1572,255,2,2,http://localhost:3500/query/empresa_simulada,4,0,0
1783612250665,7,POST get_bancos,200,OK,Benchmark - Operaciones Normales 1-7,text,true,,1344,254,2,2,http://localhost:3500/query/empresa_simulada,7,0,0
1783612250670,4,POST get_empresa,200,OK,Benchmark - Operaciones Normales 1-8,text,true,,1456,255,2,2,http://localhost:3500/query/empresa_simulada,4,0,0
1783612250673,5,POST get_monedas,200,OK,Benchmark - Operaciones Normales 1-7,text,true,,1572,255,2,2,http://localhost:3500/query/empresa_simulada,5,0,0
1783612250675,5,POST get_cuentas_cobrar,200,OK,Benchmark - Operaciones Normales 1-8,text,true,,1981,311,2,2,http://localhost:3500/query/empresa_simulada,5,0,0
1783612250678,3,POST get_empresa,200,OK,Benchmark - Operaciones Normales 1-7,text,true,,1456,255,2,2,http://localhost:3500/query/empresa_simulada,3,0,0
1783612250680,4,POST get_bancos,200,OK,Benchmark - Operaciones Normales 1-8,text,true,,1344,254,2,2,http://localhost:3500/query/empresa_simulada,4,0,0
1783612250682,3,POST get_cuentas_cobrar,200,OK,Benchmark - Operaciones Normales 1-7,text,true,,1981,311,3,3,http://localhost:3500/query/empresa_simulada,3,0,0
1783612250684,4,POST get_monedas,200,OK,Benchmark - Operaciones Normales 1-8,text,true,,1572,255,3,3,http://localhost:3500/query/empresa_simulada,4,0,0
1783612250685,5,POST get_bancos,200,OK,Benchmark - Operaciones Normales 1-7,text,true,,1344,254,3,3,http://localhost:3500/query/empresa_simulada,5,0,0
1783612250688,6,POST get_empresa,200,OK,Benchmark - Operaciones Normales 1-8,text,true,,1456,255,3,3,http://localhost:3500/query/empresa_simulada,6,0,0
1783612250686,10,POST get_cuentas_cobrar,200,OK,Benchmark - Operaciones Normales 1-9,text,true,,1981,311,3,3,http://localhost:3500/query/empresa_simulada,10,0,2
1783612250691,7,POST get_monedas,200,OK,Benchmark - Operaciones Normales 1-7,text,true,,1572,255,3,3,http://localhost:3500/query/empresa_simulada,7,0,0
1783612250694,4,POST get_cuentas_cobrar,200,OK,Benchmark - Operaciones Normales 1-8,text,true,,1981,311,3,3,http://localhost:3500/query/empresa_simulada,4,0,0
1783612250696,4,POST get_bancos,200,OK,Benchmark - Operaciones Normales 1-9,text,true,,1344,254,3,3,http://localhost:3500/query/empresa_simulada,4,0,0
1783612250698,3,POST get_empresa,200,OK,Benchmark - Operaciones Normales 1-7,text,true,,1456,255,3,3,http://localhost:3500/query/empresa_simulada,3,0,0
1783612250698,5,POST get_bancos,200,OK,Benchmark - Operaciones Normales 1-8,text,true,,1344,254,3,3,http://localhost:3500/query/empresa_simulada,4,0,0
1783612250700,3,POST get_monedas,200,OK,Benchmark - Operaciones Normales 1-9,text,true,,1572,255,3,3,http://localhost:3500/query/empresa_simulada,3,0,0
1783612250702,4,POST get_cuentas_cobrar,200,OK,Benchmark - Operaciones Normales 1-7,text,true,,1981,311,3,3,http://localhost:3500/query/empresa_simulada,4,0,0
1783612250703,4,POST get_monedas,200,OK,Benchmark - Operaciones Normales 1-8,text,true,,1572,255,3,3,http://localhost:3500/query/empresa_simulada,4,0,0
1783612250704,7,POST get_empresa,200,OK,Benchmark - Operaciones Normales 1-9,text,true,,1456,255,3,3,http://localhost:3500/query/empresa_simulada,7,0,0
1783612250708,4,POST get_empresa,200,OK,Benchmark - Operaciones Normales 1-8,text,true,,1456,255,3,3,http://localhost:3500/query/empresa_simulada,4,0,0
1783612250706,8,POST get_bancos,200,OK,Benchmark - Operaciones Normales 1-7,text,true,,1344,254,3,3,http://localhost:3500/query/empresa_simulada,8,0,0
1783612250711,5,POST get_cuentas_cobrar,200,OK,Benchmark - Operaciones Normales 1-9,text,true,,1981,311,3,3,http://localhost:3500/query/empresa_simulada,5,0,0
1783612250713,6,POST get_cuentas_cobrar,200,OK,Benchmark - Operaciones Normales 1-8,text,true,,1981,311,3,3,http://localhost:3500/query/empresa_simulada,6,0,0
1783612250715,7,POST get_monedas,200,OK,Benchmark - Operaciones Normales 1-7,text,true,,1572,255,3,3,http://localhost:3500/query/empresa_simulada,7,0,0
1783612250718,5,POST get_bancos,200,OK,Benchmark - Operaciones Normales 1-9,text,true,,1344,254,3,3,http://localhost:3500/query/empresa_simulada,5,0,0
1783612250720,4,POST get_bancos,200,OK,Benchmark - Operaciones Normales 1-8,text,true,,1344,254,3,3,http://localhost:3500/query/empresa_simulada,4,0,0
1783612250722,4,POST get_empresa,200,OK,Benchmark - Operaciones Normales 1-7,text,true,,1456,255,3,3,http://localhost:3500/query/empresa_simulada,4,0,0
1783612250723,4,POST get_monedas,200,OK,Benchmark - Operaciones Normales 1-9,text,true,,1572,255,3,3,http://localhost:3500/query/empresa_simulada,4,0,0
1783612250725,4,POST get_monedas,200,OK,Benchmark - Operaciones Normales 1-8,text,true,,1572,255,3,3,http://localhost:3500/query/empresa_simulada,4,0,0
1783612250727,3,POST get_cuentas_cobrar,200,OK,Benchmark - Operaciones Normales 1-7,text,true,,1981,311,3,3,http://localhost:3500/query/empresa_simulada,3,0,0
1783612250728,3,POST get_empresa,200,OK,Benchmark - Operaciones Normales 1-9,text,true,,1456,255,3,3,http://localhost:3500/query/empresa_simulada,3,0,0
1783612250730,3,POST get_empresa,200,OK,Benchmark - Operaciones Normales 1-8,text,true,,1456,255,3,3,http://localhost:3500/query/empresa_simulada,3,0,0
1783612250731,3,POST get_bancos,200,OK,Benchmark - Operaciones Normales 1-7,text,true,,1344,254,3,3,http://localhost:3500/query/empresa_simulada,3,0,0
1783612250734,3,POST get_monedas,200,OK,Benchmark - Operaciones Normales 1-7,text,true,,1572,255,3,3,http://localhost:3500/query/empresa_simulada,3,0,0
1783612250731,7,POST get_cuentas_cobrar,200,OK,Benchmark - Operaciones Normales 1-9,text,true,,1981,311,3,3,http://localhost:3500/query/empresa_simulada,7,0,0
1783612250733,6,POST get_cuentas_cobrar,200,OK,Benchmark - Operaciones Normales 1-8,text,true,,1981,311,3,3,http://localhost:3500/query/empresa_simulada,6,0,0
1783612250738,3,POST get_empresa,200,OK,Benchmark - Operaciones Normales 1-7,text,true,,1456,255,3,3,http://localhost:3500/query/empresa_simulada,3,0,0
1783612250738,4,POST get_bancos,200,OK,Benchmark - Operaciones Normales 1-9,text,true,,1344,254,2,2,http://localhost:3500/query/empresa_simulada,4,0,0
1783612250740,4,POST get_bancos,200,OK,Benchmark - Operaciones Normales 1-8,text,true,,1344,254,2,2,http://localhost:3500/query/empresa_simulada,4,0,0
1783612250742,5,POST get_monedas,200,OK,Benchmark - Operaciones Normales 1-9,text,true,,1572,255,2,2,http://localhost:3500/query/empresa_simulada,5,0,0
1783612250745,5,POST get_monedas,200,OK,Benchmark - Operaciones Normales 1-8,text,true,,1572,255,2,2,http://localhost:3500/query/empresa_simulada,5,0,0
1783612250748,4,POST get_empresa,200,OK,Benchmark - Operaciones Normales 1-9,text,true,,1456,255,2,2,http://localhost:3500/query/empresa_simulada,4,0,0
1783612250750,2,POST get_empresa,200,OK,Benchmark - Operaciones Normales 1-8,text,true,,1456,255,2,2,http://localhost:3500/query/empresa_simulada,2,0,0
1783612250752,3,POST get_cuentas_cobrar,200,OK,Benchmark - Operaciones Normales 1-9,text,true,,1981,311,2,2,http://localhost:3500/query/empresa_simulada,3,0,0
1783612250753,3,POST get_cuentas_cobrar,200,OK,Benchmark - Operaciones Normales 1-8,text,true,,1981,311,2,2,http://localhost:3500/query/empresa_simulada,2,0,0
1783612250756,3,POST get_bancos,200,OK,Benchmark - Operaciones Normales 1-8,text,true,,1344,254,2,2,http://localhost:3500/query/empresa_simulada,3,0,0
1783612250756,4,POST get_bancos,200,OK,Benchmark - Operaciones Normales 1-9,text,true,,1344,254,2,2,http://localhost:3500/query/empresa_simulada,4,0,0
1783612250759,3,POST get_monedas,200,OK,Benchmark - Operaciones Normales 1-8,text,true,,1572,255,2,2,http://localhost:3500/query/empresa_simulada,3,0,0
1783612250761,3,POST get_monedas,200,OK,Benchmark - Operaciones Normales 1-9,text,true,,1572,255,2,2,http://localhost:3500/query/empresa_simulada,3,0,0
1783612250763,3,POST get_empresa,200,OK,Benchmark - Operaciones Normales 1-8,text,true,,1456,255,2,2,http://localhost:3500/query/empresa_simulada,2,0,0
1783612250764,3,POST get_empresa,200,OK,Benchmark - Operaciones Normales 1-9,text,true,,1456,255,2,2,http://localhost:3500/query/empresa_simulada,3,0,0
1783612250766,4,POST get_cuentas_cobrar,200,OK,Benchmark - Operaciones Normales 1-8,text,true,,1981,311,2,2,http://localhost:3500/query/empresa_simulada,4,0,0
1783612250768,3,POST get_cuentas_cobrar,200,OK,Benchmark - Operaciones Normales 1-9,text,true,,1981,311,2,2,http://localhost:3500/query/empresa_simulada,3,0,0
1783612250770,3,POST get_bancos,200,OK,Benchmark - Operaciones Normales 1-8,text,true,,1344,254,2,2,http://localhost:3500/query/empresa_simulada,3,0,0
1783612250771,4,POST get_bancos,200,OK,Benchmark - Operaciones Normales 1-9,text,true,,1344,254,2,2,http://localhost:3500/query/empresa_simulada,4,0,0
1783612250774,3,POST get_monedas,200,OK,Benchmark - Operaciones Normales 1-8,text,true,,1572,255,2,2,http://localhost:3500/query/empresa_simulada,3,0,0
1783612250776,3,POST get_monedas,200,OK,Benchmark - Operaciones Normales 1-9,text,true,,1572,255,2,2,http://localhost:3500/query/empresa_simulada,3,0,0
1783612250777,4,POST get_empresa,200,OK,Benchmark - Operaciones Normales 1-8,text,true,,1456,255,2,2,http://localhost:3500/query/empresa_simulada,4,0,0
1783612250779,3,POST get_empresa,200,OK,Benchmark - Operaciones Normales 1-9,text,true,,1456,255,2,2,http://localhost:3500/query/empresa_simulada,3,0,0
1783612250781,3,POST get_cuentas_cobrar,200,OK,Benchmark - Operaciones Normales 1-8,text,true,,1981,311,2,2,http://localhost:3500/query/empresa_simulada,3,0,0
1783612250783,3,POST get_cuentas_cobrar,200,OK,Benchmark - Operaciones Normales 1-9,text,true,,1981,311,3,3,http://localhost:3500/query/empresa_simulada,3,0,0
1783612250784,4,POST get_bancos,200,OK,Benchmark - Operaciones Normales 1-8,text,true,,1344,254,3,3,http://localhost:3500/query/empresa_simulada,4,0,0
1783612250786,4,POST get_bancos,200,OK,Benchmark - Operaciones Normales 1-9,text,true,,1344,254,3,3,http://localhost:3500/query/empresa_simulada,4,0,0
1783612250789,2,POST get_monedas,200,OK,Benchmark - Operaciones Normales 1-8,text,true,,1572,255,3,3,http://localhost:3500/query/empresa_simulada,2,0,0
1783612250786,7,POST get_cuentas_cobrar,200,OK,Benchmark - Operaciones Normales 1-10,text,true,,1981,311,3,3,http://localhost:3500/query/empresa_simulada,7,0,1
1783612250790,4,POST get_monedas,200,OK,Benchmark - Operaciones Normales 1-9,text,true,,1572,255,3,3,http://localhost:3500/query/empresa_simulada,4,0,0
1783612250792,4,POST get_empresa,200,OK,Benchmark - Operaciones Normales 1-8,text,true,,1456,255,3,3,http://localhost:3500/query/empresa_simulada,4,0,0
1783612250794,4,POST get_bancos,200,OK,Benchmark - Operaciones Normales 1-10,text,true,,1344,254,2,2,http://localhost:3500/query/empresa_simulada,4,0,0
1783612250794,5,POST get_empresa,200,OK,Benchmark - Operaciones Normales 1-9,text,true,,1456,255,2,2,http://localhost:3500/query/empresa_simulada,5,0,0
1783612250798,4,POST get_monedas,200,OK,Benchmark - Operaciones Normales 1-10,text,true,,1572,255,2,2,http://localhost:3500/query/empresa_simulada,4,0,0
1783612250799,4,POST get_cuentas_cobrar,200,OK,Benchmark - Operaciones Normales 1-9,text,true,,1981,311,2,2,http://localhost:3500/query/empresa_simulada,4,0,0
1783612250803,3,POST get_empresa,200,OK,Benchmark - Operaciones Normales 1-10,text,true,,1456,255,2,2,http://localhost:3500/query/empresa_simulada,2,0,0
1783612250804,3,POST get_bancos,200,OK,Benchmark - Operaciones Normales 1-9,text,true,,1344,254,2,2,http://localhost:3500/query/empresa_simulada,3,0,0
1783612250806,3,POST get_cuentas_cobrar,200,OK,Benchmark - Operaciones Normales 1-10,text,true,,1981,311,2,2,http://localhost:3500/query/empresa_simulada,3,0,0
1783612250808,3,POST get_monedas,200,OK,Benchmark - Operaciones Normales 1-9,text,true,,1572,255,2,2,http://localhost:3500/query/empresa_simulada,3,0,0
1783612250810,3,POST get_bancos,200,OK,Benchmark - Operaciones Normales 1-10,text,true,,1344,254,2,2,http://localhost:3500/query/empresa_simulada,3,0,0
1783612250811,3,POST get_empresa,200,OK,Benchmark - Operaciones Normales 1-9,text,true,,1456,255,2,2,http://localhost:3500/query/empresa_simulada,3,0,0
1783612250813,3,POST get_monedas,200,OK,Benchmark - Operaciones Normales 1-10,text,true,,1572,255,2,2,http://localhost:3500/query/empresa_simulada,3,0,0
1783612250814,3,POST get_cuentas_cobrar,200,OK,Benchmark - Operaciones Normales 1-9,text,true,,1981,311,2,2,http://localhost:3500/query/empresa_simulada,3,0,0
1783612250816,3,POST get_empresa,200,OK,Benchmark - Operaciones Normales 1-10,text,true,,1456,255,2,2,http://localhost:3500/query/empresa_simulada,3,0,0
1783612250817,5,POST get_bancos,200,OK,Benchmark - Operaciones Normales 1-9,text,true,,1344,254,2,2,http://localhost:3500/query/empresa_simulada,5,0,0
1783612250820,6,POST get_cuentas_cobrar,200,OK,Benchmark - Operaciones Normales 1-10,text,true,,1981,311,2,2,http://localhost:3500/query/empresa_simulada,6,0,0
1783612250823,4,POST get_monedas,200,OK,Benchmark - Operaciones Normales 1-9,text,true,,1572,255,2,2,http://localhost:3500/query/empresa_simulada,4,0,0
1783612250826,3,POST get_bancos,200,OK,Benchmark - Operaciones Normales 1-10,text,true,,1344,254,2,2,http://localhost:3500/query/empresa_simulada,3,0,0
1783612250827,3,POST get_empresa,200,OK,Benchmark - Operaciones Normales 1-9,text,true,,1456,255,2,2,http://localhost:3500/query/empresa_simulada,3,0,0
1783612250829,3,POST get_monedas,200,OK,Benchmark - Operaciones Normales 1-10,text,true,,1572,255,2,2,http://localhost:3500/query/empresa_simulada,3,0,0
1783612250830,3,POST get_cuentas_cobrar,200,OK,Benchmark - Operaciones Normales 1-9,text,true,,1981,311,2,2,http://localhost:3500/query/empresa_simulada,3,0,0
1783612250833,2,POST get_empresa,200,OK,Benchmark - Operaciones Normales 1-10,text,true,,1456,255,2,2,http://localhost:3500/query/empresa_simulada,2,0,0
1783612250834,2,POST get_bancos,200,OK,Benchmark - Operaciones Normales 1-9,text,true,,1344,254,2,2,http://localhost:3500/query/empresa_simulada,2,0,0
1783612250836,2,POST get_cuentas_cobrar,200,OK,Benchmark - Operaciones Normales 1-10,text,true,,1981,311,2,2,http://localhost:3500/query/empresa_simulada,2,0,0
1783612250836,3,POST get_monedas,200,OK,Benchmark - Operaciones Normales 1-9,text,true,,1572,255,2,2,http://localhost:3500/query/empresa_simulada,3,0,0
1783612250839,4,POST get_bancos,200,OK,Benchmark - Operaciones Normales 1-10,text,true,,1344,254,2,2,http://localhost:3500/query/empresa_simulada,4,0,0
1783612250840,4,POST get_empresa,200,OK,Benchmark - Operaciones Normales 1-9,text,true,,1456,255,2,2,http://localhost:3500/query/empresa_simulada,4,0,0
1783612250843,3,POST get_monedas,200,OK,Benchmark - Operaciones Normales 1-10,text,true,,1572,255,2,2,http://localhost:3500/query/empresa_simulada,3,0,0
1783612250844,3,POST get_cuentas_cobrar,200,OK,Benchmark - Operaciones Normales 1-9,text,true,,1981,311,2,2,http://localhost:3500/query/empresa_simulada,3,0,0
1783612250847,2,POST get_empresa,200,OK,Benchmark - Operaciones Normales 1-10,text,true,,1456,255,2,2,http://localhost:3500/query/empresa_simulada,2,0,0
1783612250847,3,POST get_bancos,200,OK,Benchmark - Operaciones Normales 1-9,text,true,,1344,254,2,2,http://localhost:3500/query/empresa_simulada,3,0,0
1783612250850,3,POST get_cuentas_cobrar,200,OK,Benchmark - Operaciones Normales 1-10,text,true,,1981,311,2,2,http://localhost:3500/query/empresa_simulada,3,0,0
1783612250851,3,POST get_monedas,200,OK,Benchmark - Operaciones Normales 1-9,text,true,,1572,255,2,2,http://localhost:3500/query/empresa_simulada,3,0,0
1783612250853,4,POST get_bancos,200,OK,Benchmark - Operaciones Normales 1-10,text,true,,1344,254,2,2,http://localhost:3500/query/empresa_simulada,4,0,0
1783612250854,5,POST get_empresa,200,OK,Benchmark - Operaciones Normales 1-9,text,true,,1456,255,2,2,http://localhost:3500/query/empresa_simulada,5,0,0
1783612250858,2,POST get_monedas,200,OK,Benchmark - Operaciones Normales 1-10,text,true,,1572,255,1,1,http://localhost:3500/query/empresa_simulada,2,0,0
1783612250861,2,POST get_empresa,200,OK,Benchmark - Operaciones Normales 1-10,text,true,,1456,255,1,1,http://localhost:3500/query/empresa_simulada,2,0,0
1783612250863,3,POST get_cuentas_cobrar,200,OK,Benchmark - Operaciones Normales 1-10,text,true,,1981,311,1,1,http://localhost:3500/query/empresa_simulada,3,0,0
1783612250866,2,POST get_bancos,200,OK,Benchmark - Operaciones Normales 1-10,text,true,,1344,254,1,1,http://localhost:3500/query/empresa_simulada,2,0,0
1783612250868,3,POST get_monedas,200,OK,Benchmark - Operaciones Normales 1-10,text,true,,1572,255,1,1,http://localhost:3500/query/empresa_simulada,3,0,0
1783612250871,3,POST get_empresa,200,OK,Benchmark - Operaciones Normales 1-10,text,true,,1456,255,1,1,http://localhost:3500/query/empresa_simulada,3,0,0
1783612250874,4,POST get_cuentas_cobrar,200,OK,Benchmark - Operaciones Normales 1-10,text,true,,1981,311,1,1,http://localhost:3500/query/empresa_simulada,4,0,0
1783612250878,3,POST get_bancos,200,OK,Benchmark - Operaciones Normales 1-10,text,true,,1344,254,1,1,http://localhost:3500/query/empresa_simulada,3,0,0
1783612250882,2,POST get_monedas,200,OK,Benchmark - Operaciones Normales 1-10,text,true,,1572,255,2,2,http://localhost:3500/query/empresa_simulada,2,0,0
1783612250885,3,POST get_empresa,200,OK,Benchmark - Operaciones Normales 1-10,text,true,,1456,255,2,2,http://localhost:3500/query/empresa_simulada,3,0,0
1783612250884,5,POST get_cuentas_cobrar,200,OK,Benchmark - Operaciones Normales 1-11,text,true,,1981,311,2,2,http://localhost:3500/query/empresa_simulada,5,0,2
1783612250889,5,POST get_bancos,200,OK,Benchmark - Operaciones Normales 1-11,text,true,,1344,254,2,2,http://localhost:3500/query/empresa_simulada,5,0,0
1783612250889,7,POST get_cuentas_cobrar,200,OK,Benchmark - Operaciones Normales 1-10,text,true,,1981,311,2,2,http://localhost:3500/query/empresa_simulada,7,0,0
1783612250895,3,POST get_monedas,200,OK,Benchmark - Operaciones Normales 1-11,text,true,,1572,255,2,2,http://localhost:3500/query/empresa_simulada,3,0,0
1783612250896,4,POST get_bancos,200,OK,Benchmark - Operaciones Normales 1-10,text,true,,1344,254,2,2,http://localhost:3500/query/empresa_simulada,4,0,0
1783612250898,3,POST get_empresa,200,OK,Benchmark - Operaciones Normales 1-11,text,true,,1456,255,2,2,http://localhost:3500/query/empresa_simulada,3,0,0
1783612250900,5,POST get_monedas,200,OK,Benchmark - Operaciones Normales 1-10,text,true,,1572,255,2,2,http://localhost:3500/query/empresa_simulada,5,0,0
1783612250902,4,POST get_cuentas_cobrar,200,OK,Benchmark - Operaciones Normales 1-11,text,true,,1981,311,2,2,http://localhost:3500/query/empresa_simulada,4,0,0
1783612250906,3,POST get_bancos,200,OK,Benchmark - Operaciones Normales 1-11,text,true,,1344,254,2,2,http://localhost:3500/query/empresa_simulada,3,0,0
1783612250905,5,POST get_empresa,200,OK,Benchmark - Operaciones Normales 1-10,text,true,,1456,255,2,2,http://localhost:3500/query/empresa_simulada,4,0,0
1783612250910,3,POST get_cuentas_cobrar,200,OK,Benchmark - Operaciones Normales 1-10,text,true,,1981,311,2,2,http://localhost:3500/query/empresa_simulada,3,0,0
1783612250910,4,POST get_monedas,200,OK,Benchmark - Operaciones Normales 1-11,text,true,,1572,255,2,2,http://localhost:3500/query/empresa_simulada,4,0,0
1783612250913,4,POST get_bancos,200,OK,Benchmark - Operaciones Normales 1-10,text,true,,1344,254,2,2,http://localhost:3500/query/empresa_simulada,4,0,0
1783612250914,7,POST get_empresa,200,OK,Benchmark - Operaciones Normales 1-11,text,true,,1456,255,2,2,http://localhost:3500/query/empresa_simulada,7,0,0
1783612250917,4,POST get_monedas,200,OK,Benchmark - Operaciones Normales 1-10,text,true,,1572,255,2,2,http://localhost:3500/query/empresa_simulada,4,0,0
1783612250921,4,POST get_cuentas_cobrar,200,OK,Benchmark - Operaciones Normales 1-11,text,true,,1981,311,2,2,http://localhost:3500/query/empresa_simulada,4,0,0
1783612250922,3,POST get_empresa,200,OK,Benchmark - Operaciones Normales 1-10,text,true,,1456,255,2,2,http://localhost:3500/query/empresa_simulada,3,0,0
1783612250925,3,POST get_bancos,200,OK,Benchmark - Operaciones Normales 1-11,text,true,,1344,254,2,2,http://localhost:3500/query/empresa_simulada,3,0,0
1783612250926,3,POST get_cuentas_cobrar,200,OK,Benchmark - Operaciones Normales 1-10,text,true,,1981,311,2,2,http://localhost:3500/query/empresa_simulada,2,0,0
1783612250928,3,POST get_monedas,200,OK,Benchmark - Operaciones Normales 1-11,text,true,,1572,255,2,2,http://localhost:3500/query/empresa_simulada,3,0,0
1783612250929,4,POST get_bancos,200,OK,Benchmark - Operaciones Normales 1-10,text,true,,1344,254,2,2,http://localhost:3500/query/empresa_simulada,4,0,0
1783612250932,2,POST get_empresa,200,OK,Benchmark - Operaciones Normales 1-11,text,true,,1456,255,2,2,http://localhost:3500/query/empresa_simulada,2,0,0
1783612250933,3,POST get_monedas,200,OK,Benchmark - Operaciones Normales 1-10,text,true,,1572,255,2,2,http://localhost:3500/query/empresa_simulada,3,0,0
1783612250935,3,POST get_cuentas_cobrar,200,OK,Benchmark - Operaciones Normales 1-11,text,true,,1981,311,2,2,http://localhost:3500/query/empresa_simulada,3,0,0
1783612250936,3,POST get_empresa,200,OK,Benchmark - Operaciones Normales 1-10,text,true,,1456,255,2,2,http://localhost:3500/query/empresa_simulada,3,0,0
1783612250938,3,POST get_bancos,200,OK,Benchmark - Operaciones Normales 1-11,text,true,,1344,254,1,1,http://localhost:3500/query/empresa_simulada,3,0,0
1783612250941,3,POST get_monedas,200,OK,Benchmark - Operaciones Normales 1-11,text,true,,1572,255,1,1,http://localhost:3500/query/empresa_simulada,3,0,0
1783612250944,2,POST get_empresa,200,OK,Benchmark - Operaciones Normales 1-11,text,true,,1456,255,1,1,http://localhost:3500/query/empresa_simulada,2,0,0
1783612250946,2,POST get_cuentas_cobrar,200,OK,Benchmark - Operaciones Normales 1-11,text,true,,1981,311,1,1,http://localhost:3500/query/empresa_simulada,2,0,0
1783612250949,2,POST get_bancos,200,OK,Benchmark - Operaciones Normales 1-11,text,true,,1344,254,1,1,http://localhost:3500/query/empresa_simulada,2,0,0
1783612250951,2,POST get_monedas,200,OK,Benchmark - Operaciones Normales 1-11,text,true,,1572,255,1,1,http://localhost:3500/query/empresa_simulada,2,0,0
1783612250953,3,POST get_empresa,200,OK,Benchmark - Operaciones Normales 1-11,text,true,,1456,255,1,1,http://localhost:3500/query/empresa_simulada,3,0,0
1783612250956,3,POST get_cuentas_cobrar,200,OK,Benchmark - Operaciones Normales 1-11,text,true,,1981,311,1,1,http://localhost:3500/query/empresa_simulada,3,0,0
1783612250959,3,POST get_bancos,200,OK,Benchmark - Operaciones Normales 1-11,text,true,,1344,254,1,1,http://localhost:3500/query/empresa_simulada,3,0,0
1783612250962,2,POST get_monedas,200,OK,Benchmark - Operaciones Normales 1-11,text,true,,1572,255,1,1,http://localhost:3500/query/empresa_simulada,2,0,0
1783612250965,3,POST get_empresa,200,OK,Benchmark - Operaciones Normales 1-11,text,true,,1456,255,1,1,http://localhost:3500/query/empresa_simulada,2,0,0
1783612250968,3,POST get_cuentas_cobrar,200,OK,Benchmark - Operaciones Normales 1-11,text,true,,1981,311,1,1,http://localhost:3500/query/empresa_simulada,3,0,0
1783612250971,2,POST get_bancos,200,OK,Benchmark - Operaciones Normales 1-11,text,true,,1344,254,1,1,http://localhost:3500/query/empresa_simulada,2,0,0
1783612250974,2,POST get_monedas,200,OK,Benchmark - Operaciones Normales 1-11,text,true,,1572,255,1,1,http://localhost:3500/query/empresa_simulada,2,0,0
1783612250976,2,POST get_empresa,200,OK,Benchmark - Operaciones Normales 1-11,text,true,,1456,255,1,1,http://localhost:3500/query/empresa_simulada,2,0,0
1783612250978,3,POST get_cuentas_cobrar,200,OK,Benchmark - Operaciones Normales 1-11,text,true,,1981,311,1,1,http://localhost:3500/query/empresa_simulada,3,0,0
1783612250981,2,POST get_bancos,200,OK,Benchmark - Operaciones Normales 1-11,text,true,,1344,254,1,1,http://localhost:3500/query/empresa_simulada,2,0,0
1783612250984,3,POST get_monedas,200,OK,Benchmark - Operaciones Normales 1-11,text,true,,1572,255,2,2,http://localhost:3500/query/empresa_simulada,3,0,0
1783612250984,4,POST get_cuentas_cobrar,200,OK,Benchmark - Operaciones Normales 1-12,text,true,,1981,311,2,2,http://localhost:3500/query/empresa_simulada,4,0,1
1783612250987,3,POST get_empresa,200,OK,Benchmark - Operaciones Normales 1-11,text,true,,1456,255,2,2,http://localhost:3500/query/empresa_simulada,3,0,0
1783612250988,3,POST get_bancos,200,OK,Benchmark - Operaciones Normales 1-12,text,true,,1344,254,2,2,http://localhost:3500/query/empresa_simulada,3,0,0
1783612250991,2,POST get_cuentas_cobrar,200,OK,Benchmark - Operaciones Normales 1-11,text,true,,1981,311,2,2,http://localhost:3500/query/empresa_simulada,2,0,0
1783612250992,2,POST get_monedas,200,OK,Benchmark - Operaciones Normales 1-12,text,true,,1572,255,2,2,http://localhost:3500/query/empresa_simulada,2,0,0
1783612250994,2,POST get_bancos,200,OK,Benchmark - Operaciones Normales 1-11,text,true,,1344,254,2,2,http://localhost:3500/query/empresa_simulada,2,0,0
1783612250994,2,POST get_empresa,200,OK,Benchmark - Operaciones Normales 1-12,text,true,,1456,255,2,2,http://localhost:3500/query/empresa_simulada,2,0,0
1783612250997,2,POST get_monedas,200,OK,Benchmark - Operaciones Normales 1-11,text,true,,1572,255,2,2,http://localhost:3500/query/empresa_simulada,2,0,0
1783612250997,2,POST get_cuentas_cobrar,200,OK,Benchmark - Operaciones Normales 1-12,text,true,,1981,311,2,2,http://localhost:3500/query/empresa_simulada,2,0,0
1783612251000,3,POST get_empresa,200,OK,Benchmark - Operaciones Normales 1-11,text,true,,1456,255,2,2,http://localhost:3500/query/empresa_simulada,3,0,0
1783612251000,4,POST get_bancos,200,OK,Benchmark - Operaciones Normales 1-12,text,true,,1344,254,2,2,http://localhost:3500/query/empresa_simulada,4,0,0
1783612251004,3,POST get_cuentas_cobrar,200,OK,Benchmark - Operaciones Normales 1-11,text,true,,1981,311,2,2,http://localhost:3500/query/empresa_simulada,3,0,0
1783612251004,4,POST get_monedas,200,OK,Benchmark - Operaciones Normales 1-12,text,true,,1572,255,2,2,http://localhost:3500/query/empresa_simulada,4,0,0
1783612251008,2,POST get_bancos,200,OK,Benchmark - Operaciones Normales 1-11,text,true,,1344,254,2,2,http://localhost:3500/query/empresa_simulada,2,0,0
1783612251008,3,POST get_empresa,200,OK,Benchmark - Operaciones Normales 1-12,text,true,,1456,255,2,2,http://localhost:3500/query/empresa_simulada,3,0,0
1783612251010,4,POST get_monedas,200,OK,Benchmark - Operaciones Normales 1-11,text,true,,1572,255,2,2,http://localhost:3500/query/empresa_simulada,4,0,0
1783612251012,2,POST get_cuentas_cobrar,200,OK,Benchmark - Operaciones Normales 1-12,text,true,,1981,311,2,2,http://localhost:3500/query/empresa_simulada,2,0,0
1783612251014,3,POST get_empresa,200,OK,Benchmark - Operaciones Normales 1-11,text,true,,1456,255,2,2,http://localhost:3500/query/empresa_simulada,3,0,0
1783612251014,3,POST get_bancos,200,OK,Benchmark - Operaciones Normales 1-12,text,true,,1344,254,2,2,http://localhost:3500/query/empresa_simulada,3,0,0
1783612251017,2,POST get_monedas,200,OK,Benchmark - Operaciones Normales 1-12,text,true,,1572,255,1,1,http://localhost:3500/query/empresa_simulada,2,0,0
1783612251020,2,POST get_empresa,200,OK,Benchmark - Operaciones Normales 1-12,text,true,,1456,255,1,1,http://localhost:3500/query/empresa_simulada,2,0,0
1783612251023,2,POST get_cuentas_cobrar,200,OK,Benchmark - Operaciones Normales 1-12,text,true,,1981,311,1,1,http://localhost:3500/query/empresa_simulada,2,0,0
1783612251025,2,POST get_bancos,200,OK,Benchmark - Operaciones Normales 1-12,text,true,,1344,254,1,1,http://localhost:3500/query/empresa_simulada,2,0,0
1783612251028,2,POST get_monedas,200,OK,Benchmark - Operaciones Normales 1-12,text,true,,1572,255,1,1,http://localhost:3500/query/empresa_simulada,2,0,0
1783612251030,2,POST get_empresa,200,OK,Benchmark - Operaciones Normales 1-12,text,true,,1456,255,1,1,http://localhost:3500/query/empresa_simulada,2,0,0
1783612251032,2,POST get_cuentas_cobrar,200,OK,Benchmark - Operaciones Normales 1-12,text,true,,1981,311,1,1,http://localhost:3500/query/empresa_simulada,2,0,0
1783612251035,2,POST get_bancos,200,OK,Benchmark - Operaciones Normales 1-12,text,true,,1344,254,1,1,http://localhost:3500/query/empresa_simulada,2,0,0
1783612251037,2,POST get_monedas,200,OK,Benchmark - Operaciones Normales 1-12,text,true,,1572,255,1,1,http://localhost:3500/query/empresa_simulada,2,0,0
1783612251039,2,POST get_empresa,200,OK,Benchmark - Operaciones Normales 1-12,text,true,,1456,255,1,1,http://localhost:3500/query/empresa_simulada,2,0,0
1783612251041,3,POST get_cuentas_cobrar,200,OK,Benchmark - Operaciones Normales 1-12,text,true,,1981,311,1,1,http://localhost:3500/query/empresa_simulada,3,0,0
1783612251044,3,POST get_bancos,200,OK,Benchmark - Operaciones Normales 1-12,text,true,,1344,254,1,1,http://localhost:3500/query/empresa_simulada,3,0,0
1783612251047,4,POST get_monedas,200,OK,Benchmark - Operaciones Normales 1-12,text,true,,1572,255,1,1,http://localhost:3500/query/empresa_simulada,4,0,0
1783612251051,3,POST get_empresa,200,OK,Benchmark - Operaciones Normales 1-12,text,true,,1456,255,1,1,http://localhost:3500/query/empresa_simulada,3,0,0
1783612251054,3,POST get_cuentas_cobrar,200,OK,Benchmark - Operaciones Normales 1-12,text,true,,1981,311,1,1,http://localhost:3500/query/empresa_simulada,3,0,0
1783612251057,3,POST get_bancos,200,OK,Benchmark - Operaciones Normales 1-12,text,true,,1344,254,1,1,http://localhost:3500/query/empresa_simulada,3,0,0
1783612251061,3,POST get_monedas,200,OK,Benchmark - Operaciones Normales 1-12,text,true,,1572,255,1,1,http://localhost:3500/query/empresa_simulada,3,0,0
1783612251065,2,POST get_empresa,200,OK,Benchmark - Operaciones Normales 1-12,text,true,,1456,255,1,1,http://localhost:3500/query/empresa_simulada,2,0,0
1783612251067,3,POST get_cuentas_cobrar,200,OK,Benchmark - Operaciones Normales 1-12,text,true,,1981,311,1,1,http://localhost:3500/query/empresa_simulada,3,0,0
1783612251070,2,POST get_bancos,200,OK,Benchmark - Operaciones Normales 1-12,text,true,,1344,254,1,1,http://localhost:3500/query/empresa_simulada,2,0,0
1783612251073,2,POST get_monedas,200,OK,Benchmark - Operaciones Normales 1-12,text,true,,1572,255,1,1,http://localhost:3500/query/empresa_simulada,2,0,0
1783612251076,2,POST get_empresa,200,OK,Benchmark - Operaciones Normales 1-12,text,true,,1456,255,1,1,http://localhost:3500/query/empresa_simulada,2,0,0
1783612251078,8,POST get_cuentas_cobrar,200,OK,Benchmark - Operaciones Normales 1-12,text,true,,1981,311,1,1,http://localhost:3500/query/empresa_simulada,8,0,0
1783612251086,4,POST get_bancos,200,OK,Benchmark - Operaciones Normales 1-12,text,true,,1344,254,2,2,http://localhost:3500/query/empresa_simulada,4,0,0
1783612251087,5,POST get_cuentas_cobrar,200,OK,Benchmark - Operaciones Normales 1-13,text,true,,1981,311,2,2,http://localhost:3500/query/empresa_simulada,5,0,1
1783612251090,3,POST get_monedas,200,OK,Benchmark - Operaciones Normales 1-12,text,true,,1572,255,2,2,http://localhost:3500/query/empresa_simulada,3,0,0
1783612251093,2,POST get_bancos,200,OK,Benchmark - Operaciones Normales 1-13,text,true,,1344,254,2,2,http://localhost:3500/query/empresa_simulada,2,0,0
1783612251093,3,POST get_empresa,200,OK,Benchmark - Operaciones Normales 1-12,text,true,,1456,255,2,2,http://localhost:3500/query/empresa_simulada,3,0,0
1783612251095,3,POST get_monedas,200,OK,Benchmark - Operaciones Normales 1-13,text,true,,1572,255,2,2,http://localhost:3500/query/empresa_simulada,3,0,0
1783612251096,3,POST get_cuentas_cobrar,200,OK,Benchmark - Operaciones Normales 1-12,text,true,,1981,311,2,2,http://localhost:3500/query/empresa_simulada,3,0,0
1783612251098,5,POST get_empresa,200,OK,Benchmark - Operaciones Normales 1-13,text,true,,1456,255,2,2,http://localhost:3500/query/empresa_simulada,5,0,0
1783612251099,5,POST get_bancos,200,OK,Benchmark - Operaciones Normales 1-12,text,true,,1344,254,2,2,http://localhost:3500/query/empresa_simulada,5,0,0
1783612251104,3,POST get_cuentas_cobrar,200,OK,Benchmark - Operaciones Normales 1-13,text,true,,1981,311,2,2,http://localhost:3500/query/empresa_simulada,3,0,0
1783612251105,3,POST get_monedas,200,OK,Benchmark - Operaciones Normales 1-12,text,true,,1572,255,2,2,http://localhost:3500/query/empresa_simulada,3,0,0
1783612251107,4,POST get_bancos,200,OK,Benchmark - Operaciones Normales 1-13,text,true,,1344,254,2,2,http://localhost:3500/query/empresa_simulada,4,0,0
1783612251108,5,POST get_empresa,200,OK,Benchmark - Operaciones Normales 1-12,text,true,,1456,255,2,2,http://localhost:3500/query/empresa_simulada,5,0,0
1783612251111,6,POST get_monedas,200,OK,Benchmark - Operaciones Normales 1-13,text,true,,1572,255,1,1,http://localhost:3500/query/empresa_simulada,6,0,0
1783612251118,4,POST get_empresa,200,OK,Benchmark - Operaciones Normales 1-13,text,true,,1456,255,1,1,http://localhost:3500/query/empresa_simulada,4,0,0
1783612251122,3,POST get_cuentas_cobrar,200,OK,Benchmark - Operaciones Normales 1-13,text,true,,1981,311,1,1,http://localhost:3500/query/empresa_simulada,3,0,0
1783612251125,3,POST get_bancos,200,OK,Benchmark - Operaciones Normales 1-13,text,true,,1344,254,1,1,http://localhost:3500/query/empresa_simulada,3,0,0
1783612251129,2,POST get_monedas,200,OK,Benchmark - Operaciones Normales 1-13,text,true,,1572,255,1,1,http://localhost:3500/query/empresa_simulada,2,0,0
1783612251132,3,POST get_empresa,200,OK,Benchmark - Operaciones Normales 1-13,text,true,,1456,255,1,1,http://localhost:3500/query/empresa_simulada,3,0,0
1783612251135,2,POST get_cuentas_cobrar,200,OK,Benchmark - Operaciones Normales 1-13,text,true,,1981,311,1,1,http://localhost:3500/query/empresa_simulada,2,0,0
1783612251138,3,POST get_bancos,200,OK,Benchmark - Operaciones Normales 1-13,text,true,,1344,254,1,1,http://localhost:3500/query/empresa_simulada,3,0,0
1783612251141,3,POST get_monedas,200,OK,Benchmark - Operaciones Normales 1-13,text,true,,1572,255,1,1,http://localhost:3500/query/empresa_simulada,3,0,0
1783612251144,2,POST get_empresa,200,OK,Benchmark - Operaciones Normales 1-13,text,true,,1456,255,1,1,http://localhost:3500/query/empresa_simulada,2,0,0
1783612251146,3,POST get_cuentas_cobrar,200,OK,Benchmark - Operaciones Normales 1-13,text,true,,1981,311,1,1,http://localhost:3500/query/empresa_simulada,3,0,0
1783612251149,3,POST get_bancos,200,OK,Benchmark - Operaciones Normales 1-13,text,true,,1344,254,1,1,http://localhost:3500/query/empresa_simulada,3,0,0
1783612251153,3,POST get_monedas,200,OK,Benchmark - Operaciones Normales 1-13,text,true,,1572,255,1,1,http://localhost:3500/query/empresa_simulada,3,0,0
1783612251156,2,POST get_empresa,200,OK,Benchmark - Operaciones Normales 1-13,text,true,,1456,255,1,1,http://localhost:3500/query/empresa_simulada,2,0,0
1783612251159,3,POST get_cuentas_cobrar,200,OK,Benchmark - Operaciones Normales 1-13,text,true,,1981,311,1,1,http://localhost:3500/query/empresa_simulada,3,0,0
1783612251162,3,POST get_bancos,200,OK,Benchmark - Operaciones Normales 1-13,text,true,,1344,254,1,1,http://localhost:3500/query/empresa_simulada,3,0,0
1783612251166,2,POST get_monedas,200,OK,Benchmark - Operaciones Normales 1-13,text,true,,1572,255,1,1,http://localhost:3500/query/empresa_simulada,2,0,0
1783612251169,3,POST get_empresa,200,OK,Benchmark - Operaciones Normales 1-13,text,true,,1456,255,1,1,http://localhost:3500/query/empresa_simulada,3,0,0
1783612251172,3,POST get_cuentas_cobrar,200,OK,Benchmark - Operaciones Normales 1-13,text,true,,1981,311,1,1,http://localhost:3500/query/empresa_simulada,3,0,0
1783612251175,3,POST get_bancos,200,OK,Benchmark - Operaciones Normales 1-13,text,true,,1344,254,1,1,http://localhost:3500/query/empresa_simulada,3,0,0
1783612251179,3,POST get_monedas,200,OK,Benchmark - Operaciones Normales 1-13,text,true,,1572,255,1,1,http://localhost:3500/query/empresa_simulada,3,0,0
1783612251182,3,POST get_empresa,200,OK,Benchmark - Operaciones Normales 1-13,text,true,,1456,255,2,2,http://localhost:3500/query/empresa_simulada,3,0,0
1783612251185,3,POST get_cuentas_cobrar,200,OK,Benchmark - Operaciones Normales 1-13,text,true,,1981,311,2,2,http://localhost:3500/query/empresa_simulada,3,0,0
1783612251184,5,POST get_cuentas_cobrar,200,OK,Benchmark - Operaciones Normales 1-14,text,true,,1981,311,2,2,http://localhost:3500/query/empresa_simulada,5,0,2
1783612251188,3,POST get_bancos,200,OK,Benchmark - Operaciones Normales 1-13,text,true,,1344,254,2,2,http://localhost:3500/query/empresa_simulada,3,0,0
1783612251189,3,POST get_bancos,200,OK,Benchmark - Operaciones Normales 1-14,text,true,,1344,254,2,2,http://localhost:3500/query/empresa_simulada,3,0,0
1783612251192,3,POST get_monedas,200,OK,Benchmark - Operaciones Normales 1-13,text,true,,1572,255,2,2,http://localhost:3500/query/empresa_simulada,3,0,0
1783612251195,3,POST get_empresa,200,OK,Benchmark - Operaciones Normales 1-13,text,true,,1456,255,2,2,http://localhost:3500/query/empresa_simulada,3,0,0
1783612251193,5,POST get_monedas,200,OK,Benchmark - Operaciones Normales 1-14,text,true,,1572,255,2,2,http://localhost:3500/query/empresa_simulada,5,0,0
1783612251198,3,POST get_empresa,200,OK,Benchmark - Operaciones Normales 1-14,text,true,,1456,255,2,2,http://localhost:3500/query/empresa_simulada,3,0,0
1783612251198,4,POST get_cuentas_cobrar,200,OK,Benchmark - Operaciones Normales 1-13,text,true,,1981,311,2,2,http://localhost:3500/query/empresa_simulada,4,0,0
1783612251202,3,POST get_cuentas_cobrar,200,OK,Benchmark - Operaciones Normales 1-14,text,true,,1981,311,2,2,http://localhost:3500/query/empresa_simulada,3,0,0
1783612251202,4,POST get_bancos,200,OK,Benchmark - Operaciones Normales 1-13,text,true,,1344,254,2,2,http://localhost:3500/query/empresa_simulada,4,0,0
1783612251206,4,POST get_monedas,200,OK,Benchmark - Operaciones Normales 1-13,text,true,,1572,255,2,2,http://localhost:3500/query/empresa_simulada,4,0,0
1783612251206,5,POST get_bancos,200,OK,Benchmark - Operaciones Normales 1-14,text,true,,1344,254,2,2,http://localhost:3500/query/empresa_simulada,5,0,0
1783612251211,3,POST get_empresa,200,OK,Benchmark - Operaciones Normales 1-13,text,true,,1456,255,2,2,http://localhost:3500/query/empresa_simulada,3,0,0
1783612251212,3,POST get_monedas,200,OK,Benchmark - Operaciones Normales 1-14,text,true,,1572,255,2,2,http://localhost:3500/query/empresa_simulada,3,0,0
1783612251215,3,POST get_cuentas_cobrar,200,OK,Benchmark - Operaciones Normales 1-13,text,true,,1981,311,2,2,http://localhost:3500/query/empresa_simulada,3,0,0
1783612251216,4,POST get_empresa,200,OK,Benchmark - Operaciones Normales 1-14,text,true,,1456,255,2,2,http://localhost:3500/query/empresa_simulada,4,0,0
1783612251219,3,POST get_bancos,200,OK,Benchmark - Operaciones Normales 1-13,text,true,,1344,254,2,2,http://localhost:3500/query/empresa_simulada,3,0,0
1783612251220,3,POST get_cuentas_cobrar,200,OK,Benchmark - Operaciones Normales 1-14,text,true,,1981,311,2,2,http://localhost:3500/query/empresa_simulada,3,0,0
1783612251222,4,POST get_monedas,200,OK,Benchmark - Operaciones Normales 1-13,text,true,,1572,255,2,2,http://localhost:3500/query/empresa_simulada,4,0,0
1783612251223,3,POST get_bancos,200,OK,Benchmark - Operaciones Normales 1-14,text,true,,1344,254,2,2,http://localhost:3500/query/empresa_simulada,3,0,0
1783612251226,4,POST get_monedas,200,OK,Benchmark - Operaciones Normales 1-14,text,true,,1572,255,2,2,http://localhost:3500/query/empresa_simulada,4,0,0
1783612251226,4,POST get_empresa,200,OK,Benchmark - Operaciones Normales 1-13,text,true,,1456,255,2,2,http://localhost:3500/query/empresa_simulada,4,0,0
1783612251230,3,POST get_empresa,200,OK,Benchmark - Operaciones Normales 1-14,text,true,,1456,255,1,1,http://localhost:3500/query/empresa_simulada,3,0,0
1783612251234,3,POST get_cuentas_cobrar,200,OK,Benchmark - Operaciones Normales 1-14,text,true,,1981,311,1,1,http://localhost:3500/query/empresa_simulada,3,0,0
1783612251237,3,POST get_bancos,200,OK,Benchmark - Operaciones Normales 1-14,text,true,,1344,254,1,1,http://localhost:3500/query/empresa_simulada,3,0,0
1783612251240,3,POST get_monedas,200,OK,Benchmark - Operaciones Normales 1-14,text,true,,1572,255,1,1,http://localhost:3500/query/empresa_simulada,3,0,0
1783612251243,2,POST get_empresa,200,OK,Benchmark - Operaciones Normales 1-14,text,true,,1456,255,1,1,http://localhost:3500/query/empresa_simulada,2,0,0
1783612251246,2,POST get_cuentas_cobrar,200,OK,Benchmark - Operaciones Normales 1-14,text,true,,1981,311,1,1,http://localhost:3500/query/empresa_simulada,2,0,0
1783612251249,2,POST get_bancos,200,OK,Benchmark - Operaciones Normales 1-14,text,true,,1344,254,1,1,http://localhost:3500/query/empresa_simulada,2,0,0
1783612251251,5,POST get_monedas,200,OK,Benchmark - Operaciones Normales 1-14,text,true,,1572,255,1,1,http://localhost:3500/query/empresa_simulada,5,0,0
1783612251257,3,POST get_empresa,200,OK,Benchmark - Operaciones Normales 1-14,text,true,,1456,255,1,1,http://localhost:3500/query/empresa_simulada,3,0,0
1783612251260,3,POST get_cuentas_cobrar,200,OK,Benchmark - Operaciones Normales 1-14,text,true,,1981,311,1,1,http://localhost:3500/query/empresa_simulada,3,0,0
1783612251263,2,POST get_bancos,200,OK,Benchmark - Operaciones Normales 1-14,text,true,,1344,254,1,1,http://localhost:3500/query/empresa_simulada,2,0,0
1783612251265,3,POST get_monedas,200,OK,Benchmark - Operaciones Normales 1-14,text,true,,1572,255,1,1,http://localhost:3500/query/empresa_simulada,3,0,0
1783612251268,3,POST get_empresa,200,OK,Benchmark - Operaciones Normales 1-14,text,true,,1456,255,1,1,http://localhost:3500/query/empresa_simulada,3,0,0
1783612251271,2,POST get_cuentas_cobrar,200,OK,Benchmark - Operaciones Normales 1-14,text,true,,1981,311,1,1,http://localhost:3500/query/empresa_simulada,2,0,0
1783612251273,3,POST get_bancos,200,OK,Benchmark - Operaciones Normales 1-14,text,true,,1344,254,1,1,http://localhost:3500/query/empresa_simulada,3,0,0
1783612251276,2,POST get_monedas,200,OK,Benchmark - Operaciones Normales 1-14,text,true,,1572,255,1,1,http://localhost:3500/query/empresa_simulada,2,0,0
1783612251278,2,POST get_empresa,200,OK,Benchmark - Operaciones Normales 1-14,text,true,,1456,255,1,1,http://localhost:3500/query/empresa_simulada,2,0,0
1783612251280,2,POST get_cuentas_cobrar,200,OK,Benchmark - Operaciones Normales 1-14,text,true,,1981,311,1,1,http://localhost:3500/query/empresa_simulada,2,0,0
1783612251282,3,POST get_bancos,200,OK,Benchmark - Operaciones Normales 1-14,text,true,,1344,254,2,2,http://localhost:3500/query/empresa_simulada,3,0,0
1783612251285,3,POST get_monedas,200,OK,Benchmark - Operaciones Normales 1-14,text,true,,1572,255,2,2,http://localhost:3500/query/empresa_simulada,3,0,0
1783612251284,5,POST get_cuentas_cobrar,200,OK,Benchmark - Operaciones Normales 1-15,text,true,,1981,311,2,2,http://localhost:3500/query/empresa_simulada,5,0,2
1783612251288,2,POST get_empresa,200,OK,Benchmark - Operaciones Normales 1-14,text,true,,1456,255,2,2,http://localhost:3500/query/empresa_simulada,2,0,0
1783612251290,2,POST get_bancos,200,OK,Benchmark - Operaciones Normales 1-15,text,true,,1344,254,2,2,http://localhost:3500/query/empresa_simulada,2,0,0
1783612251291,2,POST get_cuentas_cobrar,200,OK,Benchmark - Operaciones Normales 1-14,text,true,,1981,311,2,2,http://localhost:3500/query/empresa_simulada,2,0,0
1783612251293,3,POST get_monedas,200,OK,Benchmark - Operaciones Normales 1-15,text,true,,1572,255,2,2,http://localhost:3500/query/empresa_simulada,3,0,0
1783612251293,4,POST get_bancos,200,OK,Benchmark - Operaciones Normales 1-14,text,true,,1344,254,2,2,http://localhost:3500/query/empresa_simulada,4,0,0
1783612251297,2,POST get_monedas,200,OK,Benchmark - Operaciones Normales 1-14,text,true,,1572,255,2,2,http://localhost:3500/query/empresa_simulada,2,0,0
1783612251296,4,POST get_empresa,200,OK,Benchmark - Operaciones Normales 1-15,text,true,,1456,255,2,2,http://localhost:3500/query/empresa_simulada,3,0,0
1783612251300,2,POST get_empresa,200,OK,Benchmark - Operaciones Normales 1-14,text,true,,1456,255,2,2,http://localhost:3500/query/empresa_simulada,2,0,0
1783612251300,3,POST get_cuentas_cobrar,200,OK,Benchmark - Operaciones Normales 1-15,text,true,,1981,311,2,2,http://localhost:3500/query/empresa_simulada,3,0,0
1783612251303,2,POST get_cuentas_cobrar,200,OK,Benchmark - Operaciones Normales 1-14,text,true,,1981,311,2,2,http://localhost:3500/query/empresa_simulada,2,0,0
1783612251303,3,POST get_bancos,200,OK,Benchmark - Operaciones Normales 1-15,text,true,,1344,254,2,2,http://localhost:3500/query/empresa_simulada,3,0,0
1783612251305,4,POST get_bancos,200,OK,Benchmark - Operaciones Normales 1-14,text,true,,1344,254,2,2,http://localhost:3500/query/empresa_simulada,4,0,0
1783612251306,3,POST get_monedas,200,OK,Benchmark - Operaciones Normales 1-15,text,true,,1572,255,2,2,http://localhost:3500/query/empresa_simulada,3,0,0
1783612251309,2,POST get_monedas,200,OK,Benchmark - Operaciones Normales 1-14,text,true,,1572,255,2,2,http://localhost:3500/query/empresa_simulada,2,0,0
1783612251310,2,POST get_empresa,200,OK,Benchmark - Operaciones Normales 1-15,text,true,,1456,255,2,2,http://localhost:3500/query/empresa_simulada,2,0,0
1783612251312,2,POST get_empresa,200,OK,Benchmark - Operaciones Normales 1-14,text,true,,1456,255,2,2,http://localhost:3500/query/empresa_simulada,2,0,0
1783612251312,3,POST get_cuentas_cobrar,200,OK,Benchmark - Operaciones Normales 1-15,text,true,,1981,311,2,2,http://localhost:3500/query/empresa_simulada,3,0,0
1783612251315,2,POST get_bancos,200,OK,Benchmark - Operaciones Normales 1-15,text,true,,1344,254,1,1,http://localhost:3500/query/empresa_simulada,2,0,0
1783612251317,2,POST get_monedas,200,OK,Benchmark - Operaciones Normales 1-15,text,true,,1572,255,1,1,http://localhost:3500/query/empresa_simulada,2,0,0
1783612251320,2,POST get_empresa,200,OK,Benchmark - Operaciones Normales 1-15,text,true,,1456,255,1,1,http://localhost:3500/query/empresa_simulada,2,0,0
1783612251322,2,POST get_cuentas_cobrar,200,OK,Benchmark - Operaciones Normales 1-15,text,true,,1981,311,1,1,http://localhost:3500/query/empresa_simulada,2,0,0
1783612251324,2,POST get_bancos,200,OK,Benchmark - Operaciones Normales 1-15,text,true,,1344,254,1,1,http://localhost:3500/query/empresa_simulada,2,0,0
1783612251327,1,POST get_monedas,200,OK,Benchmark - Operaciones Normales 1-15,text,true,,1572,255,1,1,http://localhost:3500/query/empresa_simulada,1,0,0
1783612251329,2,POST get_empresa,200,OK,Benchmark - Operaciones Normales 1-15,text,true,,1456,255,1,1,http://localhost:3500/query/empresa_simulada,2,0,0
1783612251331,2,POST get_cuentas_cobrar,200,OK,Benchmark - Operaciones Normales 1-15,text,true,,1981,311,1,1,http://localhost:3500/query/empresa_simulada,2,0,0
1783612251333,2,POST get_bancos,200,OK,Benchmark - Operaciones Normales 1-15,text,true,,1344,254,1,1,http://localhost:3500/query/empresa_simulada,2,0,0
1783612251336,2,POST get_monedas,200,OK,Benchmark - Operaciones Normales 1-15,text,true,,1572,255,1,1,http://localhost:3500/query/empresa_simulada,2,0,0
1783612251338,2,POST get_empresa,200,OK,Benchmark - Operaciones Normales 1-15,text,true,,1456,255,1,1,http://localhost:3500/query/empresa_simulada,2,0,0
1783612251341,3,POST get_cuentas_cobrar,200,OK,Benchmark - Operaciones Normales 1-15,text,true,,1981,311,1,1,http://localhost:3500/query/empresa_simulada,3,0,0
1783612251345,2,POST get_bancos,200,OK,Benchmark - Operaciones Normales 1-15,text,true,,1344,254,1,1,http://localhost:3500/query/empresa_simulada,2,0,0
1783612251347,2,POST get_monedas,200,OK,Benchmark - Operaciones Normales 1-15,text,true,,1572,255,1,1,http://localhost:3500/query/empresa_simulada,2,0,0
1783612251350,3,POST get_empresa,200,OK,Benchmark - Operaciones Normales 1-15,text,true,,1456,255,1,1,http://localhost:3500/query/empresa_simulada,3,0,0
1783612251353,3,POST get_cuentas_cobrar,200,OK,Benchmark - Operaciones Normales 1-15,text,true,,1981,311,1,1,http://localhost:3500/query/empresa_simulada,3,0,0
1783612251356,3,POST get_bancos,200,OK,Benchmark - Operaciones Normales 1-15,text,true,,1344,254,1,1,http://localhost:3500/query/empresa_simulada,3,0,0
1783612251359,3,POST get_monedas,200,OK,Benchmark - Operaciones Normales 1-15,text,true,,1572,255,1,1,http://localhost:3500/query/empresa_simulada,3,0,0
1783612251362,3,POST get_empresa,200,OK,Benchmark - Operaciones Normales 1-15,text,true,,1456,255,1,1,http://localhost:3500/query/empresa_simulada,3,0,0
1783612251365,5,POST get_cuentas_cobrar,200,OK,Benchmark - Operaciones Normales 1-15,text,true,,1981,311,1,1,http://localhost:3500/query/empresa_simulada,5,0,0
1783612251370,3,POST get_bancos,200,OK,Benchmark - Operaciones Normales 1-15,text,true,,1344,254,1,1,http://localhost:3500/query/empresa_simulada,3,0,0
1783612251373,2,POST get_monedas,200,OK,Benchmark - Operaciones Normales 1-15,text,true,,1572,255,1,1,http://localhost:3500/query/empresa_simulada,2,0,0
1783612251375,4,POST get_empresa,200,OK,Benchmark - Operaciones Normales 1-15,text,true,,1456,255,1,1,http://localhost:3500/query/empresa_simulada,4,0,0
1783612251379,4,POST get_cuentas_cobrar,200,OK,Benchmark - Operaciones Normales 1-15,text,true,,1981,311,1,1,http://localhost:3500/query/empresa_simulada,4,0,0
1783612251383,2,POST get_bancos,200,OK,Benchmark - Operaciones Normales 1-15,text,true,,1344,254,2,2,http://localhost:3500/query/empresa_simulada,2,0,0
1783612251386,3,POST get_monedas,200,OK,Benchmark - Operaciones Normales 1-15,text,true,,1572,255,2,2,http://localhost:3500/query/empresa_simulada,3,0,0
1783612251385,5,POST get_cuentas_cobrar,200,OK,Benchmark - Operaciones Normales 1-16,text,true,,1981,311,2,2,http://localhost:3500/query/empresa_simulada,5,0,2
1783612251389,2,POST get_empresa,200,OK,Benchmark - Operaciones Normales 1-15,text,true,,1456,255,2,2,http://localhost:3500/query/empresa_simulada,2,0,0
1783612251390,3,POST get_bancos,200,OK,Benchmark - Operaciones Normales 1-16,text,true,,1344,254,2,2,http://localhost:3500/query/empresa_simulada,3,0,0
1783612251392,2,POST get_cuentas_cobrar,200,OK,Benchmark - Operaciones Normales 1-15,text,true,,1981,311,2,2,http://localhost:3500/query/empresa_simulada,2,0,0
1783612251393,3,POST get_monedas,200,OK,Benchmark - Operaciones Normales 1-16,text,true,,1572,255,2,2,http://localhost:3500/query/empresa_simulada,3,0,0
1783612251395,2,POST get_bancos,200,OK,Benchmark - Operaciones Normales 1-15,text,true,,1344,254,2,2,http://localhost:3500/query/empresa_simulada,2,0,0
1783612251396,3,POST get_empresa,200,OK,Benchmark - Operaciones Normales 1-16,text,true,,1456,255,2,2,http://localhost:3500/query/empresa_simulada,3,0,0
1783612251398,2,POST get_monedas,200,OK,Benchmark - Operaciones Normales 1-15,text,true,,1572,255,2,2,http://localhost:3500/query/empresa_simulada,2,0,0
1783612251400,3,POST get_cuentas_cobrar,200,OK,Benchmark - Operaciones Normales 1-16,text,true,,1981,311,2,2,http://localhost:3500/query/empresa_simulada,3,0,0
1783612251400,4,POST get_empresa,200,OK,Benchmark - Operaciones Normales 1-15,text,true,,1456,255,2,2,http://localhost:3500/query/empresa_simulada,4,0,0
1783612251403,4,POST get_bancos,200,OK,Benchmark - Operaciones Normales 1-16,text,true,,1344,254,1,1,http://localhost:3500/query/empresa_simulada,4,0,0
1783612251407,3,POST get_monedas,200,OK,Benchmark - Operaciones Normales 1-16,text,true,,1572,255,1,1,http://localhost:3500/query/empresa_simulada,3,0,0
1783612251410,4,POST get_empresa,200,OK,Benchmark - Operaciones Normales 1-16,text,true,,1456,255,1,1,http://localhost:3500/query/empresa_simulada,4,0,0
1783612251414,3,POST get_cuentas_cobrar,200,OK,Benchmark - Operaciones Normales 1-16,text,true,,1981,311,1,1,http://localhost:3500/query/empresa_simulada,3,0,0
1783612251417,3,POST get_bancos,200,OK,Benchmark - Operaciones Normales 1-16,text,true,,1344,254,1,1,http://localhost:3500/query/empresa_simulada,3,0,0
1783612251420,3,POST get_monedas,200,OK,Benchmark - Operaciones Normales 1-16,text,true,,1572,255,1,1,http://localhost:3500/query/empresa_simulada,3,0,0
1783612251424,3,POST get_empresa,200,OK,Benchmark - Operaciones Normales 1-16,text,true,,1456,255,1,1,http://localhost:3500/query/empresa_simulada,3,0,0
1783612251427,5,POST get_cuentas_cobrar,200,OK,Benchmark - Operaciones Normales 1-16,text,true,,1981,311,1,1,http://localhost:3500/query/empresa_simulada,4,0,0
1783612251432,3,POST get_bancos,200,OK,Benchmark - Operaciones Normales 1-16,text,true,,1344,254,1,1,http://localhost:3500/query/empresa_simulada,3,0,0
1783612251435,3,POST get_monedas,200,OK,Benchmark - Operaciones Normales 1-16,text,true,,1572,255,1,1,http://localhost:3500/query/empresa_simulada,3,0,0
1783612251438,3,POST get_empresa,200,OK,Benchmark - Operaciones Normales 1-16,text,true,,1456,255,1,1,http://localhost:3500/query/empresa_simulada,3,0,0
1783612251441,3,POST get_cuentas_cobrar,200,OK,Benchmark - Operaciones Normales 1-16,text,true,,1981,311,1,1,http://localhost:3500/query/empresa_simulada,3,0,0
1783612251444,2,POST get_bancos,200,OK,Benchmark - Operaciones Normales 1-16,text,true,,1344,254,1,1,http://localhost:3500/query/empresa_simulada,2,0,0
1783612251447,2,POST get_monedas,200,OK,Benchmark - Operaciones Normales 1-16,text,true,,1572,255,1,1,http://localhost:3500/query/empresa_simulada,2,0,0
1783612251449,2,POST get_empresa,200,OK,Benchmark - Operaciones Normales 1-16,text,true,,1456,255,1,1,http://localhost:3500/query/empresa_simulada,2,0,0
1783612251452,2,POST get_cuentas_cobrar,200,OK,Benchmark - Operaciones Normales 1-16,text,true,,1981,311,1,1,http://localhost:3500/query/empresa_simulada,2,0,0
1783612251454,3,POST get_bancos,200,OK,Benchmark - Operaciones Normales 1-16,text,true,,1344,254,1,1,http://localhost:3500/query/empresa_simulada,3,0,0
1783612251457,3,POST get_monedas,200,OK,Benchmark - Operaciones Normales 1-16,text,true,,1572,255,1,1,http://localhost:3500/query/empresa_simulada,3,0,0
1783612251460,4,POST get_empresa,200,OK,Benchmark - Operaciones Normales 1-16,text,true,,1456,255,1,1,http://localhost:3500/query/empresa_simulada,4,0,0
1783612251464,3,POST get_cuentas_cobrar,200,OK,Benchmark - Operaciones Normales 1-16,text,true,,1981,311,1,1,http://localhost:3500/query/empresa_simulada,3,0,0
1783612251468,2,POST get_bancos,200,OK,Benchmark - Operaciones Normales 1-16,text,true,,1344,254,1,1,http://localhost:3500/query/empresa_simulada,2,0,0
1783612251470,3,POST get_monedas,200,OK,Benchmark - Operaciones Normales 1-16,text,true,,1572,255,1,1,http://localhost:3500/query/empresa_simulada,3,0,0
1783612251473,5,POST get_empresa,200,OK,Benchmark - Operaciones Normales 1-16,text,true,,1456,255,1,1,http://localhost:3500/query/empresa_simulada,5,0,0
1783612251479,2,POST get_cuentas_cobrar,200,OK,Benchmark - Operaciones Normales 1-16,text,true,,1981,311,1,1,http://localhost:3500/query/empresa_simulada,2,0,0
1783612251481,3,POST get_bancos,200,OK,Benchmark - Operaciones Normales 1-16,text,true,,1344,254,2,2,http://localhost:3500/query/empresa_simulada,3,0,0
1783612251485,2,POST get_monedas,200,OK,Benchmark - Operaciones Normales 1-16,text,true,,1572,255,2,2,http://localhost:3500/query/empresa_simulada,2,0,0
1783612251484,4,POST get_cuentas_cobrar,200,OK,Benchmark - Operaciones Normales 1-17,text,true,,1981,311,2,2,http://localhost:3500/query/empresa_simulada,4,0,1
1783612251488,2,POST get_empresa,200,OK,Benchmark - Operaciones Normales 1-16,text,true,,1456,255,2,2,http://localhost:3500/query/empresa_simulada,2,0,0
1783612251489,2,POST get_bancos,200,OK,Benchmark - Operaciones Normales 1-17,text,true,,1344,254,2,2,http://localhost:3500/query/empresa_simulada,2,0,0
1783612251491,2,POST get_monedas,200,OK,Benchmark - Operaciones Normales 1-17,text,true,,1572,255,2,2,http://localhost:3500/query/empresa_simulada,2,0,0
1783612251491,3,POST get_cuentas_cobrar,200,OK,Benchmark - Operaciones Normales 1-16,text,true,,1981,311,2,2,http://localhost:3500/query/empresa_simulada,3,0,0
1783612251493,3,POST get_empresa,200,OK,Benchmark - Operaciones Normales 1-17,text,true,,1456,255,2,2,http://localhost:3500/query/empresa_simulada,3,0,0
1783612251494,2,POST get_bancos,200,OK,Benchmark - Operaciones Normales 1-16,text,true,,1344,254,2,2,http://localhost:3500/query/empresa_simulada,2,0,0
1783612251496,2,POST get_cuentas_cobrar,200,OK,Benchmark - Operaciones Normales 1-17,text,true,,1981,311,2,2,http://localhost:3500/query/empresa_simulada,2,0,0
1783612251496,3,POST get_monedas,200,OK,Benchmark - Operaciones Normales 1-16,text,true,,1572,255,2,2,http://localhost:3500/query/empresa_simulada,3,0,0
1783612251499,2,POST get_bancos,200,OK,Benchmark - Operaciones Normales 1-17,text,true,,1344,254,2,2,http://localhost:3500/query/empresa_simulada,2,0,0
1783612251499,2,POST get_empresa,200,OK,Benchmark - Operaciones Normales 1-16,text,true,,1456,255,2,2,http://localhost:3500/query/empresa_simulada,2,0,0
1783612251502,2,POST get_cuentas_cobrar,200,OK,Benchmark - Operaciones Normales 1-16,text,true,,1981,311,2,2,http://localhost:3500/query/empresa_simulada,2,0,0
1783612251501,4,POST get_monedas,200,OK,Benchmark - Operaciones Normales 1-17,text,true,,1572,255,2,2,http://localhost:3500/query/empresa_simulada,4,0,0
1783612251506,2,POST get_empresa,200,OK,Benchmark - Operaciones Normales 1-17,text,true,,1456,255,2,2,http://localhost:3500/query/empresa_simulada,2,0,0
1783612251505,4,POST get_bancos,200,OK,Benchmark - Operaciones Normales 1-16,text,true,,1344,254,2,2,http://localhost:3500/query/empresa_simulada,4,0,0
1783612251509,3,POST get_monedas,200,OK,Benchmark - Operaciones Normales 1-16,text,true,,1572,255,2,2,http://localhost:3500/query/empresa_simulada,3,0,0
1783612251509,4,POST get_cuentas_cobrar,200,OK,Benchmark - Operaciones Normales 1-17,text,true,,1981,311,2,2,http://localhost:3500/query/empresa_simulada,3,0,0
1783612251512,4,POST get_empresa,200,OK,Benchmark - Operaciones Normales 1-16,text,true,,1456,255,2,2,http://localhost:3500/query/empresa_simulada,4,0,0
1783612251513,6,POST get_bancos,200,OK,Benchmark - Operaciones Normales 1-17,text,true,,1344,254,1,1,http://localhost:3500/query/empresa_simulada,6,0,0
1783612251519,3,POST get_monedas,200,OK,Benchmark - Operaciones Normales 1-17,text,true,,1572,255,1,1,http://localhost:3500/query/empresa_simulada,3,0,0
1783612251522,3,POST get_empresa,200,OK,Benchmark - Operaciones Normales 1-17,text,true,,1456,255,1,1,http://localhost:3500/query/empresa_simulada,3,0,0
1783612251526,3,POST get_cuentas_cobrar,200,OK,Benchmark - Operaciones Normales 1-17,text,true,,1981,311,1,1,http://localhost:3500/query/empresa_simulada,3,0,0
1783612251529,3,POST get_bancos,200,OK,Benchmark - Operaciones Normales 1-17,text,true,,1344,254,1,1,http://localhost:3500/query/empresa_simulada,3,0,0
1783612251533,3,POST get_monedas,200,OK,Benchmark - Operaciones Normales 1-17,text,true,,1572,255,1,1,http://localhost:3500/query/empresa_simulada,3,0,0
1783612251536,3,POST get_empresa,200,OK,Benchmark - Operaciones Normales 1-17,text,true,,1456,255,1,1,http://localhost:3500/query/empresa_simulada,3,0,0
1783612251539,2,POST get_cuentas_cobrar,200,OK,Benchmark - Operaciones Normales 1-17,text,true,,1981,311,1,1,http://localhost:3500/query/empresa_simulada,2,0,0
1783612251542,2,POST get_bancos,200,OK,Benchmark - Operaciones Normales 1-17,text,true,,1344,254,1,1,http://localhost:3500/query/empresa_simulada,2,0,0
1783612251544,2,POST get_monedas,200,OK,Benchmark - Operaciones Normales 1-17,text,true,,1572,255,1,1,http://localhost:3500/query/empresa_simulada,2,0,0
1783612251546,2,POST get_empresa,200,OK,Benchmark - Operaciones Normales 1-17,text,true,,1456,255,1,1,http://localhost:3500/query/empresa_simulada,2,0,0
1783612251548,3,POST get_cuentas_cobrar,200,OK,Benchmark - Operaciones Normales 1-17,text,true,,1981,311,1,1,http://localhost:3500/query/empresa_simulada,3,0,0
1783612251551,2,POST get_bancos,200,OK,Benchmark - Operaciones Normales 1-17,text,true,,1344,254,1,1,http://localhost:3500/query/empresa_simulada,2,0,0
1783612251553,2,POST get_monedas,200,OK,Benchmark - Operaciones Normales 1-17,text,true,,1572,255,1,1,http://localhost:3500/query/empresa_simulada,2,0,0
1783612251555,2,POST get_empresa,200,OK,Benchmark - Operaciones Normales 1-17,text,true,,1456,255,1,1,http://localhost:3500/query/empresa_simulada,2,0,0
1783612251558,3,POST get_cuentas_cobrar,200,OK,Benchmark - Operaciones Normales 1-17,text,true,,1981,311,1,1,http://localhost:3500/query/empresa_simulada,3,0,0
1783612251562,2,POST get_bancos,200,OK,Benchmark - Operaciones Normales 1-17,text,true,,1344,254,1,1,http://localhost:3500/query/empresa_simulada,2,0,0
1783612251564,2,POST get_monedas,200,OK,Benchmark - Operaciones Normales 1-17,text,true,,1572,255,1,1,http://localhost:3500/query/empresa_simulada,2,0,0
1783612251566,2,POST get_empresa,200,OK,Benchmark - Operaciones Normales 1-17,text,true,,1456,255,1,1,http://localhost:3500/query/empresa_simulada,2,0,0
1783612251569,2,POST get_cuentas_cobrar,200,OK,Benchmark - Operaciones Normales 1-17,text,true,,1981,311,1,1,http://localhost:3500/query/empresa_simulada,2,0,0
1783612251571,2,POST get_bancos,200,OK,Benchmark - Operaciones Normales 1-17,text,true,,1344,254,1,1,http://localhost:3500/query/empresa_simulada,2,0,0
1783612251573,2,POST get_monedas,200,OK,Benchmark - Operaciones Normales 1-17,text,true,,1572,255,1,1,http://localhost:3500/query/empresa_simulada,2,0,0
1783612251576,2,POST get_empresa,200,OK,Benchmark - Operaciones Normales 1-17,text,true,,1456,255,1,1,http://localhost:3500/query/empresa_simulada,2,0,0
1783612251578,2,POST get_cuentas_cobrar,200,OK,Benchmark - Operaciones Normales 1-17,text,true,,1981,311,1,1,http://localhost:3500/query/empresa_simulada,2,0,0
1783612251581,2,POST get_bancos,200,OK,Benchmark - Operaciones Normales 1-17,text,true,,1344,254,2,2,http://localhost:3500/query/empresa_simulada,2,0,0
1783612251584,3,POST get_monedas,200,OK,Benchmark - Operaciones Normales 1-17,text,true,,1572,255,2,2,http://localhost:3500/query/empresa_simulada,3,0,0
1783612251584,4,POST get_cuentas_cobrar,200,OK,Benchmark - Operaciones Normales 1-18,text,true,,1981,311,2,2,http://localhost:3500/query/empresa_simulada,4,0,1
1783612251587,2,POST get_empresa,200,OK,Benchmark - Operaciones Normales 1-17,text,true,,1456,255,2,2,http://localhost:3500/query/empresa_simulada,2,0,0
1783612251589,3,POST get_bancos,200,OK,Benchmark - Operaciones Normales 1-18,text,true,,1344,254,2,2,http://localhost:3500/query/empresa_simulada,3,0,0
1783612251589,6,POST get_cuentas_cobrar,200,OK,Benchmark - Operaciones Normales 1-17,text,true,,1981,311,2,2,http://localhost:3500/query/empresa_simulada,5,0,0
1783612251592,14,POST get_monedas,200,OK,Benchmark - Operaciones Normales 1-18,text,true,,1572,255,2,2,http://localhost:3500/query/empresa_simulada,14,0,0
1783612251595,13,POST get_bancos,200,OK,Benchmark - Operaciones Normales 1-17,text,true,,1344,254,2,2,http://localhost:3500/query/empresa_simulada,13,0,0
1783612251606,3,POST get_empresa,200,OK,Benchmark - Operaciones Normales 1-18,text,true,,1456,255,2,2,http://localhost:3500/query/empresa_simulada,3,0,0
1783612251608,3,POST get_monedas,200,OK,Benchmark - Operaciones Normales 1-17,text,true,,1572,255,2,2,http://localhost:3500/query/empresa_simulada,3,0,0
1783612251609,3,POST get_cuentas_cobrar,200,OK,Benchmark - Operaciones Normales 1-18,text,true,,1981,311,2,2,http://localhost:3500/query/empresa_simulada,3,0,0
1783612251612,3,POST get_empresa,200,OK,Benchmark - Operaciones Normales 1-17,text,true,,1456,255,2,2,http://localhost:3500/query/empresa_simulada,3,0,0
1783612251612,5,POST get_bancos,200,OK,Benchmark - Operaciones Normales 1-18,text,true,,1344,254,1,1,http://localhost:3500/query/empresa_simulada,5,0,0
1783612251618,3,POST get_monedas,200,OK,Benchmark - Operaciones Normales 1-18,text,true,,1572,255,1,1,http://localhost:3500/query/empresa_simulada,3,0,0
1783612251621,3,POST get_empresa,200,OK,Benchmark - Operaciones Normales 1-18,text,true,,1456,255,1,1,http://localhost:3500/query/empresa_simulada,3,0,0
1783612251624,3,POST get_cuentas_cobrar,200,OK,Benchmark - Operaciones Normales 1-18,text,true,,1981,311,1,1,http://localhost:3500/query/empresa_simulada,3,0,0
1783612251628,3,POST get_bancos,200,OK,Benchmark - Operaciones Normales 1-18,text,true,,1344,254,1,1,http://localhost:3500/query/empresa_simulada,3,0,0
1783612251631,3,POST get_monedas,200,OK,Benchmark - Operaciones Normales 1-18,text,true,,1572,255,1,1,http://localhost:3500/query/empresa_simulada,3,0,0
1783612251635,2,POST get_empresa,200,OK,Benchmark - Operaciones Normales 1-18,text,true,,1456,255,1,1,http://localhost:3500/query/empresa_simulada,2,0,0
1783612251637,2,POST get_cuentas_cobrar,200,OK,Benchmark - Operaciones Normales 1-18,text,true,,1981,311,1,1,http://localhost:3500/query/empresa_simulada,2,0,0
1783612251640,2,POST get_bancos,200,OK,Benchmark - Operaciones Normales 1-18,text,true,,1344,254,1,1,http://localhost:3500/query/empresa_simulada,2,0,0
1783612251642,2,POST get_monedas,200,OK,Benchmark - Operaciones Normales 1-18,text,true,,1572,255,1,1,http://localhost:3500/query/empresa_simulada,2,0,0
1783612251644,2,POST get_empresa,200,OK,Benchmark - Operaciones Normales 1-18,text,true,,1456,255,1,1,http://localhost:3500/query/empresa_simulada,2,0,0
1783612251647,2,POST get_cuentas_cobrar,200,OK,Benchmark - Operaciones Normales 1-18,text,true,,1981,311,1,1,http://localhost:3500/query/empresa_simulada,2,0,0
1783612251649,2,POST get_bancos,200,OK,Benchmark - Operaciones Normales 1-18,text,true,,1344,254,1,1,http://localhost:3500/query/empresa_simulada,2,0,0
1783612251652,2,POST get_monedas,200,OK,Benchmark - Operaciones Normales 1-18,text,true,,1572,255,1,1,http://localhost:3500/query/empresa_simulada,2,0,0
1783612251654,2,POST get_empresa,200,OK,Benchmark - Operaciones Normales 1-18,text,true,,1456,255,1,1,http://localhost:3500/query/empresa_simulada,2,0,0
1783612251657,3,POST get_cuentas_cobrar,200,OK,Benchmark - Operaciones Normales 1-18,text,true,,1981,311,1,1,http://localhost:3500/query/empresa_simulada,3,0,0
1783612251661,2,POST get_bancos,200,OK,Benchmark - Operaciones Normales 1-18,text,true,,1344,254,1,1,http://localhost:3500/query/empresa_simulada,2,0,0
1783612251663,2,POST get_monedas,200,OK,Benchmark - Operaciones Normales 1-18,text,true,,1572,255,1,1,http://localhost:3500/query/empresa_simulada,2,0,0
1783612251665,3,POST get_empresa,200,OK,Benchmark - Operaciones Normales 1-18,text,true,,1456,255,1,1,http://localhost:3500/query/empresa_simulada,3,0,0
1783612251668,3,POST get_cuentas_cobrar,200,OK,Benchmark - Operaciones Normales 1-18,text,true,,1981,311,1,1,http://localhost:3500/query/empresa_simulada,3,0,0
1783612251672,2,POST get_bancos,200,OK,Benchmark - Operaciones Normales 1-18,text,true,,1344,254,1,1,http://localhost:3500/query/empresa_simulada,2,0,0
1783612251674,2,POST get_monedas,200,OK,Benchmark - Operaciones Normales 1-18,text,true,,1572,255,1,1,http://localhost:3500/query/empresa_simulada,2,0,0
1783612251677,2,POST get_empresa,200,OK,Benchmark - Operaciones Normales 1-18,text,true,,1456,255,1,1,http://localhost:3500/query/empresa_simulada,2,0,0
1783612251679,2,POST get_cuentas_cobrar,200,OK,Benchmark - Operaciones Normales 1-18,text,true,,1981,311,1,1,http://localhost:3500/query/empresa_simulada,2,0,0
1783612251682,2,POST get_bancos,200,OK,Benchmark - Operaciones Normales 1-18,text,true,,1344,254,2,2,http://localhost:3500/query/empresa_simulada,2,0,0
1783612251684,3,POST get_monedas,200,OK,Benchmark - Operaciones Normales 1-18,text,true,,1572,255,2,2,http://localhost:3500/query/empresa_simulada,3,0,0
1783612251684,4,POST get_cuentas_cobrar,200,OK,Benchmark - Operaciones Normales 1-19,text,true,,1981,311,2,2,http://localhost:3500/query/empresa_simulada,4,0,1
1783612251687,2,POST get_empresa,200,OK,Benchmark - Operaciones Normales 1-18,text,true,,1456,255,2,2,http://localhost:3500/query/empresa_simulada,2,0,0
1783612251689,3,POST get_bancos,200,OK,Benchmark - Operaciones Normales 1-19,text,true,,1344,254,2,2,http://localhost:3500/query/empresa_simulada,3,0,0
1783612251689,5,POST get_cuentas_cobrar,200,OK,Benchmark - Operaciones Normales 1-18,text,true,,1981,311,2,2,http://localhost:3500/query/empresa_simulada,5,0,0
1783612251693,3,POST get_monedas,200,OK,Benchmark - Operaciones Normales 1-19,text,true,,1572,255,2,2,http://localhost:3500/query/empresa_simulada,3,0,0
1783612251694,3,POST get_bancos,200,OK,Benchmark - Operaciones Normales 1-18,text,true,,1344,254,2,2,http://localhost:3500/query/empresa_simulada,3,0,0
1783612251696,3,POST get_empresa,200,OK,Benchmark - Operaciones Normales 1-19,text,true,,1456,255,2,2,http://localhost:3500/query/empresa_simulada,3,0,0
1783612251697,2,POST get_monedas,200,OK,Benchmark - Operaciones Normales 1-18,text,true,,1572,255,2,2,http://localhost:3500/query/empresa_simulada,2,0,0
1783612251700,2,POST get_empresa,200,OK,Benchmark - Operaciones Normales 1-18,text,true,,1456,255,2,2,http://localhost:3500/query/empresa_simulada,2,0,0
1783612251699,3,POST get_cuentas_cobrar,200,OK,Benchmark - Operaciones Normales 1-19,text,true,,1981,311,2,2,http://localhost:3500/query/empresa_simulada,3,0,0
1783612251702,2,POST get_cuentas_cobrar,200,OK,Benchmark - Operaciones Normales 1-18,text,true,,1981,311,2,2,http://localhost:3500/query/empresa_simulada,2,0,0
1783612251702,3,POST get_bancos,200,OK,Benchmark - Operaciones Normales 1-19,text,true,,1344,254,2,2,http://localhost:3500/query/empresa_simulada,3,0,0
1783612251705,2,POST get_monedas,200,OK,Benchmark - Operaciones Normales 1-19,text,true,,1572,255,2,2,http://localhost:3500/query/empresa_simulada,2,0,0
1783612251705,3,POST get_bancos,200,OK,Benchmark - Operaciones Normales 1-18,text,true,,1344,254,2,2,http://localhost:3500/query/empresa_simulada,3,0,0
1783612251707,2,POST get_empresa,200,OK,Benchmark - Operaciones Normales 1-19,text,true,,1456,255,2,2,http://localhost:3500/query/empresa_simulada,2,0,0
1783612251708,2,POST get_monedas,200,OK,Benchmark - Operaciones Normales 1-18,text,true,,1572,255,2,2,http://localhost:3500/query/empresa_simulada,2,0,0
1783612251710,2,POST get_cuentas_cobrar,200,OK,Benchmark - Operaciones Normales 1-19,text,true,,1981,311,2,2,http://localhost:3500/query/empresa_simulada,2,0,0
1783612251710,3,POST get_empresa,200,OK,Benchmark - Operaciones Normales 1-18,text,true,,1456,255,2,2,http://localhost:3500/query/empresa_simulada,2,0,0
1783612251712,2,POST get_bancos,200,OK,Benchmark - Operaciones Normales 1-19,text,true,,1344,254,1,1,http://localhost:3500/query/empresa_simulada,2,0,0
1783612251715,2,POST get_monedas,200,OK,Benchmark - Operaciones Normales 1-19,text,true,,1572,255,1,1,http://localhost:3500/query/empresa_simulada,2,0,0
1783612251717,3,POST get_empresa,200,OK,Benchmark - Operaciones Normales 1-19,text,true,,1456,255,1,1,http://localhost:3500/query/empresa_simulada,3,0,0
1783612251720,3,POST get_cuentas_cobrar,200,OK,Benchmark - Operaciones Normales 1-19,text,true,,1981,311,1,1,http://localhost:3500/query/empresa_simulada,3,0,0
1783612251723,3,POST get_bancos,200,OK,Benchmark - Operaciones Normales 1-19,text,true,,1344,254,1,1,http://localhost:3500/query/empresa_simulada,3,0,0
1783612251726,3,POST get_monedas,200,OK,Benchmark - Operaciones Normales 1-19,text,true,,1572,255,1,1,http://localhost:3500/query/empresa_simulada,3,0,0
1783612251729,3,POST get_empresa,200,OK,Benchmark - Operaciones Normales 1-19,text,true,,1456,255,1,1,http://localhost:3500/query/empresa_simulada,3,0,0
1783612251733,2,POST get_cuentas_cobrar,200,OK,Benchmark - Operaciones Normales 1-19,text,true,,1981,311,1,1,http://localhost:3500/query/empresa_simulada,2,0,0
1783612251735,3,POST get_bancos,200,OK,Benchmark - Operaciones Normales 1-19,text,true,,1344,254,1,1,http://localhost:3500/query/empresa_simulada,3,0,0
1783612251738,2,POST get_monedas,200,OK,Benchmark - Operaciones Normales 1-19,text,true,,1572,255,1,1,http://localhost:3500/query/empresa_simulada,2,0,0
1783612251740,3,POST get_empresa,200,OK,Benchmark - Operaciones Normales 1-19,text,true,,1456,255,1,1,http://localhost:3500/query/empresa_simulada,3,0,0
1783612251743,2,POST get_cuentas_cobrar,200,OK,Benchmark - Operaciones Normales 1-19,text,true,,1981,311,1,1,http://localhost:3500/query/empresa_simulada,2,0,0
1783612251745,2,POST get_bancos,200,OK,Benchmark - Operaciones Normales 1-19,text,true,,1344,254,1,1,http://localhost:3500/query/empresa_simulada,2,0,0
1783612251748,2,POST get_monedas,200,OK,Benchmark - Operaciones Normales 1-19,text,true,,1572,255,1,1,http://localhost:3500/query/empresa_simulada,2,0,0
1783612251750,2,POST get_empresa,200,OK,Benchmark - Operaciones Normales 1-19,text,true,,1456,255,1,1,http://localhost:3500/query/empresa_simulada,2,0,0
1783612251753,2,POST get_cuentas_cobrar,200,OK,Benchmark - Operaciones Normales 1-19,text,true,,1981,311,1,1,http://localhost:3500/query/empresa_simulada,2,0,0
1783612251755,3,POST get_bancos,200,OK,Benchmark - Operaciones Normales 1-19,text,true,,1344,254,1,1,http://localhost:3500/query/empresa_simulada,3,0,0
1783612251758,2,POST get_monedas,200,OK,Benchmark - Operaciones Normales 1-19,text,true,,1572,255,1,1,http://localhost:3500/query/empresa_simulada,2,0,0
1783612251760,2,POST get_empresa,200,OK,Benchmark - Operaciones Normales 1-19,text,true,,1456,255,1,1,http://localhost:3500/query/empresa_simulada,2,0,0
1783612251763,2,POST get_cuentas_cobrar,200,OK,Benchmark - Operaciones Normales 1-19,text,true,,1981,311,1,1,http://localhost:3500/query/empresa_simulada,2,0,0
1783612251766,2,POST get_bancos,200,OK,Benchmark - Operaciones Normales 1-19,text,true,,1344,254,1,1,http://localhost:3500/query/empresa_simulada,2,0,0
1783612251768,3,POST get_monedas,200,OK,Benchmark - Operaciones Normales 1-19,text,true,,1572,255,1,1,http://localhost:3500/query/empresa_simulada,3,0,0
1783612251771,4,POST get_empresa,200,OK,Benchmark - Operaciones Normales 1-19,text,true,,1456,255,1,1,http://localhost:3500/query/empresa_simulada,4,0,0
1783612251776,2,POST get_cuentas_cobrar,200,OK,Benchmark - Operaciones Normales 1-19,text,true,,1981,311,1,1,http://localhost:3500/query/empresa_simulada,2,0,0
1783612251778,2,POST get_bancos,200,OK,Benchmark - Operaciones Normales 1-19,text,true,,1344,254,1,1,http://localhost:3500/query/empresa_simulada,2,0,0
1783612251781,3,POST get_monedas,200,OK,Benchmark - Operaciones Normales 1-19,text,true,,1572,255,2,2,http://localhost:3500/query/empresa_simulada,3,0,0
1783612251784,3,POST get_empresa,200,OK,Benchmark - Operaciones Normales 1-19,text,true,,1456,255,2,2,http://localhost:3500/query/empresa_simulada,3,0,0
1783612251784,5,POST get_cuentas_cobrar,200,OK,Benchmark - Operaciones Normales 1-20,text,true,,1981,311,2,2,http://localhost:3500/query/empresa_simulada,5,0,2
1783612251788,2,POST get_cuentas_cobrar,200,OK,Benchmark - Operaciones Normales 1-19,text,true,,1981,311,2,2,http://localhost:3500/query/empresa_simulada,2,0,0
1783612251790,3,POST get_bancos,200,OK,Benchmark - Operaciones Normales 1-20,text,true,,1344,254,2,2,http://localhost:3500/query/empresa_simulada,3,0,0
1783612251790,5,POST get_bancos,200,OK,Benchmark - Operaciones Normales 1-19,text,true,,1344,254,2,2,http://localhost:3500/query/empresa_simulada,5,0,0
1783612251793,3,POST get_monedas,200,OK,Benchmark - Operaciones Normales 1-20,text,true,,1572,255,2,2,http://localhost:3500/query/empresa_simulada,3,0,0
1783612251795,6,POST get_monedas,200,OK,Benchmark - Operaciones Normales 1-19,text,true,,1572,255,2,2,http://localhost:3500/query/empresa_simulada,6,0,0
1783612251797,4,POST get_empresa,200,OK,Benchmark - Operaciones Normales 1-20,text,true,,1456,255,2,2,http://localhost:3500/query/empresa_simulada,4,0,0
1783612251801,3,POST get_cuentas_cobrar,200,OK,Benchmark - Operaciones Normales 1-20,text,true,,1981,311,2,2,http://localhost:3500/query/empresa_simulada,3,0,0
1783612251801,4,POST get_empresa,200,OK,Benchmark - Operaciones Normales 1-19,text,true,,1456,255,2,2,http://localhost:3500/query/empresa_simulada,4,0,0
1783612251805,4,POST get_bancos,200,OK,Benchmark - Operaciones Normales 1-20,text,true,,1344,254,1,1,http://localhost:3500/query/empresa_simulada,4,0,0
1783612251809,2,POST get_monedas,200,OK,Benchmark - Operaciones Normales 1-20,text,true,,1572,255,1,1,http://localhost:3500/query/empresa_simulada,2,0,0
1783612251812,3,POST get_empresa,200,OK,Benchmark - Operaciones Normales 1-20,text,true,,1456,255,1,1,http://localhost:3500/query/empresa_simulada,3,0,0
1783612251815,3,POST get_cuentas_cobrar,200,OK,Benchmark - Operaciones Normales 1-20,text,true,,1981,311,1,1,http://localhost:3500/query/empresa_simulada,3,0,0
1783612251818,4,POST get_bancos,200,OK,Benchmark - Operaciones Normales 1-20,text,true,,1344,254,1,1,http://localhost:3500/query/empresa_simulada,3,0,0
1783612251822,3,POST get_monedas,200,OK,Benchmark - Operaciones Normales 1-20,text,true,,1572,255,1,1,http://localhost:3500/query/empresa_simulada,3,0,0
1783612251826,2,POST get_empresa,200,OK,Benchmark - Operaciones Normales 1-20,text,true,,1456,255,1,1,http://localhost:3500/query/empresa_simulada,2,0,0
1783612251829,3,POST get_cuentas_cobrar,200,OK,Benchmark - Operaciones Normales 1-20,text,true,,1981,311,1,1,http://localhost:3500/query/empresa_simulada,3,0,0
1783612251832,3,POST get_bancos,200,OK,Benchmark - Operaciones Normales 1-20,text,true,,1344,254,1,1,http://localhost:3500/query/empresa_simulada,3,0,0
1783612251835,4,POST get_monedas,200,OK,Benchmark - Operaciones Normales 1-20,text,true,,1572,255,1,1,http://localhost:3500/query/empresa_simulada,3,0,0
1783612251839,3,POST get_empresa,200,OK,Benchmark - Operaciones Normales 1-20,text,true,,1456,255,1,1,http://localhost:3500/query/empresa_simulada,3,0,0
1783612251842,4,POST get_cuentas_cobrar,200,OK,Benchmark - Operaciones Normales 1-20,text,true,,1981,311,1,1,http://localhost:3500/query/empresa_simulada,4,0,0
1783612251847,3,POST get_bancos,200,OK,Benchmark - Operaciones Normales 1-20,text,true,,1344,254,1,1,http://localhost:3500/query/empresa_simulada,3,0,0
1783612251850,4,POST get_monedas,200,OK,Benchmark - Operaciones Normales 1-20,text,true,,1572,255,1,1,http://localhost:3500/query/empresa_simulada,4,0,0
1783612251854,3,POST get_empresa,200,OK,Benchmark - Operaciones Normales 1-20,text,true,,1456,255,1,1,http://localhost:3500/query/empresa_simulada,3,0,0
1783612251857,4,POST get_cuentas_cobrar,200,OK,Benchmark - Operaciones Normales 1-20,text,true,,1981,311,1,1,http://localhost:3500/query/empresa_simulada,4,0,0
1783612251862,4,POST get_bancos,200,OK,Benchmark - Operaciones Normales 1-20,text,true,,1344,254,1,1,http://localhost:3500/query/empresa_simulada,4,0,0
1783612251867,3,POST get_monedas,200,OK,Benchmark - Operaciones Normales 1-20,text,true,,1572,255,1,1,http://localhost:3500/query/empresa_simulada,3,0,0
1783612251870,3,POST get_empresa,200,OK,Benchmark - Operaciones Normales 1-20,text,true,,1456,255,1,1,http://localhost:3500/query/empresa_simulada,3,0,0
1783612251874,3,POST get_cuentas_cobrar,200,OK,Benchmark - Operaciones Normales 1-20,text,true,,1981,311,1,1,http://localhost:3500/query/empresa_simulada,3,0,0
1783612251877,3,POST get_bancos,200,OK,Benchmark - Operaciones Normales 1-20,text,true,,1344,254,1,1,http://localhost:3500/query/empresa_simulada,3,0,0
1783612251880,3,POST get_monedas,200,OK,Benchmark - Operaciones Normales 1-20,text,true,,1572,255,2,2,http://localhost:3500/query/empresa_simulada,3,0,0
1783612251884,5,POST get_empresa,200,OK,Benchmark - Operaciones Normales 1-20,text,true,,1456,255,2,2,http://localhost:3500/query/empresa_simulada,5,0,0
1783612251890,4,POST get_cuentas_cobrar,200,OK,Benchmark - Operaciones Normales 1-20,text,true,,1981,311,2,2,http://localhost:3500/query/empresa_simulada,4,0,0
1783612251887,8,POST get_cuentas_cobrar,200,OK,Benchmark - Operaciones Normales 1-21,text,true,,1981,311,2,2,http://localhost:3500/query/empresa_simulada,8,0,2
1783612251894,4,POST get_bancos,200,OK,Benchmark - Operaciones Normales 1-20,text,true,,1344,254,2,2,http://localhost:3500/query/empresa_simulada,4,0,0
1783612251895,4,POST get_bancos,200,OK,Benchmark - Operaciones Normales 1-21,text,true,,1344,254,2,2,http://localhost:3500/query/empresa_simulada,4,0,0
1783612251898,4,POST get_monedas,200,OK,Benchmark - Operaciones Normales 1-20,text,true,,1572,255,2,2,http://localhost:3500/query/empresa_simulada,4,0,0
1783612251899,3,POST get_monedas,200,OK,Benchmark - Operaciones Normales 1-21,text,true,,1572,255,2,2,http://localhost:3500/query/empresa_simulada,3,0,0
1783612251902,3,POST get_empresa,200,OK,Benchmark - Operaciones Normales 1-20,text,true,,1456,255,2,2,http://localhost:3500/query/empresa_simulada,3,0,0
1783612251903,3,POST get_empresa,200,OK,Benchmark - Operaciones Normales 1-21,text,true,,1456,255,2,2,http://localhost:3500/query/empresa_simulada,3,0,0
1783612251905,3,POST get_cuentas_cobrar,200,OK,Benchmark - Operaciones Normales 1-20,text,true,,1981,311,2,2,http://localhost:3500/query/empresa_simulada,3,0,0
1783612251906,5,POST get_cuentas_cobrar,200,OK,Benchmark - Operaciones Normales 1-21,text,true,,1981,311,2,2,http://localhost:3500/query/empresa_simulada,5,0,0
1783612251908,5,POST get_bancos,200,OK,Benchmark - Operaciones Normales 1-20,text,true,,1344,254,2,2,http://localhost:3500/query/empresa_simulada,5,0,0
1783612251911,5,POST get_bancos,200,OK,Benchmark - Operaciones Normales 1-21,text,true,,1344,254,2,2,http://localhost:3500/query/empresa_simulada,5,0,0
1783612251914,4,POST get_monedas,200,OK,Benchmark - Operaciones Normales 1-20,text,true,,1572,255,2,2,http://localhost:3500/query/empresa_simulada,4,0,0
1783612251917,4,POST get_monedas,200,OK,Benchmark - Operaciones Normales 1-21,text,true,,1572,255,2,2,http://localhost:3500/query/empresa_simulada,4,0,0
1783612251918,3,POST get_empresa,200,OK,Benchmark - Operaciones Normales 1-20,text,true,,1456,255,2,2,http://localhost:3500/query/empresa_simulada,3,0,0
1783612251921,3,POST get_empresa,200,OK,Benchmark - Operaciones Normales 1-21,text,true,,1456,255,2,2,http://localhost:3500/query/empresa_simulada,3,0,0
1783612251921,5,POST get_cuentas_cobrar,200,OK,Benchmark - Operaciones Normales 1-20,text,true,,1981,311,2,2,http://localhost:3500/query/empresa_simulada,5,0,0
1783612251924,3,POST get_cuentas_cobrar,200,OK,Benchmark - Operaciones Normales 1-21,text,true,,1981,311,2,2,http://localhost:3500/query/empresa_simulada,3,0,0
1783612251926,3,POST get_bancos,200,OK,Benchmark - Operaciones Normales 1-20,text,true,,1344,254,2,2,http://localhost:3500/query/empresa_simulada,3,0,0
1783612251927,2,POST get_bancos,200,OK,Benchmark - Operaciones Normales 1-21,text,true,,1344,254,2,2,http://localhost:3500/query/empresa_simulada,2,0,0
1783612251929,3,POST get_monedas,200,OK,Benchmark - Operaciones Normales 1-20,text,true,,1572,255,2,2,http://localhost:3500/query/empresa_simulada,3,0,0
1783612251930,2,POST get_monedas,200,OK,Benchmark - Operaciones Normales 1-21,text,true,,1572,255,2,2,http://localhost:3500/query/empresa_simulada,2,0,0
1783612251932,2,POST get_empresa,200,OK,Benchmark - Operaciones Normales 1-20,text,true,,1456,255,2,2,http://localhost:3500/query/empresa_simulada,2,0,0
1783612251933,2,POST get_empresa,200,OK,Benchmark - Operaciones Normales 1-21,text,true,,1456,255,1,1,http://localhost:3500/query/empresa_simulada,2,0,0
1783612251936,5,POST get_cuentas_cobrar,200,OK,Benchmark - Operaciones Normales 1-21,text,true,,1981,311,1,1,http://localhost:3500/query/empresa_simulada,5,0,0
1783612251941,3,POST get_bancos,200,OK,Benchmark - Operaciones Normales 1-21,text,true,,1344,254,1,1,http://localhost:3500/query/empresa_simulada,3,0,0
1783612251944,2,POST get_monedas,200,OK,Benchmark - Operaciones Normales 1-21,text,true,,1572,255,1,1,http://localhost:3500/query/empresa_simulada,2,0,0
1783612251946,3,POST get_empresa,200,OK,Benchmark - Operaciones Normales 1-21,text,true,,1456,255,1,1,http://localhost:3500/query/empresa_simulada,3,0,0
1783612251949,2,POST get_cuentas_cobrar,200,OK,Benchmark - Operaciones Normales 1-21,text,true,,1981,311,1,1,http://localhost:3500/query/empresa_simulada,2,0,0
1783612251952,2,POST get_bancos,200,OK,Benchmark - Operaciones Normales 1-21,text,true,,1344,254,1,1,http://localhost:3500/query/empresa_simulada,2,0,0
1783612251954,2,POST get_monedas,200,OK,Benchmark - Operaciones Normales 1-21,text,true,,1572,255,1,1,http://localhost:3500/query/empresa_simulada,2,0,0
1783612251956,2,POST get_empresa,200,OK,Benchmark - Operaciones Normales 1-21,text,true,,1456,255,1,1,http://localhost:3500/query/empresa_simulada,2,0,0
1783612251959,3,POST get_cuentas_cobrar,200,OK,Benchmark - Operaciones Normales 1-21,text,true,,1981,311,1,1,http://localhost:3500/query/empresa_simulada,3,0,0
1783612251962,3,POST get_bancos,200,OK,Benchmark - Operaciones Normales 1-21,text,true,,1344,254,1,1,http://localhost:3500/query/empresa_simulada,3,0,0
1783612251965,2,POST get_monedas,200,OK,Benchmark - Operaciones Normales 1-21,text,true,,1572,255,1,1,http://localhost:3500/query/empresa_simulada,2,0,0
1783612251967,2,POST get_empresa,200,OK,Benchmark - Operaciones Normales 1-21,text,true,,1456,255,1,1,http://localhost:3500/query/empresa_simulada,2,0,0
1783612251970,2,POST get_cuentas_cobrar,200,OK,Benchmark - Operaciones Normales 1-21,text,true,,1981,311,1,1,http://localhost:3500/query/empresa_simulada,2,0,0
1783612251972,2,POST get_bancos,200,OK,Benchmark - Operaciones Normales 1-21,text,true,,1344,254,1,1,http://localhost:3500/query/empresa_simulada,2,0,0
1783612251975,2,POST get_monedas,200,OK,Benchmark - Operaciones Normales 1-21,text,true,,1572,255,1,1,http://localhost:3500/query/empresa_simulada,2,0,0
1783612251977,2,POST get_empresa,200,OK,Benchmark - Operaciones Normales 1-21,text,true,,1456,255,1,1,http://localhost:3500/query/empresa_simulada,2,0,0
1783612251979,2,POST get_cuentas_cobrar,200,OK,Benchmark - Operaciones Normales 1-21,text,true,,1981,311,1,1,http://localhost:3500/query/empresa_simulada,2,0,0
1783612251981,3,POST get_bancos,200,OK,Benchmark - Operaciones Normales 1-21,text,true,,1344,254,2,2,http://localhost:3500/query/empresa_simulada,3,0,0
1783612251984,3,POST get_monedas,200,OK,Benchmark - Operaciones Normales 1-21,text,true,,1572,255,2,2,http://localhost:3500/query/empresa_simulada,3,0,0
1783612251984,4,POST get_cuentas_cobrar,200,OK,Benchmark - Operaciones Normales 1-22,text,true,,1981,311,2,2,http://localhost:3500/query/empresa_simulada,4,0,1
1783612251987,2,POST get_empresa,200,OK,Benchmark - Operaciones Normales 1-21,text,true,,1456,255,2,2,http://localhost:3500/query/empresa_simulada,2,0,0
1783612251988,3,POST get_bancos,200,OK,Benchmark - Operaciones Normales 1-22,text,true,,1344,254,2,2,http://localhost:3500/query/empresa_simulada,3,0,0
1783612251990,2,POST get_cuentas_cobrar,200,OK,Benchmark - Operaciones Normales 1-21,text,true,,1981,311,2,2,http://localhost:3500/query/empresa_simulada,2,0,0
1783612251991,3,POST get_monedas,200,OK,Benchmark - Operaciones Normales 1-22,text,true,,1572,255,2,2,http://localhost:3500/query/empresa_simulada,3,0,0
1783612251992,3,POST get_bancos,200,OK,Benchmark - Operaciones Normales 1-21,text,true,,1344,254,2,2,http://localhost:3500/query/empresa_simulada,3,0,0
1783612251994,3,POST get_empresa,200,OK,Benchmark - Operaciones Normales 1-22,text,true,,1456,255,2,2,http://localhost:3500/query/empresa_simulada,3,0,0
1783612251995,3,POST get_monedas,200,OK,Benchmark - Operaciones Normales 1-21,text,true,,1572,255,2,2,http://localhost:3500/query/empresa_simulada,3,0,0
1783612251997,3,POST get_cuentas_cobrar,200,OK,Benchmark - Operaciones Normales 1-22,text,true,,1981,311,2,2,http://localhost:3500/query/empresa_simulada,3,0,0
1783612251998,3,POST get_empresa,200,OK,Benchmark - Operaciones Normales 1-21,text,true,,1456,255,2,2,http://localhost:3500/query/empresa_simulada,3,0,0
1783612252000,2,POST get_bancos,200,OK,Benchmark - Operaciones Normales 1-22,text,true,,1344,254,2,2,http://localhost:3500/query/empresa_simulada,2,0,0
1783612252001,2,POST get_cuentas_cobrar,200,OK,Benchmark - Operaciones Normales 1-21,text,true,,1981,311,2,2,http://localhost:3500/query/empresa_simulada,2,0,0
1783612252003,2,POST get_monedas,200,OK,Benchmark - Operaciones Normales 1-22,text,true,,1572,255,2,2,http://localhost:3500/query/empresa_simulada,2,0,0
1783612252003,3,POST get_bancos,200,OK,Benchmark - Operaciones Normales 1-21,text,true,,1344,254,2,2,http://localhost:3500/query/empresa_simulada,3,0,0
1783612252005,3,POST get_empresa,200,OK,Benchmark - Operaciones Normales 1-22,text,true,,1456,255,2,2,http://localhost:3500/query/empresa_simulada,3,0,0
1783612252006,2,POST get_monedas,200,OK,Benchmark - Operaciones Normales 1-21,text,true,,1572,255,2,2,http://localhost:3500/query/empresa_simulada,2,0,0
1783612252008,2,POST get_cuentas_cobrar,200,OK,Benchmark - Operaciones Normales 1-22,text,true,,1981,311,2,2,http://localhost:3500/query/empresa_simulada,2,0,0
1783612252009,2,POST get_empresa,200,OK,Benchmark - Operaciones Normales 1-21,text,true,,1456,255,2,2,http://localhost:3500/query/empresa_simulada,2,0,0
1783612252011,2,POST get_bancos,200,OK,Benchmark - Operaciones Normales 1-22,text,true,,1344,254,1,1,http://localhost:3500/query/empresa_simulada,2,0,0
1783612252013,3,POST get_monedas,200,OK,Benchmark - Operaciones Normales 1-22,text,true,,1572,255,1,1,http://localhost:3500/query/empresa_simulada,3,0,0
1783612252017,2,POST get_empresa,200,OK,Benchmark - Operaciones Normales 1-22,text,true,,1456,255,1,1,http://localhost:3500/query/empresa_simulada,2,0,0
1783612252019,2,POST get_cuentas_cobrar,200,OK,Benchmark - Operaciones Normales 1-22,text,true,,1981,311,1,1,http://localhost:3500/query/empresa_simulada,2,0,0
1783612252021,3,POST get_bancos,200,OK,Benchmark - Operaciones Normales 1-22,text,true,,1344,254,1,1,http://localhost:3500/query/empresa_simulada,2,0,0
1783612252024,2,POST get_monedas,200,OK,Benchmark - Operaciones Normales 1-22,text,true,,1572,255,1,1,http://localhost:3500/query/empresa_simulada,2,0,0
1783612252026,2,POST get_empresa,200,OK,Benchmark - Operaciones Normales 1-22,text,true,,1456,255,1,1,http://localhost:3500/query/empresa_simulada,2,0,0
1783612252028,2,POST get_cuentas_cobrar,200,OK,Benchmark - Operaciones Normales 1-22,text,true,,1981,311,1,1,http://localhost:3500/query/empresa_simulada,2,0,0
1783612252031,1,POST get_bancos,200,OK,Benchmark - Operaciones Normales 1-22,text,true,,1344,254,1,1,http://localhost:3500/query/empresa_simulada,1,0,0
1783612252033,2,POST get_monedas,200,OK,Benchmark - Operaciones Normales 1-22,text,true,,1572,255,1,1,http://localhost:3500/query/empresa_simulada,1,0,0
1783612252035,2,POST get_empresa,200,OK,Benchmark - Operaciones Normales 1-22,text,true,,1456,255,1,1,http://localhost:3500/query/empresa_simulada,2,0,0
1783612252037,2,POST get_cuentas_cobrar,200,OK,Benchmark - Operaciones Normales 1-22,text,true,,1981,311,1,1,http://localhost:3500/query/empresa_simulada,2,0,0
1783612252039,2,POST get_bancos,200,OK,Benchmark - Operaciones Normales 1-22,text,true,,1344,254,1,1,http://localhost:3500/query/empresa_simulada,2,0,0
1783612252041,3,POST get_monedas,200,OK,Benchmark - Operaciones Normales 1-22,text,true,,1572,255,1,1,http://localhost:3500/query/empresa_simulada,3,0,0
1783612252044,2,POST get_empresa,200,OK,Benchmark - Operaciones Normales 1-22,text,true,,1456,255,1,1,http://localhost:3500/query/empresa_simulada,2,0,0
1783612252047,2,POST get_cuentas_cobrar,200,OK,Benchmark - Operaciones Normales 1-22,text,true,,1981,311,1,1,http://localhost:3500/query/empresa_simulada,2,0,0
1783612252049,2,POST get_bancos,200,OK,Benchmark - Operaciones Normales 1-22,text,true,,1344,254,1,1,http://localhost:3500/query/empresa_simulada,2,0,0
1783612252051,2,POST get_monedas,200,OK,Benchmark - Operaciones Normales 1-22,text,true,,1572,255,1,1,http://localhost:3500/query/empresa_simulada,2,0,0
1783612252054,3,POST get_empresa,200,OK,Benchmark - Operaciones Normales 1-22,text,true,,1456,255,1,1,http://localhost:3500/query/empresa_simulada,3,0,0
1783612252057,2,POST get_cuentas_cobrar,200,OK,Benchmark - Operaciones Normales 1-22,text,true,,1981,311,1,1,http://localhost:3500/query/empresa_simulada,2,0,0
1783612252060,2,POST get_bancos,200,OK,Benchmark - Operaciones Normales 1-22,text,true,,1344,254,1,1,http://localhost:3500/query/empresa_simulada,2,0,0
1783612252062,2,POST get_monedas,200,OK,Benchmark - Operaciones Normales 1-22,text,true,,1572,255,1,1,http://localhost:3500/query/empresa_simulada,2,0,0
1783612252064,2,POST get_empresa,200,OK,Benchmark - Operaciones Normales 1-22,text,true,,1456,255,1,1,http://localhost:3500/query/empresa_simulada,2,0,0
1783612252066,3,POST get_cuentas_cobrar,200,OK,Benchmark - Operaciones Normales 1-22,text,true,,1981,311,1,1,http://localhost:3500/query/empresa_simulada,3,0,0
1783612252069,2,POST get_bancos,200,OK,Benchmark - Operaciones Normales 1-22,text,true,,1344,254,1,1,http://localhost:3500/query/empresa_simulada,2,0,0
1783612252072,2,POST get_monedas,200,OK,Benchmark - Operaciones Normales 1-22,text,true,,1572,255,1,1,http://localhost:3500/query/empresa_simulada,2,0,0
1783612252075,1,POST get_empresa,200,OK,Benchmark - Operaciones Normales 1-22,text,true,,1456,255,1,1,http://localhost:3500/query/empresa_simulada,1,0,0
1783612252077,2,POST get_cuentas_cobrar,200,OK,Benchmark - Operaciones Normales 1-22,text,true,,1981,311,1,1,http://localhost:3500/query/empresa_simulada,2,0,0
1783612252079,2,POST get_bancos,200,OK,Benchmark - Operaciones Normales 1-22,text,true,,1344,254,1,1,http://localhost:3500/query/empresa_simulada,2,0,0
1783612252081,3,POST get_monedas,200,OK,Benchmark - Operaciones Normales 1-22,text,true,,1572,255,2,2,http://localhost:3500/query/empresa_simulada,3,0,0
1783612252084,3,POST get_empresa,200,OK,Benchmark - Operaciones Normales 1-22,text,true,,1456,255,2,2,http://localhost:3500/query/empresa_simulada,3,0,0
1783612252084,4,POST get_cuentas_cobrar,200,OK,Benchmark - Operaciones Normales 1-23,text,true,,1981,311,1,1,http://localhost:3500/query/empresa_simulada,4,0,1
1783612252088,2,POST get_bancos,200,OK,Benchmark - Operaciones Normales 1-23,text,true,,1344,254,1,1,http://localhost:3500/query/empresa_simulada,2,0,0
1783612252091,2,POST get_monedas,200,OK,Benchmark - Operaciones Normales 1-23,text,true,,1572,255,1,1,http://localhost:3500/query/empresa_simulada,2,0,0
1783612252093,3,POST get_empresa,200,OK,Benchmark - Operaciones Normales 1-23,text,true,,1456,255,1,1,http://localhost:3500/query/empresa_simulada,3,0,0
1783612252096,3,POST get_cuentas_cobrar,200,OK,Benchmark - Operaciones Normales 1-23,text,true,,1981,311,1,1,http://localhost:3500/query/empresa_simulada,3,0,0
1783612252099,3,POST get_bancos,200,OK,Benchmark - Operaciones Normales 1-23,text,true,,1344,254,1,1,http://localhost:3500/query/empresa_simulada,3,0,0
1783612252103,2,POST get_monedas,200,OK,Benchmark - Operaciones Normales 1-23,text,true,,1572,255,1,1,http://localhost:3500/query/empresa_simulada,2,0,0
1783612252106,2,POST get_empresa,200,OK,Benchmark - Operaciones Normales 1-23,text,true,,1456,255,1,1,http://localhost:3500/query/empresa_simulada,2,0,0
1783612252108,2,POST get_cuentas_cobrar,200,OK,Benchmark - Operaciones Normales 1-23,text,true,,1981,311,1,1,http://localhost:3500/query/empresa_simulada,2,0,0
1783612252110,2,POST get_bancos,200,OK,Benchmark - Operaciones Normales 1-23,text,true,,1344,254,1,1,http://localhost:3500/query/empresa_simulada,2,0,0
1783612252113,2,POST get_monedas,200,OK,Benchmark - Operaciones Normales 1-23,text,true,,1572,255,1,1,http://localhost:3500/query/empresa_simulada,2,0,0
1783612252115,2,POST get_empresa,200,OK,Benchmark - Operaciones Normales 1-23,text,true,,1456,255,1,1,http://localhost:3500/query/empresa_simulada,2,0,0
1783612252117,3,POST get_cuentas_cobrar,200,OK,Benchmark - Operaciones Normales 1-23,text,true,,1981,311,1,1,http://localhost:3500/query/empresa_simulada,3,0,0
1783612252120,3,POST get_bancos,200,OK,Benchmark - Operaciones Normales 1-23,text,true,,1344,254,1,1,http://localhost:3500/query/empresa_simulada,3,0,0
1783612252123,2,POST get_monedas,200,OK,Benchmark - Operaciones Normales 1-23,text,true,,1572,255,1,1,http://localhost:3500/query/empresa_simulada,2,0,0
1783612252126,2,POST get_empresa,200,OK,Benchmark - Operaciones Normales 1-23,text,true,,1456,255,1,1,http://localhost:3500/query/empresa_simulada,2,0,0
1783612252128,3,POST get_cuentas_cobrar,200,OK,Benchmark - Operaciones Normales 1-23,text,true,,1981,311,1,1,http://localhost:3500/query/empresa_simulada,3,0,0
1783612252131,2,POST get_bancos,200,OK,Benchmark - Operaciones Normales 1-23,text,true,,1344,254,1,1,http://localhost:3500/query/empresa_simulada,2,0,0
1783612252133,3,POST get_monedas,200,OK,Benchmark - Operaciones Normales 1-23,text,true,,1572,255,1,1,http://localhost:3500/query/empresa_simulada,3,0,0
1783612252136,3,POST get_empresa,200,OK,Benchmark - Operaciones Normales 1-23,text,true,,1456,255,1,1,http://localhost:3500/query/empresa_simulada,3,0,0
1783612252140,2,POST get_cuentas_cobrar,200,OK,Benchmark - Operaciones Normales 1-23,text,true,,1981,311,1,1,http://localhost:3500/query/empresa_simulada,2,0,0
1783612252143,3,POST get_bancos,200,OK,Benchmark - Operaciones Normales 1-23,text,true,,1344,254,1,1,http://localhost:3500/query/empresa_simulada,3,0,0
1783612252146,4,POST get_monedas,200,OK,Benchmark - Operaciones Normales 1-23,text,true,,1572,255,1,1,http://localhost:3500/query/empresa_simulada,4,0,0
1783612252150,3,POST get_empresa,200,OK,Benchmark - Operaciones Normales 1-23,text,true,,1456,255,1,1,http://localhost:3500/query/empresa_simulada,3,0,0
1783612252153,3,POST get_cuentas_cobrar,200,OK,Benchmark - Operaciones Normales 1-23,text,true,,1981,311,1,1,http://localhost:3500/query/empresa_simulada,3,0,0
1783612252157,2,POST get_bancos,200,OK,Benchmark - Operaciones Normales 1-23,text,true,,1344,254,1,1,http://localhost:3500/query/empresa_simulada,2,0,0
1783612252159,3,POST get_monedas,200,OK,Benchmark - Operaciones Normales 1-23,text,true,,1572,255,1,1,http://localhost:3500/query/empresa_simulada,3,0,0
1783612252162,2,POST get_empresa,200,OK,Benchmark - Operaciones Normales 1-23,text,true,,1456,255,1,1,http://localhost:3500/query/empresa_simulada,2,0,0
1783612252165,4,POST get_cuentas_cobrar,200,OK,Benchmark - Operaciones Normales 1-23,text,true,,1981,311,1,1,http://localhost:3500/query/empresa_simulada,4,0,0
1783612252169,3,POST get_bancos,200,OK,Benchmark - Operaciones Normales 1-23,text,true,,1344,254,1,1,http://localhost:3500/query/empresa_simulada,2,0,0
1783612252172,2,POST get_monedas,200,OK,Benchmark - Operaciones Normales 1-23,text,true,,1572,255,1,1,http://localhost:3500/query/empresa_simulada,2,0,0
1783612252174,2,POST get_empresa,200,OK,Benchmark - Operaciones Normales 1-23,text,true,,1456,255,1,1,http://localhost:3500/query/empresa_simulada,2,0,0
1783612252177,2,POST get_cuentas_cobrar,200,OK,Benchmark - Operaciones Normales 1-23,text,true,,1981,311,1,1,http://localhost:3500/query/empresa_simulada,2,0,0
1783612252179,3,POST get_bancos,200,OK,Benchmark - Operaciones Normales 1-23,text,true,,1344,254,1,1,http://localhost:3500/query/empresa_simulada,3,0,0
1783612252182,2,POST get_monedas,200,OK,Benchmark - Operaciones Normales 1-23,text,true,,1572,255,1,1,http://localhost:3500/query/empresa_simulada,2,0,0
1783612252185,2,POST get_empresa,200,OK,Benchmark - Operaciones Normales 1-23,text,true,,1456,255,2,2,http://localhost:3500/query/empresa_simulada,2,0,0
1783612252185,4,POST get_cuentas_cobrar,200,OK,Benchmark - Operaciones Normales 1-24,text,true,,1981,311,2,2,http://localhost:3500/query/empresa_simulada,4,0,2
1783612252187,3,POST get_cuentas_cobrar,200,OK,Benchmark - Operaciones Normales 1-23,text,true,,1981,311,2,2,http://localhost:3500/query/empresa_simulada,3,0,0
1783612252190,2,POST get_bancos,200,OK,Benchmark - Operaciones Normales 1-24,text,true,,1344,254,2,2,http://localhost:3500/query/empresa_simulada,2,0,0
1783612252190,3,POST get_bancos,200,OK,Benchmark - Operaciones Normales 1-23,text,true,,1344,254,2,2,http://localhost:3500/query/empresa_simulada,3,0,0
1783612252192,3,POST get_monedas,200,OK,Benchmark - Operaciones Normales 1-24,text,true,,1572,255,2,2,http://localhost:3500/query/empresa_simulada,3,0,0
1783612252193,3,POST get_monedas,200,OK,Benchmark - Operaciones Normales 1-23,text,true,,1572,255,2,2,http://localhost:3500/query/empresa_simulada,3,0,0
1783612252195,3,POST get_empresa,200,OK,Benchmark - Operaciones Normales 1-24,text,true,,1456,255,2,2,http://localhost:3500/query/empresa_simulada,2,0,0
1783612252196,2,POST get_empresa,200,OK,Benchmark - Operaciones Normales 1-23,text,true,,1456,255,2,2,http://localhost:3500/query/empresa_simulada,2,0,0
1783612252198,2,POST get_cuentas_cobrar,200,OK,Benchmark - Operaciones Normales 1-24,text,true,,1981,311,1,1,http://localhost:3500/query/empresa_simulada,2,0,0
1783612252201,2,POST get_bancos,200,OK,Benchmark - Operaciones Normales 1-24,text,true,,1344,254,1,1,http://localhost:3500/query/empresa_simulada,2,0,0
1783612252203,2,POST get_monedas,200,OK,Benchmark - Operaciones Normales 1-24,text,true,,1572,255,1,1,http://localhost:3500/query/empresa_simulada,2,0,0
1783612252206,2,POST get_empresa,200,OK,Benchmark - Operaciones Normales 1-24,text,true,,1456,255,1,1,http://localhost:3500/query/empresa_simulada,2,0,0
1783612252208,2,POST get_cuentas_cobrar,200,OK,Benchmark - Operaciones Normales 1-24,text,true,,1981,311,1,1,http://localhost:3500/query/empresa_simulada,2,0,0
1783612252210,3,POST get_bancos,200,OK,Benchmark - Operaciones Normales 1-24,text,true,,1344,254,1,1,http://localhost:3500/query/empresa_simulada,3,0,0
1783612252213,3,POST get_monedas,200,OK,Benchmark - Operaciones Normales 1-24,text,true,,1572,255,1,1,http://localhost:3500/query/empresa_simulada,3,0,0
1783612252216,3,POST get_empresa,200,OK,Benchmark - Operaciones Normales 1-24,text,true,,1456,255,1,1,http://localhost:3500/query/empresa_simulada,3,0,0
1783612252219,2,POST get_cuentas_cobrar,200,OK,Benchmark - Operaciones Normales 1-24,text,true,,1981,311,1,1,http://localhost:3500/query/empresa_simulada,2,0,0
1783612252221,2,POST get_bancos,200,OK,Benchmark - Operaciones Normales 1-24,text,true,,1344,254,1,1,http://localhost:3500/query/empresa_simulada,2,0,0
1783612252223,3,POST get_monedas,200,OK,Benchmark - Operaciones Normales 1-24,text,true,,1572,255,1,1,http://localhost:3500/query/empresa_simulada,3,0,0
1783612252226,2,POST get_empresa,200,OK,Benchmark - Operaciones Normales 1-24,text,true,,1456,255,1,1,http://localhost:3500/query/empresa_simulada,2,0,0
1783612252229,2,POST get_cuentas_cobrar,200,OK,Benchmark - Operaciones Normales 1-24,text,true,,1981,311,1,1,http://localhost:3500/query/empresa_simulada,2,0,0
1783612252231,2,POST get_bancos,200,OK,Benchmark - Operaciones Normales 1-24,text,true,,1344,254,1,1,http://localhost:3500/query/empresa_simulada,2,0,0
1783612252233,3,POST get_monedas,200,OK,Benchmark - Operaciones Normales 1-24,text,true,,1572,255,1,1,http://localhost:3500/query/empresa_simulada,3,0,0
1783612252236,2,POST get_empresa,200,OK,Benchmark - Operaciones Normales 1-24,text,true,,1456,255,1,1,http://localhost:3500/query/empresa_simulada,2,0,0
1783612252238,3,POST get_cuentas_cobrar,200,OK,Benchmark - Operaciones Normales 1-24,text,true,,1981,311,1,1,http://localhost:3500/query/empresa_simulada,3,0,0
1783612252241,2,POST get_bancos,200,OK,Benchmark - Operaciones Normales 1-24,text,true,,1344,254,1,1,http://localhost:3500/query/empresa_simulada,2,0,0
1783612252243,3,POST get_monedas,200,OK,Benchmark - Operaciones Normales 1-24,text,true,,1572,255,1,1,http://localhost:3500/query/empresa_simulada,3,0,0
1783612252246,2,POST get_empresa,200,OK,Benchmark - Operaciones Normales 1-24,text,true,,1456,255,1,1,http://localhost:3500/query/empresa_simulada,2,0,0
1783612252248,3,POST get_cuentas_cobrar,200,OK,Benchmark - Operaciones Normales 1-24,text,true,,1981,311,1,1,http://localhost:3500/query/empresa_simulada,3,0,0
1783612252251,2,POST get_bancos,200,OK,Benchmark - Operaciones Normales 1-24,text,true,,1344,254,1,1,http://localhost:3500/query/empresa_simulada,2,0,0
1783612252254,2,POST get_monedas,200,OK,Benchmark - Operaciones Normales 1-24,text,true,,1572,255,1,1,http://localhost:3500/query/empresa_simulada,2,0,0
1783612252256,3,POST get_empresa,200,OK,Benchmark - Operaciones Normales 1-24,text,true,,1456,255,1,1,http://localhost:3500/query/empresa_simulada,3,0,0
1783612252260,3,POST get_cuentas_cobrar,200,OK,Benchmark - Operaciones Normales 1-24,text,true,,1981,311,1,1,http://localhost:3500/query/empresa_simulada,3,0,0
1783612252263,2,POST get_bancos,200,OK,Benchmark - Operaciones Normales 1-24,text,true,,1344,254,1,1,http://localhost:3500/query/empresa_simulada,2,0,0
1783612252265,3,POST get_monedas,200,OK,Benchmark - Operaciones Normales 1-24,text,true,,1572,255,1,1,http://localhost:3500/query/empresa_simulada,3,0,0
1783612252268,2,POST get_empresa,200,OK,Benchmark - Operaciones Normales 1-24,text,true,,1456,255,1,1,http://localhost:3500/query/empresa_simulada,2,0,0
1783612252270,3,POST get_cuentas_cobrar,200,OK,Benchmark - Operaciones Normales 1-24,text,true,,1981,311,1,1,http://localhost:3500/query/empresa_simulada,3,0,0
1783612252273,2,POST get_bancos,200,OK,Benchmark - Operaciones Normales 1-24,text,true,,1344,254,1,1,http://localhost:3500/query/empresa_simulada,2,0,0
1783612252276,1,POST get_monedas,200,OK,Benchmark - Operaciones Normales 1-24,text,true,,1572,255,1,1,http://localhost:3500/query/empresa_simulada,1,0,0
1783612252278,2,POST get_empresa,200,OK,Benchmark - Operaciones Normales 1-24,text,true,,1456,255,1,1,http://localhost:3500/query/empresa_simulada,2,0,0
1783612252280,2,POST get_cuentas_cobrar,200,OK,Benchmark - Operaciones Normales 1-24,text,true,,1981,311,1,1,http://localhost:3500/query/empresa_simulada,2,0,0
1783612252283,2,POST get_bancos,200,OK,Benchmark - Operaciones Normales 1-24,text,true,,1344,254,1,1,http://localhost:3500/query/empresa_simulada,2,0,0
1783612252285,4,POST get_monedas,200,OK,Benchmark - Operaciones Normales 1-24,text,true,,1572,255,2,2,http://localhost:3500/query/empresa_simulada,3,0,0
1783612252286,5,POST get_cuentas_cobrar,200,OK,Benchmark - Operaciones Normales 1-25,text,true,,1981,311,2,2,http://localhost:3500/query/empresa_simulada,5,0,1
1783612252289,3,POST get_empresa,200,OK,Benchmark - Operaciones Normales 1-24,text,true,,1456,255,2,2,http://localhost:3500/query/empresa_simulada,3,0,0
1783612252291,2,POST get_bancos,200,OK,Benchmark - Operaciones Normales 1-25,text,true,,1344,254,1,1,http://localhost:3500/query/empresa_simulada,2,0,0
1783612252294,3,POST get_monedas,200,OK,Benchmark - Operaciones Normales 1-25,text,true,,1572,255,1,1,http://localhost:3500/query/empresa_simulada,3,0,0
1783612252297,4,POST get_empresa,200,OK,Benchmark - Operaciones Normales 1-25,text,true,,1456,255,1,1,http://localhost:3500/query/empresa_simulada,4,0,0
1783612252301,9,POST get_cuentas_cobrar,200,OK,Benchmark - Operaciones Normales 1-25,text,true,,1981,311,1,1,http://localhost:3500/query/empresa_simulada,9,0,0
1783612252310,3,POST get_bancos,200,OK,Benchmark - Operaciones Normales 1-25,text,true,,1344,254,1,1,http://localhost:3500/query/empresa_simulada,3,0,0
1783612252314,3,POST get_monedas,200,OK,Benchmark - Operaciones Normales 1-25,text,true,,1572,255,1,1,http://localhost:3500/query/empresa_simulada,3,0,0
1783612252317,3,POST get_empresa,200,OK,Benchmark - Operaciones Normales 1-25,text,true,,1456,255,1,1,http://localhost:3500/query/empresa_simulada,3,0,0
1783612252320,2,POST get_cuentas_cobrar,200,OK,Benchmark - Operaciones Normales 1-25,text,true,,1981,311,1,1,http://localhost:3500/query/empresa_simulada,2,0,0
1783612252322,2,POST get_bancos,200,OK,Benchmark - Operaciones Normales 1-25,text,true,,1344,254,1,1,http://localhost:3500/query/empresa_simulada,2,0,0
1783612252324,2,POST get_monedas,200,OK,Benchmark - Operaciones Normales 1-25,text,true,,1572,255,1,1,http://localhost:3500/query/empresa_simulada,2,0,0
1783612252326,2,POST get_empresa,200,OK,Benchmark - Operaciones Normales 1-25,text,true,,1456,255,1,1,http://localhost:3500/query/empresa_simulada,2,0,0
1783612252329,1,POST get_cuentas_cobrar,200,OK,Benchmark - Operaciones Normales 1-25,text,true,,1981,311,1,1,http://localhost:3500/query/empresa_simulada,1,0,0
1783612252331,2,POST get_bancos,200,OK,Benchmark - Operaciones Normales 1-25,text,true,,1344,254,1,1,http://localhost:3500/query/empresa_simulada,2,0,0
1783612252333,3,POST get_monedas,200,OK,Benchmark - Operaciones Normales 1-25,text,true,,1572,255,1,1,http://localhost:3500/query/empresa_simulada,3,0,0
1783612252337,2,POST get_empresa,200,OK,Benchmark - Operaciones Normales 1-25,text,true,,1456,255,1,1,http://localhost:3500/query/empresa_simulada,2,0,0
1783612252339,2,POST get_cuentas_cobrar,200,OK,Benchmark - Operaciones Normales 1-25,text,true,,1981,311,1,1,http://localhost:3500/query/empresa_simulada,2,0,0
1783612252342,2,POST get_bancos,200,OK,Benchmark - Operaciones Normales 1-25,text,true,,1344,254,1,1,http://localhost:3500/query/empresa_simulada,2,0,0
1783612252344,3,POST get_monedas,200,OK,Benchmark - Operaciones Normales 1-25,text,true,,1572,255,1,1,http://localhost:3500/query/empresa_simulada,3,0,0
1783612252347,2,POST get_empresa,200,OK,Benchmark - Operaciones Normales 1-25,text,true,,1456,255,1,1,http://localhost:3500/query/empresa_simulada,2,0,0
1783612252349,2,POST get_cuentas_cobrar,200,OK,Benchmark - Operaciones Normales 1-25,text,true,,1981,311,1,1,http://localhost:3500/query/empresa_simulada,2,0,0
1783612252352,2,POST get_bancos,200,OK,Benchmark - Operaciones Normales 1-25,text,true,,1344,254,1,1,http://localhost:3500/query/empresa_simulada,2,0,0
1783612252354,2,POST get_monedas,200,OK,Benchmark - Operaciones Normales 1-25,text,true,,1572,255,1,1,http://localhost:3500/query/empresa_simulada,2,0,0
1783612252356,2,POST get_empresa,200,OK,Benchmark - Operaciones Normales 1-25,text,true,,1456,255,1,1,http://localhost:3500/query/empresa_simulada,2,0,0
1783612252358,3,POST get_cuentas_cobrar,200,OK,Benchmark - Operaciones Normales 1-25,text,true,,1981,311,1,1,http://localhost:3500/query/empresa_simulada,3,0,0
1783612252362,2,POST get_bancos,200,OK,Benchmark - Operaciones Normales 1-25,text,true,,1344,254,1,1,http://localhost:3500/query/empresa_simulada,2,0,0
1783612252364,2,POST get_monedas,200,OK,Benchmark - Operaciones Normales 1-25,text,true,,1572,255,1,1,http://localhost:3500/query/empresa_simulada,2,0,0
1783612252367,2,POST get_empresa,200,OK,Benchmark - Operaciones Normales 1-25,text,true,,1456,255,1,1,http://localhost:3500/query/empresa_simulada,2,0,0
1783612252369,2,POST get_cuentas_cobrar,200,OK,Benchmark - Operaciones Normales 1-25,text,true,,1981,311,1,1,http://localhost:3500/query/empresa_simulada,2,0,0
1783612252371,2,POST get_bancos,200,OK,Benchmark - Operaciones Normales 1-25,text,true,,1344,254,1,1,http://localhost:3500/query/empresa_simulada,2,0,0
1783612252373,3,POST get_monedas,200,OK,Benchmark - Operaciones Normales 1-25,text,true,,1572,255,1,1,http://localhost:3500/query/empresa_simulada,3,0,0
1783612252376,2,POST get_empresa,200,OK,Benchmark - Operaciones Normales 1-25,text,true,,1456,255,1,1,http://localhost:3500/query/empresa_simulada,2,0,0
1783612252379,2,POST get_cuentas_cobrar,200,OK,Benchmark - Operaciones Normales 1-25,text,true,,1981,311,1,1,http://localhost:3500/query/empresa_simulada,2,0,0
1783612252381,2,POST get_bancos,200,OK,Benchmark - Operaciones Normales 1-25,text,true,,1344,254,2,2,http://localhost:3500/query/empresa_simulada,2,0,0
1783612252383,3,POST get_monedas,200,OK,Benchmark - Operaciones Normales 1-25,text,true,,1572,255,2,2,http://localhost:3500/query/empresa_simulada,3,0,0
1783612252383,5,POST get_cuentas_cobrar,200,OK,Benchmark - Operaciones Normales 1-26,text,true,,1981,311,2,2,http://localhost:3500/query/empresa_simulada,5,0,2
1783612252386,3,POST get_empresa,200,OK,Benchmark - Operaciones Normales 1-25,text,true,,1456,255,2,2,http://localhost:3500/query/empresa_simulada,3,0,0
1783612252388,2,POST get_bancos,200,OK,Benchmark - Operaciones Normales 1-26,text,true,,1344,254,2,2,http://localhost:3500/query/empresa_simulada,2,0,0
1783612252389,2,POST get_cuentas_cobrar,200,OK,Benchmark - Operaciones Normales 1-25,text,true,,1981,311,2,2,http://localhost:3500/query/empresa_simulada,2,0,0
1783612252391,2,POST get_monedas,200,OK,Benchmark - Operaciones Normales 1-26,text,true,,1572,255,2,2,http://localhost:3500/query/empresa_simulada,2,0,0
1783612252392,2,POST get_bancos,200,OK,Benchmark - Operaciones Normales 1-25,text,true,,1344,254,2,2,http://localhost:3500/query/empresa_simulada,2,0,0
1783612252393,3,POST get_empresa,200,OK,Benchmark - Operaciones Normales 1-26,text,true,,1456,255,2,2,http://localhost:3500/query/empresa_simulada,3,0,0
1783612252394,2,POST get_monedas,200,OK,Benchmark - Operaciones Normales 1-25,text,true,,1572,255,2,2,http://localhost:3500/query/empresa_simulada,2,0,0
1783612252396,2,POST get_cuentas_cobrar,200,OK,Benchmark - Operaciones Normales 1-26,text,true,,1981,311,2,2,http://localhost:3500/query/empresa_simulada,2,0,0
1783612252397,1,POST get_empresa,200,OK,Benchmark - Operaciones Normales 1-25,text,true,,1456,255,2,2,http://localhost:3500/query/empresa_simulada,1,0,0
1783612252398,2,POST get_bancos,200,OK,Benchmark - Operaciones Normales 1-26,text,true,,1344,254,1,1,http://localhost:3500/query/empresa_simulada,2,0,0
1783612252401,2,POST get_monedas,200,OK,Benchmark - Operaciones Normales 1-26,text,true,,1572,255,1,1,http://localhost:3500/query/empresa_simulada,2,0,0
1783612252403,2,POST get_empresa,200,OK,Benchmark - Operaciones Normales 1-26,text,true,,1456,255,1,1,http://localhost:3500/query/empresa_simulada,2,0,0
1783612252405,2,POST get_cuentas_cobrar,200,OK,Benchmark - Operaciones Normales 1-26,text,true,,1981,311,1,1,http://localhost:3500/query/empresa_simulada,2,0,0
1783612252407,2,POST get_bancos,200,OK,Benchmark - Operaciones Normales 1-26,text,true,,1344,254,1,1,http://localhost:3500/query/empresa_simulada,2,0,0
1783612252410,2,POST get_monedas,200,OK,Benchmark - Operaciones Normales 1-26,text,true,,1572,255,1,1,http://localhost:3500/query/empresa_simulada,2,0,0
1783612252413,2,POST get_empresa,200,OK,Benchmark - Operaciones Normales 1-26,text,true,,1456,255,1,1,http://localhost:3500/query/empresa_simulada,2,0,0
1783612252416,1,POST get_cuentas_cobrar,200,OK,Benchmark - Operaciones Normales 1-26,text,true,,1981,311,1,1,http://localhost:3500/query/empresa_simulada,1,0,0
1783612252418,2,POST get_bancos,200,OK,Benchmark - Operaciones Normales 1-26,text,true,,1344,254,1,1,http://localhost:3500/query/empresa_simulada,2,0,0
1783612252420,2,POST get_monedas,200,OK,Benchmark - Operaciones Normales 1-26,text,true,,1572,255,1,1,http://localhost:3500/query/empresa_simulada,2,0,0
1783612252422,2,POST get_empresa,200,OK,Benchmark - Operaciones Normales 1-26,text,true,,1456,255,1,1,http://localhost:3500/query/empresa_simulada,2,0,0
1783612252424,2,POST get_cuentas_cobrar,200,OK,Benchmark - Operaciones Normales 1-26,text,true,,1981,311,1,1,http://localhost:3500/query/empresa_simulada,2,0,0
1783612252426,4,POST get_bancos,200,OK,Benchmark - Operaciones Normales 1-26,text,true,,1344,254,1,1,http://localhost:3500/query/empresa_simulada,4,0,0
1783612252430,2,POST get_monedas,200,OK,Benchmark - Operaciones Normales 1-26,text,true,,1572,255,1,1,http://localhost:3500/query/empresa_simulada,2,0,0
1783612252432,2,POST get_empresa,200,OK,Benchmark - Operaciones Normales 1-26,text,true,,1456,255,1,1,http://localhost:3500/query/empresa_simulada,2,0,0
1783612252434,2,POST get_cuentas_cobrar,200,OK,Benchmark - Operaciones Normales 1-26,text,true,,1981,311,1,1,http://localhost:3500/query/empresa_simulada,2,0,0
1783612252437,1,POST get_bancos,200,OK,Benchmark - Operaciones Normales 1-26,text,true,,1344,254,1,1,http://localhost:3500/query/empresa_simulada,1,0,0
1783612252439,2,POST get_monedas,200,OK,Benchmark - Operaciones Normales 1-26,text,true,,1572,255,1,1,http://localhost:3500/query/empresa_simulada,1,0,0
1783612252441,2,POST get_empresa,200,OK,Benchmark - Operaciones Normales 1-26,text,true,,1456,255,1,1,http://localhost:3500/query/empresa_simulada,2,0,0
1783612252443,2,POST get_cuentas_cobrar,200,OK,Benchmark - Operaciones Normales 1-26,text,true,,1981,311,1,1,http://localhost:3500/query/empresa_simulada,2,0,0
1783612252445,2,POST get_bancos,200,OK,Benchmark - Operaciones Normales 1-26,text,true,,1344,254,1,1,http://localhost:3500/query/empresa_simulada,2,0,0
1783612252447,2,POST get_monedas,200,OK,Benchmark - Operaciones Normales 1-26,text,true,,1572,255,1,1,http://localhost:3500/query/empresa_simulada,2,0,0
1783612252449,2,POST get_empresa,200,OK,Benchmark - Operaciones Normales 1-26,text,true,,1456,255,1,1,http://localhost:3500/query/empresa_simulada,2,0,0
1783612252452,2,POST get_cuentas_cobrar,200,OK,Benchmark - Operaciones Normales 1-26,text,true,,1981,311,1,1,http://localhost:3500/query/empresa_simulada,2,0,0
1783612252454,4,POST get_bancos,200,OK,Benchmark - Operaciones Normales 1-26,text,true,,1344,254,1,1,http://localhost:3500/query/empresa_simulada,4,0,0
1783612252458,2,POST get_monedas,200,OK,Benchmark - Operaciones Normales 1-26,text,true,,1572,255,1,1,http://localhost:3500/query/empresa_simulada,2,0,0
1783612252460,2,POST get_empresa,200,OK,Benchmark - Operaciones Normales 1-26,text,true,,1456,255,1,1,http://localhost:3500/query/empresa_simulada,2,0,0
1783612252462,2,POST get_cuentas_cobrar,200,OK,Benchmark - Operaciones Normales 1-26,text,true,,1981,311,1,1,http://localhost:3500/query/empresa_simulada,2,0,0
1783612252464,2,POST get_bancos,200,OK,Benchmark - Operaciones Normales 1-26,text,true,,1344,254,1,1,http://localhost:3500/query/empresa_simulada,2,0,0
1783612252466,3,POST get_monedas,200,OK,Benchmark - Operaciones Normales 1-26,text,true,,1572,255,1,1,http://localhost:3500/query/empresa_simulada,3,0,0
1783612252469,3,POST get_empresa,200,OK,Benchmark - Operaciones Normales 1-26,text,true,,1456,255,1,1,http://localhost:3500/query/empresa_simulada,3,0,0
1783612252472,2,POST get_cuentas_cobrar,200,OK,Benchmark - Operaciones Normales 1-26,text,true,,1981,311,1,1,http://localhost:3500/query/empresa_simulada,2,0,0
1783612252474,2,POST get_bancos,200,OK,Benchmark - Operaciones Normales 1-26,text,true,,1344,254,1,1,http://localhost:3500/query/empresa_simulada,2,0,0
1783612252476,2,POST get_monedas,200,OK,Benchmark - Operaciones Normales 1-26,text,true,,1572,255,1,1,http://localhost:3500/query/empresa_simulada,2,0,0
1783612252478,2,POST get_empresa,200,OK,Benchmark - Operaciones Normales 1-26,text,true,,1456,255,1,1,http://localhost:3500/query/empresa_simulada,2,0,0
1783612252484,4,POST get_cuentas_cobrar,200,OK,Benchmark - Operaciones Normales 1-27,text,true,,1981,311,1,1,http://localhost:3500/query/empresa_simulada,4,0,1
1783612252488,4,POST get_bancos,200,OK,Benchmark - Operaciones Normales 1-27,text,true,,1344,254,1,1,http://localhost:3500/query/empresa_simulada,4,0,0
1783612252492,2,POST get_monedas,200,OK,Benchmark - Operaciones Normales 1-27,text,true,,1572,255,1,1,http://localhost:3500/query/empresa_simulada,2,0,0
1783612252495,1,POST get_empresa,200,OK,Benchmark - Operaciones Normales 1-27,text,true,,1456,255,1,1,http://localhost:3500/query/empresa_simulada,1,0,0
1783612252497,2,POST get_cuentas_cobrar,200,OK,Benchmark - Operaciones Normales 1-27,text,true,,1981,311,1,1,http://localhost:3500/query/empresa_simulada,2,0,0
1783612252499,2,POST get_bancos,200,OK,Benchmark - Operaciones Normales 1-27,text,true,,1344,254,1,1,http://localhost:3500/query/empresa_simulada,2,0,0
1783612252501,2,POST get_monedas,200,OK,Benchmark - Operaciones Normales 1-27,text,true,,1572,255,1,1,http://localhost:3500/query/empresa_simulada,2,0,0
1783612252504,1,POST get_empresa,200,OK,Benchmark - Operaciones Normales 1-27,text,true,,1456,255,1,1,http://localhost:3500/query/empresa_simulada,1,0,0
1783612252506,1,POST get_cuentas_cobrar,200,OK,Benchmark - Operaciones Normales 1-27,text,true,,1981,311,1,1,http://localhost:3500/query/empresa_simulada,1,0,0
1783612252508,1,POST get_bancos,200,OK,Benchmark - Operaciones Normales 1-27,text,true,,1344,254,1,1,http://localhost:3500/query/empresa_simulada,1,0,0
1783612252510,1,POST get_monedas,200,OK,Benchmark - Operaciones Normales 1-27,text,true,,1572,255,1,1,http://localhost:3500/query/empresa_simulada,1,0,0
1783612252512,2,POST get_empresa,200,OK,Benchmark - Operaciones Normales 1-27,text,true,,1456,255,1,1,http://localhost:3500/query/empresa_simulada,2,0,0
1783612252514,2,POST get_cuentas_cobrar,200,OK,Benchmark - Operaciones Normales 1-27,text,true,,1981,311,1,1,http://localhost:3500/query/empresa_simulada,2,0,0
1783612252517,2,POST get_bancos,200,OK,Benchmark - Operaciones Normales 1-27,text,true,,1344,254,1,1,http://localhost:3500/query/empresa_simulada,2,0,0
1783612252519,2,POST get_monedas,200,OK,Benchmark - Operaciones Normales 1-27,text,true,,1572,255,1,1,http://localhost:3500/query/empresa_simulada,2,0,0
1783612252521,2,POST get_empresa,200,OK,Benchmark - Operaciones Normales 1-27,text,true,,1456,255,1,1,http://localhost:3500/query/empresa_simulada,2,0,0
1783612252523,2,POST get_cuentas_cobrar,200,OK,Benchmark - Operaciones Normales 1-27,text,true,,1981,311,1,1,http://localhost:3500/query/empresa_simulada,2,0,0
1783612252525,2,POST get_bancos,200,OK,Benchmark - Operaciones Normales 1-27,text,true,,1344,254,1,1,http://localhost:3500/query/empresa_simulada,2,0,0
1783612252528,3,POST get_monedas,200,OK,Benchmark - Operaciones Normales 1-27,text,true,,1572,255,1,1,http://localhost:3500/query/empresa_simulada,3,0,0
1783612252532,2,POST get_empresa,200,OK,Benchmark - Operaciones Normales 1-27,text,true,,1456,255,1,1,http://localhost:3500/query/empresa_simulada,2,0,0
1783612252535,2,POST get_cuentas_cobrar,200,OK,Benchmark - Operaciones Normales 1-27,text,true,,1981,311,1,1,http://localhost:3500/query/empresa_simulada,1,0,0
1783612252537,2,POST get_bancos,200,OK,Benchmark - Operaciones Normales 1-27,text,true,,1344,254,1,1,http://localhost:3500/query/empresa_simulada,2,0,0
1783612252539,2,POST get_monedas,200,OK,Benchmark - Operaciones Normales 1-27,text,true,,1572,255,1,1,http://localhost:3500/query/empresa_simulada,2,0,0
1783612252541,3,POST get_empresa,200,OK,Benchmark - Operaciones Normales 1-27,text,true,,1456,255,1,1,http://localhost:3500/query/empresa_simulada,3,0,0
1783612252544,3,POST get_cuentas_cobrar,200,OK,Benchmark - Operaciones Normales 1-27,text,true,,1981,311,1,1,http://localhost:3500/query/empresa_simulada,3,0,0
1783612252547,2,POST get_bancos,200,OK,Benchmark - Operaciones Normales 1-27,text,true,,1344,254,1,1,http://localhost:3500/query/empresa_simulada,2,0,0
1783612252549,2,POST get_monedas,200,OK,Benchmark - Operaciones Normales 1-27,text,true,,1572,255,1,1,http://localhost:3500/query/empresa_simulada,2,0,0
1783612252551,2,POST get_empresa,200,OK,Benchmark - Operaciones Normales 1-27,text,true,,1456,255,1,1,http://localhost:3500/query/empresa_simulada,2,0,0
1783612252553,3,POST get_cuentas_cobrar,200,OK,Benchmark - Operaciones Normales 1-27,text,true,,1981,311,1,1,http://localhost:3500/query/empresa_simulada,3,0,0
1783612252556,2,POST get_bancos,200,OK,Benchmark - Operaciones Normales 1-27,text,true,,1344,254,1,1,http://localhost:3500/query/empresa_simulada,2,0,0
1783612252558,2,POST get_monedas,200,OK,Benchmark - Operaciones Normales 1-27,text,true,,1572,255,1,1,http://localhost:3500/query/empresa_simulada,2,0,0
1783612252560,2,POST get_empresa,200,OK,Benchmark - Operaciones Normales 1-27,text,true,,1456,255,1,1,http://localhost:3500/query/empresa_simulada,2,0,0
1783612252563,2,POST get_cuentas_cobrar,200,OK,Benchmark - Operaciones Normales 1-27,text,true,,1981,311,1,1,http://localhost:3500/query/empresa_simulada,2,0,0
1783612252565,5,POST get_bancos,200,OK,Benchmark - Operaciones Normales 1-27,text,true,,1344,254,1,1,http://localhost:3500/query/empresa_simulada,4,0,0
1783612252570,3,POST get_monedas,200,OK,Benchmark - Operaciones Normales 1-27,text,true,,1572,255,1,1,http://localhost:3500/query/empresa_simulada,3,0,0
1783612252573,2,POST get_empresa,200,OK,Benchmark - Operaciones Normales 1-27,text,true,,1456,255,1,1,http://localhost:3500/query/empresa_simulada,2,0,0
1783612252576,2,POST get_cuentas_cobrar,200,OK,Benchmark - Operaciones Normales 1-27,text,true,,1981,311,1,1,http://localhost:3500/query/empresa_simulada,2,0,0
1783612252578,2,POST get_bancos,200,OK,Benchmark - Operaciones Normales 1-27,text,true,,1344,254,1,1,http://localhost:3500/query/empresa_simulada,2,0,0
1783612252580,2,POST get_monedas,200,OK,Benchmark - Operaciones Normales 1-27,text,true,,1572,255,1,1,http://localhost:3500/query/empresa_simulada,2,0,0
1783612252583,2,POST get_empresa,200,OK,Benchmark - Operaciones Normales 1-27,text,true,,1456,255,2,2,http://localhost:3500/query/empresa_simulada,2,0,0
1783612252584,3,POST get_cuentas_cobrar,200,OK,Benchmark - Operaciones Normales 1-28,text,true,,1981,311,1,1,http://localhost:3500/query/empresa_simulada,3,0,1
1783612252588,2,POST get_bancos,200,OK,Benchmark - Operaciones Normales 1-28,text,true,,1344,254,1,1,http://localhost:3500/query/empresa_simulada,2,0,0
1783612252590,2,POST get_monedas,200,OK,Benchmark - Operaciones Normales 1-28,text,true,,1572,255,1,1,http://localhost:3500/query/empresa_simulada,2,0,0
1783612252592,3,POST get_empresa,200,OK,Benchmark - Operaciones Normales 1-28,text,true,,1456,255,1,1,http://localhost:3500/query/empresa_simulada,3,0,0
1783612252595,2,POST get_cuentas_cobrar,200,OK,Benchmark - Operaciones Normales 1-28,text,true,,1981,311,1,1,http://localhost:3500/query/empresa_simulada,2,0,0
1783612252597,2,POST get_bancos,200,OK,Benchmark - Operaciones Normales 1-28,text,true,,1344,254,1,1,http://localhost:3500/query/empresa_simulada,2,0,0
1783612252600,2,POST get_monedas,200,OK,Benchmark - Operaciones Normales 1-28,text,true,,1572,255,1,1,http://localhost:3500/query/empresa_simulada,2,0,0
1783612252603,3,POST get_empresa,200,OK,Benchmark - Operaciones Normales 1-28,text,true,,1456,255,1,1,http://localhost:3500/query/empresa_simulada,3,0,0
1783612252606,2,POST get_cuentas_cobrar,200,OK,Benchmark - Operaciones Normales 1-28,text,true,,1981,311,1,1,http://localhost:3500/query/empresa_simulada,2,0,0
1783612252609,2,POST get_bancos,200,OK,Benchmark - Operaciones Normales 1-28,text,true,,1344,254,1,1,http://localhost:3500/query/empresa_simulada,2,0,0
1783612252611,2,POST get_monedas,200,OK,Benchmark - Operaciones Normales 1-28,text,true,,1572,255,1,1,http://localhost:3500/query/empresa_simulada,2,0,0
1783612252613,2,POST get_empresa,200,OK,Benchmark - Operaciones Normales 1-28,text,true,,1456,255,1,1,http://localhost:3500/query/empresa_simulada,2,0,0
1783612252615,3,POST get_cuentas_cobrar,200,OK,Benchmark - Operaciones Normales 1-28,text,true,,1981,311,1,1,http://localhost:3500/query/empresa_simulada,3,0,0
1783612252618,3,POST get_bancos,200,OK,Benchmark - Operaciones Normales 1-28,text,true,,1344,254,1,1,http://localhost:3500/query/empresa_simulada,3,0,0
1783612252621,2,POST get_monedas,200,OK,Benchmark - Operaciones Normales 1-28,text,true,,1572,255,1,1,http://localhost:3500/query/empresa_simulada,2,0,0
1783612252623,2,POST get_empresa,200,OK,Benchmark - Operaciones Normales 1-28,text,true,,1456,255,1,1,http://localhost:3500/query/empresa_simulada,2,0,0
1783612252625,2,POST get_cuentas_cobrar,200,OK,Benchmark - Operaciones Normales 1-28,text,true,,1981,311,1,1,http://localhost:3500/query/empresa_simulada,2,0,0
1783612252627,2,POST get_bancos,200,OK,Benchmark - Operaciones Normales 1-28,text,true,,1344,254,1,1,http://localhost:3500/query/empresa_simulada,2,0,0
1783612252629,2,POST get_monedas,200,OK,Benchmark - Operaciones Normales 1-28,text,true,,1572,255,1,1,http://localhost:3500/query/empresa_simulada,2,0,0
1783612252632,2,POST get_empresa,200,OK,Benchmark - Operaciones Normales 1-28,text,true,,1456,255,1,1,http://localhost:3500/query/empresa_simulada,2,0,0
1783612252634,2,POST get_cuentas_cobrar,200,OK,Benchmark - Operaciones Normales 1-28,text,true,,1981,311,1,1,http://localhost:3500/query/empresa_simulada,2,0,0
1783612252636,3,POST get_bancos,200,OK,Benchmark - Operaciones Normales 1-28,text,true,,1344,254,1,1,http://localhost:3500/query/empresa_simulada,3,0,0
1783612252639,3,POST get_monedas,200,OK,Benchmark - Operaciones Normales 1-28,text,true,,1572,255,1,1,http://localhost:3500/query/empresa_simulada,3,0,0
1783612252642,2,POST get_empresa,200,OK,Benchmark - Operaciones Normales 1-28,text,true,,1456,255,1,1,http://localhost:3500/query/empresa_simulada,2,0,0
1783612252645,2,POST get_cuentas_cobrar,200,OK,Benchmark - Operaciones Normales 1-28,text,true,,1981,311,1,1,http://localhost:3500/query/empresa_simulada,2,0,0
1783612252647,2,POST get_bancos,200,OK,Benchmark - Operaciones Normales 1-28,text,true,,1344,254,1,1,http://localhost:3500/query/empresa_simulada,2,0,0
1783612252649,2,POST get_monedas,200,OK,Benchmark - Operaciones Normales 1-28,text,true,,1572,255,1,1,http://localhost:3500/query/empresa_simulada,2,0,0
1783612252652,1,POST get_empresa,200,OK,Benchmark - Operaciones Normales 1-28,text,true,,1456,255,1,1,http://localhost:3500/query/empresa_simulada,1,0,0
1783612252654,1,POST get_cuentas_cobrar,200,OK,Benchmark - Operaciones Normales 1-28,text,true,,1981,311,1,1,http://localhost:3500/query/empresa_simulada,1,0,0
1783612252656,2,POST get_bancos,200,OK,Benchmark - Operaciones Normales 1-28,text,true,,1344,254,1,1,http://localhost:3500/query/empresa_simulada,2,0,0
1783612252658,3,POST get_monedas,200,OK,Benchmark - Operaciones Normales 1-28,text,true,,1572,255,1,1,http://localhost:3500/query/empresa_simulada,3,0,0
1783612252661,2,POST get_empresa,200,OK,Benchmark - Operaciones Normales 1-28,text,true,,1456,255,1,1,http://localhost:3500/query/empresa_simulada,2,0,0
1783612252663,2,POST get_cuentas_cobrar,200,OK,Benchmark - Operaciones Normales 1-28,text,true,,1981,311,1,1,http://localhost:3500/query/empresa_simulada,2,0,0
1783612252665,2,POST get_bancos,200,OK,Benchmark - Operaciones Normales 1-28,text,true,,1344,254,1,1,http://localhost:3500/query/empresa_simulada,2,0,0
1783612252667,2,POST get_monedas,200,OK,Benchmark - Operaciones Normales 1-28,text,true,,1572,255,1,1,http://localhost:3500/query/empresa_simulada,2,0,0
1783612252669,4,POST get_empresa,200,OK,Benchmark - Operaciones Normales 1-28,text,true,,1456,255,1,1,http://localhost:3500/query/empresa_simulada,4,0,0
1783612252673,3,POST get_cuentas_cobrar,200,OK,Benchmark - Operaciones Normales 1-28,text,true,,1981,311,1,1,http://localhost:3500/query/empresa_simulada,3,0,0
1783612252676,2,POST get_bancos,200,OK,Benchmark - Operaciones Normales 1-28,text,true,,1344,254,1,1,http://localhost:3500/query/empresa_simulada,2,0,0
1783612252678,2,POST get_monedas,200,OK,Benchmark - Operaciones Normales 1-28,text,true,,1572,255,1,1,http://localhost:3500/query/empresa_simulada,2,0,0
1783612252680,2,POST get_empresa,200,OK,Benchmark - Operaciones Normales 1-28,text,true,,1456,255,1,1,http://localhost:3500/query/empresa_simulada,2,0,0
1783612252685,4,POST get_cuentas_cobrar,200,OK,Benchmark - Operaciones Normales 1-29,text,true,,1981,311,1,1,http://localhost:3500/query/empresa_simulada,4,0,1
1783612252689,3,POST get_bancos,200,OK,Benchmark - Operaciones Normales 1-29,text,true,,1344,254,1,1,http://localhost:3500/query/empresa_simulada,3,0,0
1783612252692,3,POST get_monedas,200,OK,Benchmark - Operaciones Normales 1-29,text,true,,1572,255,1,1,http://localhost:3500/query/empresa_simulada,3,0,0
1783612252695,2,POST get_empresa,200,OK,Benchmark - Operaciones Normales 1-29,text,true,,1456,255,1,1,http://localhost:3500/query/empresa_simulada,2,0,0
1783612252697,2,POST get_cuentas_cobrar,200,OK,Benchmark - Operaciones Normales 1-29,text,true,,1981,311,1,1,http://localhost:3500/query/empresa_simulada,2,0,0
1783612252700,2,POST get_bancos,200,OK,Benchmark - Operaciones Normales 1-29,text,true,,1344,254,1,1,http://localhost:3500/query/empresa_simulada,1,0,0
1783612252702,2,POST get_monedas,200,OK,Benchmark - Operaciones Normales 1-29,text,true,,1572,255,1,1,http://localhost:3500/query/empresa_simulada,2,0,0
1783612252704,3,POST get_empresa,200,OK,Benchmark - Operaciones Normales 1-29,text,true,,1456,255,1,1,http://localhost:3500/query/empresa_simulada,3,0,0
1783612252708,2,POST get_cuentas_cobrar,200,OK,Benchmark - Operaciones Normales 1-29,text,true,,1981,311,1,1,http://localhost:3500/query/empresa_simulada,2,0,0
1783612252710,2,POST get_bancos,200,OK,Benchmark - Operaciones Normales 1-29,text,true,,1344,254,1,1,http://localhost:3500/query/empresa_simulada,2,0,0
1783612252712,3,POST get_monedas,200,OK,Benchmark - Operaciones Normales 1-29,text,true,,1572,255,1,1,http://localhost:3500/query/empresa_simulada,3,0,0
1783612252715,3,POST get_empresa,200,OK,Benchmark - Operaciones Normales 1-29,text,true,,1456,255,1,1,http://localhost:3500/query/empresa_simulada,3,0,0
1783612252718,3,POST get_cuentas_cobrar,200,OK,Benchmark - Operaciones Normales 1-29,text,true,,1981,311,1,1,http://localhost:3500/query/empresa_simulada,3,0,0
1783612252721,2,POST get_bancos,200,OK,Benchmark - Operaciones Normales 1-29,text,true,,1344,254,1,1,http://localhost:3500/query/empresa_simulada,2,0,0
1783612252723,2,POST get_monedas,200,OK,Benchmark - Operaciones Normales 1-29,text,true,,1572,255,1,1,http://localhost:3500/query/empresa_simulada,2,0,0
1783612252725,2,POST get_empresa,200,OK,Benchmark - Operaciones Normales 1-29,text,true,,1456,255,1,1,http://localhost:3500/query/empresa_simulada,2,0,0
1783612252727,2,POST get_cuentas_cobrar,200,OK,Benchmark - Operaciones Normales 1-29,text,true,,1981,311,1,1,http://localhost:3500/query/empresa_simulada,2,0,0
1783612252729,2,POST get_bancos,200,OK,Benchmark - Operaciones Normales 1-29,text,true,,1344,254,1,1,http://localhost:3500/query/empresa_simulada,2,0,0
1783612252731,2,POST get_monedas,200,OK,Benchmark - Operaciones Normales 1-29,text,true,,1572,255,1,1,http://localhost:3500/query/empresa_simulada,2,0,0
1783612252733,2,POST get_empresa,200,OK,Benchmark - Operaciones Normales 1-29,text,true,,1456,255,1,1,http://localhost:3500/query/empresa_simulada,2,0,0
1783612252735,2,POST get_cuentas_cobrar,200,OK,Benchmark - Operaciones Normales 1-29,text,true,,1981,311,1,1,http://localhost:3500/query/empresa_simulada,2,0,0
1783612252738,3,POST get_bancos,200,OK,Benchmark - Operaciones Normales 1-29,text,true,,1344,254,1,1,http://localhost:3500/query/empresa_simulada,3,0,0
1783612252741,2,POST get_monedas,200,OK,Benchmark - Operaciones Normales 1-29,text,true,,1572,255,1,1,http://localhost:3500/query/empresa_simulada,2,0,0
1783612252743,2,POST get_empresa,200,OK,Benchmark - Operaciones Normales 1-29,text,true,,1456,255,1,1,http://localhost:3500/query/empresa_simulada,2,0,0
1783612252746,1,POST get_cuentas_cobrar,200,OK,Benchmark - Operaciones Normales 1-29,text,true,,1981,311,1,1,http://localhost:3500/query/empresa_simulada,1,0,0
1783612252748,2,POST get_bancos,200,OK,Benchmark - Operaciones Normales 1-29,text,true,,1344,254,1,1,http://localhost:3500/query/empresa_simulada,2,0,0
1783612252750,2,POST get_monedas,200,OK,Benchmark - Operaciones Normales 1-29,text,true,,1572,255,1,1,http://localhost:3500/query/empresa_simulada,2,0,0
1783612252752,2,POST get_empresa,200,OK,Benchmark - Operaciones Normales 1-29,text,true,,1456,255,1,1,http://localhost:3500/query/empresa_simulada,2,0,0
1783612252754,2,POST get_cuentas_cobrar,200,OK,Benchmark - Operaciones Normales 1-29,text,true,,1981,311,1,1,http://localhost:3500/query/empresa_simulada,2,0,0
1783612252756,3,POST get_bancos,200,OK,Benchmark - Operaciones Normales 1-29,text,true,,1344,254,1,1,http://localhost:3500/query/empresa_simulada,3,0,0
1783612252759,2,POST get_monedas,200,OK,Benchmark - Operaciones Normales 1-29,text,true,,1572,255,1,1,http://localhost:3500/query/empresa_simulada,2,0,0
1783612252762,1,POST get_empresa,200,OK,Benchmark - Operaciones Normales 1-29,text,true,,1456,255,1,1,http://localhost:3500/query/empresa_simulada,1,0,0
1783612252763,2,POST get_cuentas_cobrar,200,OK,Benchmark - Operaciones Normales 1-29,text,true,,1981,311,1,1,http://localhost:3500/query/empresa_simulada,2,0,0
1783612252765,2,POST get_bancos,200,OK,Benchmark - Operaciones Normales 1-29,text,true,,1344,254,1,1,http://localhost:3500/query/empresa_simulada,2,0,0
1783612252767,3,POST get_monedas,200,OK,Benchmark - Operaciones Normales 1-29,text,true,,1572,255,1,1,http://localhost:3500/query/empresa_simulada,3,0,0
1783612252770,4,POST get_empresa,200,OK,Benchmark - Operaciones Normales 1-29,text,true,,1456,255,1,1,http://localhost:3500/query/empresa_simulada,4,0,0
1783612252775,2,POST get_cuentas_cobrar,200,OK,Benchmark - Operaciones Normales 1-29,text,true,,1981,311,1,1,http://localhost:3500/query/empresa_simulada,2,0,0
1783612252777,3,POST get_bancos,200,OK,Benchmark - Operaciones Normales 1-29,text,true,,1344,254,1,1,http://localhost:3500/query/empresa_simulada,3,0,0
1783612252780,2,POST get_monedas,200,OK,Benchmark - Operaciones Normales 1-29,text,true,,1572,255,1,1,http://localhost:3500/query/empresa_simulada,2,0,0
1783612252782,3,POST get_empresa,200,OK,Benchmark - Operaciones Normales 1-29,text,true,,1456,255,2,2,http://localhost:3500/query/empresa_simulada,3,0,0
1783612252785,4,POST get_cuentas_cobrar,200,OK,Benchmark - Operaciones Normales 1-30,text,true,,1981,311,1,1,http://localhost:3500/query/empresa_simulada,4,0,2
1783612252789,2,POST get_bancos,200,OK,Benchmark - Operaciones Normales 1-30,text,true,,1344,254,1,1,http://localhost:3500/query/empresa_simulada,2,0,0
1783612252791,2,POST get_monedas,200,OK,Benchmark - Operaciones Normales 1-30,text,true,,1572,255,1,1,http://localhost:3500/query/empresa_simulada,2,0,0
1783612252793,2,POST get_empresa,200,OK,Benchmark - Operaciones Normales 1-30,text,true,,1456,255,1,1,http://localhost:3500/query/empresa_simulada,2,0,0
1783612252795,2,POST get_cuentas_cobrar,200,OK,Benchmark - Operaciones Normales 1-30,text,true,,1981,311,1,1,http://localhost:3500/query/empresa_simulada,2,0,0
1783612252797,2,POST get_bancos,200,OK,Benchmark - Operaciones Normales 1-30,text,true,,1344,254,1,1,http://localhost:3500/query/empresa_simulada,2,0,0
1783612252799,3,POST get_monedas,200,OK,Benchmark - Operaciones Normales 1-30,text,true,,1572,255,1,1,http://localhost:3500/query/empresa_simulada,3,0,0
1783612252803,2,POST get_empresa,200,OK,Benchmark - Operaciones Normales 1-30,text,true,,1456,255,1,1,http://localhost:3500/query/empresa_simulada,2,0,0
1783612252805,2,POST get_cuentas_cobrar,200,OK,Benchmark - Operaciones Normales 1-30,text,true,,1981,311,1,1,http://localhost:3500/query/empresa_simulada,2,0,0
1783612252808,1,POST get_bancos,200,OK,Benchmark - Operaciones Normales 1-30,text,true,,1344,254,1,1,http://localhost:3500/query/empresa_simulada,1,0,0
1783612252810,2,POST get_monedas,200,OK,Benchmark - Operaciones Normales 1-30,text,true,,1572,255,1,1,http://localhost:3500/query/empresa_simulada,2,0,0
1783612252812,3,POST get_empresa,200,OK,Benchmark - Operaciones Normales 1-30,text,true,,1456,255,1,1,http://localhost:3500/query/empresa_simulada,3,0,0
1783612252815,2,POST get_cuentas_cobrar,200,OK,Benchmark - Operaciones Normales 1-30,text,true,,1981,311,1,1,http://localhost:3500/query/empresa_simulada,2,0,0
1783612252817,2,POST get_bancos,200,OK,Benchmark - Operaciones Normales 1-30,text,true,,1344,254,1,1,http://localhost:3500/query/empresa_simulada,2,0,0
1783612252819,2,POST get_monedas,200,OK,Benchmark - Operaciones Normales 1-30,text,true,,1572,255,1,1,http://localhost:3500/query/empresa_simulada,2,0,0
1783612252821,2,POST get_empresa,200,OK,Benchmark - Operaciones Normales 1-30,text,true,,1456,255,1,1,http://localhost:3500/query/empresa_simulada,2,0,0
1783612252823,2,POST get_cuentas_cobrar,200,OK,Benchmark - Operaciones Normales 1-30,text,true,,1981,311,1,1,http://localhost:3500/query/empresa_simulada,2,0,0
1783612252825,2,POST get_bancos,200,OK,Benchmark - Operaciones Normales 1-30,text,true,,1344,254,1,1,http://localhost:3500/query/empresa_simulada,2,0,0
1783612252827,2,POST get_monedas,200,OK,Benchmark - Operaciones Normales 1-30,text,true,,1572,255,1,1,http://localhost:3500/query/empresa_simulada,2,0,0
1783612252830,1,POST get_empresa,200,OK,Benchmark - Operaciones Normales 1-30,text,true,,1456,255,1,1,http://localhost:3500/query/empresa_simulada,1,0,0
1783612252832,2,POST get_cuentas_cobrar,200,OK,Benchmark - Operaciones Normales 1-30,text,true,,1981,311,1,1,http://localhost:3500/query/empresa_simulada,2,0,0
1783612252834,4,POST get_bancos,200,OK,Benchmark - Operaciones Normales 1-30,text,true,,1344,254,1,1,http://localhost:3500/query/empresa_simulada,4,0,0
1783612252838,2,POST get_monedas,200,OK,Benchmark - Operaciones Normales 1-30,text,true,,1572,255,1,1,http://localhost:3500/query/empresa_simulada,2,0,0
1783612252840,2,POST get_empresa,200,OK,Benchmark - Operaciones Normales 1-30,text,true,,1456,255,1,1,http://localhost:3500/query/empresa_simulada,2,0,0
1783612252843,2,POST get_cuentas_cobrar,200,OK,Benchmark - Operaciones Normales 1-30,text,true,,1981,311,1,1,http://localhost:3500/query/empresa_simulada,2,0,0
1783612252845,6,POST get_bancos,200,OK,Benchmark - Operaciones Normales 1-30,text,true,,1344,254,1,1,http://localhost:3500/query/empresa_simulada,6,0,0
1783612252851,3,POST get_monedas,200,OK,Benchmark - Operaciones Normales 1-30,text,true,,1572,255,1,1,http://localhost:3500/query/empresa_simulada,3,0,0
1783612252854,3,POST get_empresa,200,OK,Benchmark - Operaciones Normales 1-30,text,true,,1456,255,1,1,http://localhost:3500/query/empresa_simulada,3,0,0
1783612252857,2,POST get_cuentas_cobrar,200,OK,Benchmark - Operaciones Normales 1-30,text,true,,1981,311,1,1,http://localhost:3500/query/empresa_simulada,2,0,0
1783612252860,1,POST get_bancos,200,OK,Benchmark - Operaciones Normales 1-30,text,true,,1344,254,1,1,http://localhost:3500/query/empresa_simulada,1,0,0
1783612252862,1,POST get_monedas,200,OK,Benchmark - Operaciones Normales 1-30,text,true,,1572,255,1,1,http://localhost:3500/query/empresa_simulada,1,0,0
1783612252864,2,POST get_empresa,200,OK,Benchmark - Operaciones Normales 1-30,text,true,,1456,255,1,1,http://localhost:3500/query/empresa_simulada,2,0,0
1783612252866,4,POST get_cuentas_cobrar,200,OK,Benchmark - Operaciones Normales 1-30,text,true,,1981,311,1,1,http://localhost:3500/query/empresa_simulada,4,0,0
1783612252870,3,POST get_bancos,200,OK,Benchmark - Operaciones Normales 1-30,text,true,,1344,254,1,1,http://localhost:3500/query/empresa_simulada,2,0,0
1783612252873,2,POST get_monedas,200,OK,Benchmark - Operaciones Normales 1-30,text,true,,1572,255,1,1,http://localhost:3500/query/empresa_simulada,2,0,0
1783612252875,2,POST get_empresa,200,OK,Benchmark - Operaciones Normales 1-30,text,true,,1456,255,1,1,http://localhost:3500/query/empresa_simulada,2,0,0
1783612252877,2,POST get_cuentas_cobrar,200,OK,Benchmark - Operaciones Normales 1-30,text,true,,1981,311,1,1,http://localhost:3500/query/empresa_simulada,2,0,0
1783612252879,2,POST get_bancos,200,OK,Benchmark - Operaciones Normales 1-30,text,true,,1344,254,1,1,http://localhost:3500/query/empresa_simulada,2,0,0
1783612252881,2,POST get_monedas,200,OK,Benchmark - Operaciones Normales 1-30,text,true,,1572,255,2,2,http://localhost:3500/query/empresa_simulada,2,0,0
1783612252883,2,POST get_empresa,200,OK,Benchmark - Operaciones Normales 1-30,text,true,,1456,255,2,2,http://localhost:3500/query/empresa_simulada,2,0,0
1783612252884,3,POST get_cuentas_cobrar,200,OK,Benchmark - Operaciones Normales 1-31,text,true,,1981,311,1,1,http://localhost:3500/query/empresa_simulada,3,0,1
1783612252887,2,POST get_bancos,200,OK,Benchmark - Operaciones Normales 1-31,text,true,,1344,254,1,1,http://localhost:3500/query/empresa_simulada,2,0,0
1783612252890,1,POST get_monedas,200,OK,Benchmark - Operaciones Normales 1-31,text,true,,1572,255,1,1,http://localhost:3500/query/empresa_simulada,1,0,0
1783612252892,1,POST get_empresa,200,OK,Benchmark - Operaciones Normales 1-31,text,true,,1456,255,1,1,http://localhost:3500/query/empresa_simulada,1,0,0
1783612252894,2,POST get_cuentas_cobrar,200,OK,Benchmark - Operaciones Normales 1-31,text,true,,1981,311,1,1,http://localhost:3500/query/empresa_simulada,2,0,0
1783612252896,2,POST get_bancos,200,OK,Benchmark - Operaciones Normales 1-31,text,true,,1344,254,1,1,http://localhost:3500/query/empresa_simulada,2,0,0
1783612252898,3,POST get_monedas,200,OK,Benchmark - Operaciones Normales 1-31,text,true,,1572,255,1,1,http://localhost:3500/query/empresa_simulada,3,0,0
1783612252902,2,POST get_empresa,200,OK,Benchmark - Operaciones Normales 1-31,text,true,,1456,255,1,1,http://localhost:3500/query/empresa_simulada,2,0,0
1783612252904,2,POST get_cuentas_cobrar,200,OK,Benchmark - Operaciones Normales 1-31,text,true,,1981,311,1,1,http://localhost:3500/query/empresa_simulada,2,0,0
1783612252907,2,POST get_bancos,200,OK,Benchmark - Operaciones Normales 1-31,text,true,,1344,254,1,1,http://localhost:3500/query/empresa_simulada,2,0,0
1783612252909,3,POST get_monedas,200,OK,Benchmark - Operaciones Normales 1-31,text,true,,1572,255,1,1,http://localhost:3500/query/empresa_simulada,3,0,0
1783612252912,3,POST get_empresa,200,OK,Benchmark - Operaciones Normales 1-31,text,true,,1456,255,1,1,http://localhost:3500/query/empresa_simulada,3,0,0
1783612252915,2,POST get_cuentas_cobrar,200,OK,Benchmark - Operaciones Normales 1-31,text,true,,1981,311,1,1,http://localhost:3500/query/empresa_simulada,2,0,0
1783612252917,2,POST get_bancos,200,OK,Benchmark - Operaciones Normales 1-31,text,true,,1344,254,1,1,http://localhost:3500/query/empresa_simulada,2,0,0
1783612252919,2,POST get_monedas,200,OK,Benchmark - Operaciones Normales 1-31,text,true,,1572,255,1,1,http://localhost:3500/query/empresa_simulada,2,0,0
1783612252921,2,POST get_empresa,200,OK,Benchmark - Operaciones Normales 1-31,text,true,,1456,255,1,1,http://localhost:3500/query/empresa_simulada,2,0,0
1783612252923,2,POST get_cuentas_cobrar,200,OK,Benchmark - Operaciones Normales 1-31,text,true,,1981,311,1,1,http://localhost:3500/query/empresa_simulada,2,0,0
1783612252926,1,POST get_bancos,200,OK,Benchmark - Operaciones Normales 1-31,text,true,,1344,254,1,1,http://localhost:3500/query/empresa_simulada,1,0,0
1783612252927,2,POST get_monedas,200,OK,Benchmark - Operaciones Normales 1-31,text,true,,1572,255,1,1,http://localhost:3500/query/empresa_simulada,2,0,0
1783612252930,2,POST get_empresa,200,OK,Benchmark - Operaciones Normales 1-31,text,true,,1456,255,1,1,http://localhost:3500/query/empresa_simulada,2,0,0
1783612252932,4,POST get_cuentas_cobrar,200,OK,Benchmark - Operaciones Normales 1-31,text,true,,1981,311,1,1,http://localhost:3500/query/empresa_simulada,4,0,0
1783612252936,3,POST get_bancos,200,OK,Benchmark - Operaciones Normales 1-31,text,true,,1344,254,1,1,http://localhost:3500/query/empresa_simulada,3,0,0
1783612252939,2,POST get_monedas,200,OK,Benchmark - Operaciones Normales 1-31,text,true,,1572,255,1,1,http://localhost:3500/query/empresa_simulada,2,0,0
1783612252941,2,POST get_empresa,200,OK,Benchmark - Operaciones Normales 1-31,text,true,,1456,255,1,1,http://localhost:3500/query/empresa_simulada,2,0,0
1783612252944,2,POST get_cuentas_cobrar,200,OK,Benchmark - Operaciones Normales 1-31,text,true,,1981,311,1,1,http://localhost:3500/query/empresa_simulada,2,0,0
1783612252947,2,POST get_bancos,200,OK,Benchmark - Operaciones Normales 1-31,text,true,,1344,254,1,1,http://localhost:3500/query/empresa_simulada,2,0,0
1783612252950,2,POST get_monedas,200,OK,Benchmark - Operaciones Normales 1-31,text,true,,1572,255,1,1,http://localhost:3500/query/empresa_simulada,2,0,0
1783612252953,2,POST get_empresa,200,OK,Benchmark - Operaciones Normales 1-31,text,true,,1456,255,1,1,http://localhost:3500/query/empresa_simulada,2,0,0
1783612252955,3,POST get_cuentas_cobrar,200,OK,Benchmark - Operaciones Normales 1-31,text,true,,1981,311,1,1,http://localhost:3500/query/empresa_simulada,3,0,0
1783612252958,3,POST get_bancos,200,OK,Benchmark - Operaciones Normales 1-31,text,true,,1344,254,1,1,http://localhost:3500/query/empresa_simulada,3,0,0
1783612252961,3,POST get_monedas,200,OK,Benchmark - Operaciones Normales 1-31,text,true,,1572,255,1,1,http://localhost:3500/query/empresa_simulada,3,0,0
1783612252964,3,POST get_empresa,200,OK,Benchmark - Operaciones Normales 1-31,text,true,,1456,255,1,1,http://localhost:3500/query/empresa_simulada,3,0,0
1783612252968,3,POST get_cuentas_cobrar,200,OK,Benchmark - Operaciones Normales 1-31,text,true,,1981,311,1,1,http://localhost:3500/query/empresa_simulada,2,0,0
1783612252971,3,POST get_bancos,200,OK,Benchmark - Operaciones Normales 1-31,text,true,,1344,254,1,1,http://localhost:3500/query/empresa_simulada,3,0,0
1783612252974,4,POST get_monedas,200,OK,Benchmark - Operaciones Normales 1-31,text,true,,1572,255,1,1,http://localhost:3500/query/empresa_simulada,4,0,0
1783612252979,3,POST get_empresa,200,OK,Benchmark - Operaciones Normales 1-31,text,true,,1456,255,1,1,http://localhost:3500/query/empresa_simulada,3,0,0
1783612252982,4,POST get_cuentas_cobrar,200,OK,Benchmark - Operaciones Normales 1-31,text,true,,1981,311,2,2,http://localhost:3500/query/empresa_simulada,3,0,0
1783612252986,2,POST get_bancos,200,OK,Benchmark - Operaciones Normales 1-31,text,true,,1344,254,2,2,http://localhost:3500/query/empresa_simulada,2,0,0
1783612252984,5,POST get_cuentas_cobrar,200,OK,Benchmark - Operaciones Normales 1-32,text,true,,1981,311,2,2,http://localhost:3500/query/empresa_simulada,5,0,2
1783612252989,2,POST get_monedas,200,OK,Benchmark - Operaciones Normales 1-31,text,true,,1572,255,2,2,http://localhost:3500/query/empresa_simulada,2,0,0
1783612252989,3,POST get_bancos,200,OK,Benchmark - Operaciones Normales 1-32,text,true,,1344,254,2,2,http://localhost:3500/query/empresa_simulada,3,0,0
1783612252992,2,POST get_empresa,200,OK,Benchmark - Operaciones Normales 1-31,text,true,,1456,255,2,2,http://localhost:3500/query/empresa_simulada,2,0,0
1783612252992,3,POST get_monedas,200,OK,Benchmark - Operaciones Normales 1-32,text,true,,1572,255,1,1,http://localhost:3500/query/empresa_simulada,3,0,0
1783612252996,2,POST get_empresa,200,OK,Benchmark - Operaciones Normales 1-32,text,true,,1456,255,1,1,http://localhost:3500/query/empresa_simulada,2,0,0
1783612252998,3,POST get_cuentas_cobrar,200,OK,Benchmark - Operaciones Normales 1-32,text,true,,1981,311,1,1,http://localhost:3500/query/empresa_simulada,3,0,0
1783612253001,3,POST get_bancos,200,OK,Benchmark - Operaciones Normales 1-32,text,true,,1344,254,1,1,http://localhost:3500/query/empresa_simulada,3,0,0
1783612253004,2,POST get_monedas,200,OK,Benchmark - Operaciones Normales 1-32,text,true,,1572,255,1,1,http://localhost:3500/query/empresa_simulada,2,0,0
1783612253007,2,POST get_empresa,200,OK,Benchmark - Operaciones Normales 1-32,text,true,,1456,255,1,1,http://localhost:3500/query/empresa_simulada,2,0,0
1783612253009,3,POST get_cuentas_cobrar,200,OK,Benchmark - Operaciones Normales 1-32,text,true,,1981,311,1,1,http://localhost:3500/query/empresa_simulada,3,0,0
1783612253012,2,POST get_bancos,200,OK,Benchmark - Operaciones Normales 1-32,text,true,,1344,254,1,1,http://localhost:3500/query/empresa_simulada,2,0,0
1783612253014,2,POST get_monedas,200,OK,Benchmark - Operaciones Normales 1-32,text,true,,1572,255,1,1,http://localhost:3500/query/empresa_simulada,2,0,0
1783612253017,2,POST get_empresa,200,OK,Benchmark - Operaciones Normales 1-32,text,true,,1456,255,1,1,http://localhost:3500/query/empresa_simulada,2,0,0
1783612253019,2,POST get_cuentas_cobrar,200,OK,Benchmark - Operaciones Normales 1-32,text,true,,1981,311,1,1,http://localhost:3500/query/empresa_simulada,2,0,0
1783612253022,3,POST get_bancos,200,OK,Benchmark - Operaciones Normales 1-32,text,true,,1344,254,1,1,http://localhost:3500/query/empresa_simulada,3,0,0
1783612253026,2,POST get_monedas,200,OK,Benchmark - Operaciones Normales 1-32,text,true,,1572,255,1,1,http://localhost:3500/query/empresa_simulada,2,0,0
1783612253029,2,POST get_empresa,200,OK,Benchmark - Operaciones Normales 1-32,text,true,,1456,255,1,1,http://localhost:3500/query/empresa_simulada,2,0,0
1783612253031,3,POST get_cuentas_cobrar,200,OK,Benchmark - Operaciones Normales 1-32,text,true,,1981,311,1,1,http://localhost:3500/query/empresa_simulada,3,0,0
1783612253034,3,POST get_bancos,200,OK,Benchmark - Operaciones Normales 1-32,text,true,,1344,254,1,1,http://localhost:3500/query/empresa_simulada,3,0,0
1783612253037,2,POST get_monedas,200,OK,Benchmark - Operaciones Normales 1-32,text,true,,1572,255,1,1,http://localhost:3500/query/empresa_simulada,2,0,0
1783612253039,3,POST get_empresa,200,OK,Benchmark - Operaciones Normales 1-32,text,true,,1456,255,1,1,http://localhost:3500/query/empresa_simulada,3,0,0
1783612253042,2,POST get_cuentas_cobrar,200,OK,Benchmark - Operaciones Normales 1-32,text,true,,1981,311,1,1,http://localhost:3500/query/empresa_simulada,2,0,0
1783612253045,2,POST get_bancos,200,OK,Benchmark - Operaciones Normales 1-32,text,true,,1344,254,1,1,http://localhost:3500/query/empresa_simulada,2,0,0
1783612253047,2,POST get_monedas,200,OK,Benchmark - Operaciones Normales 1-32,text,true,,1572,255,1,1,http://localhost:3500/query/empresa_simulada,2,0,0
1783612253049,3,POST get_empresa,200,OK,Benchmark - Operaciones Normales 1-32,text,true,,1456,255,1,1,http://localhost:3500/query/empresa_simulada,3,0,0
1783612253052,2,POST get_cuentas_cobrar,200,OK,Benchmark - Operaciones Normales 1-32,text,true,,1981,311,1,1,http://localhost:3500/query/empresa_simulada,2,0,0
1783612253055,4,POST get_bancos,200,OK,Benchmark - Operaciones Normales 1-32,text,true,,1344,254,1,1,http://localhost:3500/query/empresa_simulada,4,0,0
1783612253059,3,POST get_monedas,200,OK,Benchmark - Operaciones Normales 1-32,text,true,,1572,255,1,1,http://localhost:3500/query/empresa_simulada,3,0,0
1783612253062,2,POST get_empresa,200,OK,Benchmark - Operaciones Normales 1-32,text,true,,1456,255,1,1,http://localhost:3500/query/empresa_simulada,2,0,0
1783612253065,3,POST get_cuentas_cobrar,200,OK,Benchmark - Operaciones Normales 1-32,text,true,,1981,311,1,1,http://localhost:3500/query/empresa_simulada,3,0,0
1783612253068,2,POST get_bancos,200,OK,Benchmark - Operaciones Normales 1-32,text,true,,1344,254,1,1,http://localhost:3500/query/empresa_simulada,2,0,0
1783612253070,2,POST get_monedas,200,OK,Benchmark - Operaciones Normales 1-32,text,true,,1572,255,1,1,http://localhost:3500/query/empresa_simulada,2,0,0
1783612253073,2,POST get_empresa,200,OK,Benchmark - Operaciones Normales 1-32,text,true,,1456,255,1,1,http://localhost:3500/query/empresa_simulada,2,0,0
1783612253075,3,POST get_cuentas_cobrar,200,OK,Benchmark - Operaciones Normales 1-32,text,true,,1981,311,1,1,http://localhost:3500/query/empresa_simulada,3,0,0
1783612253078,3,POST get_bancos,200,OK,Benchmark - Operaciones Normales 1-32,text,true,,1344,254,1,1,http://localhost:3500/query/empresa_simulada,3,0,0
1783612253081,3,POST get_monedas,200,OK,Benchmark - Operaciones Normales 1-32,text,true,,1572,255,2,2,http://localhost:3500/query/empresa_simulada,2,0,0
1783612253084,2,POST get_empresa,200,OK,Benchmark - Operaciones Normales 1-32,text,true,,1456,255,2,2,http://localhost:3500/query/empresa_simulada,2,0,0
1783612253084,4,POST get_cuentas_cobrar,200,OK,Benchmark - Operaciones Normales 1-33,text,true,,1981,311,2,2,http://localhost:3500/query/empresa_simulada,4,0,1
1783612253086,3,POST get_cuentas_cobrar,200,OK,Benchmark - Operaciones Normales 1-32,text,true,,1981,311,2,2,http://localhost:3500/query/empresa_simulada,3,0,0
1783612253088,3,POST get_bancos,200,OK,Benchmark - Operaciones Normales 1-33,text,true,,1344,254,2,2,http://localhost:3500/query/empresa_simulada,3,0,0
1783612253089,3,POST get_bancos,200,OK,Benchmark - Operaciones Normales 1-32,text,true,,1344,254,2,2,http://localhost:3500/query/empresa_simulada,3,0,0
1783612253091,3,POST get_monedas,200,OK,Benchmark - Operaciones Normales 1-33,text,true,,1572,255,2,2,http://localhost:3500/query/empresa_simulada,3,0,0
1783612253092,3,POST get_monedas,200,OK,Benchmark - Operaciones Normales 1-32,text,true,,1572,255,2,2,http://localhost:3500/query/empresa_simulada,3,0,0
1783612253095,2,POST get_empresa,200,OK,Benchmark - Operaciones Normales 1-33,text,true,,1456,255,2,2,http://localhost:3500/query/empresa_simulada,2,0,0
1783612253095,3,POST get_empresa,200,OK,Benchmark - Operaciones Normales 1-32,text,true,,1456,255,2,2,http://localhost:3500/query/empresa_simulada,3,0,0
1783612253098,3,POST get_cuentas_cobrar,200,OK,Benchmark - Operaciones Normales 1-33,text,true,,1981,311,1,1,http://localhost:3500/query/empresa_simulada,3,0,0
1783612253102,3,POST get_bancos,200,OK,Benchmark - Operaciones Normales 1-33,text,true,,1344,254,1,1,http://localhost:3500/query/empresa_simulada,3,0,0
1783612253105,2,POST get_monedas,200,OK,Benchmark - Operaciones Normales 1-33,text,true,,1572,255,1,1,http://localhost:3500/query/empresa_simulada,2,0,0
1783612253108,2,POST get_empresa,200,OK,Benchmark - Operaciones Normales 1-33,text,true,,1456,255,1,1,http://localhost:3500/query/empresa_simulada,2,0,0
1783612253110,3,POST get_cuentas_cobrar,200,OK,Benchmark - Operaciones Normales 1-33,text,true,,1981,311,1,1,http://localhost:3500/query/empresa_simulada,3,0,0
1783612253113,2,POST get_bancos,200,OK,Benchmark - Operaciones Normales 1-33,text,true,,1344,254,1,1,http://localhost:3500/query/empresa_simulada,2,0,0
1783612253115,3,POST get_monedas,200,OK,Benchmark - Operaciones Normales 1-33,text,true,,1572,255,1,1,http://localhost:3500/query/empresa_simulada,3,0,0
1783612253118,3,POST get_empresa,200,OK,Benchmark - Operaciones Normales 1-33,text,true,,1456,255,1,1,http://localhost:3500/query/empresa_simulada,3,0,0
1783612253121,2,POST get_cuentas_cobrar,200,OK,Benchmark - Operaciones Normales 1-33,text,true,,1981,311,1,1,http://localhost:3500/query/empresa_simulada,2,0,0
1783612253124,1,POST get_bancos,200,OK,Benchmark - Operaciones Normales 1-33,text,true,,1344,254,1,1,http://localhost:3500/query/empresa_simulada,1,0,0
1783612253126,2,POST get_monedas,200,OK,Benchmark - Operaciones Normales 1-33,text,true,,1572,255,1,1,http://localhost:3500/query/empresa_simulada,2,0,0
1783612253128,3,POST get_empresa,200,OK,Benchmark - Operaciones Normales 1-33,text,true,,1456,255,1,1,http://localhost:3500/query/empresa_simulada,3,0,0
1783612253131,3,POST get_cuentas_cobrar,200,OK,Benchmark - Operaciones Normales 1-33,text,true,,1981,311,1,1,http://localhost:3500/query/empresa_simulada,3,0,0
1783612253134,3,POST get_bancos,200,OK,Benchmark - Operaciones Normales 1-33,text,true,,1344,254,1,1,http://localhost:3500/query/empresa_simulada,3,0,0
1783612253137,2,POST get_monedas,200,OK,Benchmark - Operaciones Normales 1-33,text,true,,1572,255,1,1,http://localhost:3500/query/empresa_simulada,2,0,0
1783612253139,2,POST get_empresa,200,OK,Benchmark - Operaciones Normales 1-33,text,true,,1456,255,1,1,http://localhost:3500/query/empresa_simulada,2,0,0
1783612253141,3,POST get_cuentas_cobrar,200,OK,Benchmark - Operaciones Normales 1-33,text,true,,1981,311,1,1,http://localhost:3500/query/empresa_simulada,2,0,0
1783612253144,3,POST get_bancos,200,OK,Benchmark - Operaciones Normales 1-33,text,true,,1344,254,1,1,http://localhost:3500/query/empresa_simulada,3,0,0
1783612253148,1,POST get_monedas,200,OK,Benchmark - Operaciones Normales 1-33,text,true,,1572,255,1,1,http://localhost:3500/query/empresa_simulada,1,0,0
1783612253150,2,POST get_empresa,200,OK,Benchmark - Operaciones Normales 1-33,text,true,,1456,255,1,1,http://localhost:3500/query/empresa_simulada,2,0,0
1783612253152,2,POST get_cuentas_cobrar,200,OK,Benchmark - Operaciones Normales 1-33,text,true,,1981,311,1,1,http://localhost:3500/query/empresa_simulada,2,0,0
1783612253155,2,POST get_bancos,200,OK,Benchmark - Operaciones Normales 1-33,text,true,,1344,254,1,1,http://localhost:3500/query/empresa_simulada,2,0,0
1783612253157,2,POST get_monedas,200,OK,Benchmark - Operaciones Normales 1-33,text,true,,1572,255,1,1,http://localhost:3500/query/empresa_simulada,2,0,0
1783612253160,2,POST get_empresa,200,OK,Benchmark - Operaciones Normales 1-33,text,true,,1456,255,1,1,http://localhost:3500/query/empresa_simulada,2,0,0
1783612253162,2,POST get_cuentas_cobrar,200,OK,Benchmark - Operaciones Normales 1-33,text,true,,1981,311,1,1,http://localhost:3500/query/empresa_simulada,2,0,0
1783612253165,2,POST get_bancos,200,OK,Benchmark - Operaciones Normales 1-33,text,true,,1344,254,1,1,http://localhost:3500/query/empresa_simulada,2,0,0
1783612253167,2,POST get_monedas,200,OK,Benchmark - Operaciones Normales 1-33,text,true,,1572,255,1,1,http://localhost:3500/query/empresa_simulada,2,0,0
1783612253170,3,POST get_empresa,200,OK,Benchmark - Operaciones Normales 1-33,text,true,,1456,255,1,1,http://localhost:3500/query/empresa_simulada,3,0,0
1783612253173,4,POST get_cuentas_cobrar,200,OK,Benchmark - Operaciones Normales 1-33,text,true,,1981,311,1,1,http://localhost:3500/query/empresa_simulada,4,0,0
1783612253177,3,POST get_bancos,200,OK,Benchmark - Operaciones Normales 1-33,text,true,,1344,254,1,1,http://localhost:3500/query/empresa_simulada,3,0,0
1783612253180,2,POST get_monedas,200,OK,Benchmark - Operaciones Normales 1-33,text,true,,1572,255,1,1,http://localhost:3500/query/empresa_simulada,2,0,0
1783612253182,3,POST get_empresa,200,OK,Benchmark - Operaciones Normales 1-33,text,true,,1456,255,2,2,http://localhost:3500/query/empresa_simulada,3,0,0
1783612253185,2,POST get_cuentas_cobrar,200,OK,Benchmark - Operaciones Normales 1-33,text,true,,1981,311,2,2,http://localhost:3500/query/empresa_simulada,2,0,0
1783612253184,5,POST get_cuentas_cobrar,200,OK,Benchmark - Operaciones Normales 1-34,text,true,,1981,311,2,2,http://localhost:3500/query/empresa_simulada,5,0,2
1783612253188,3,POST get_bancos,200,OK,Benchmark - Operaciones Normales 1-33,text,true,,1344,254,2,2,http://localhost:3500/query/empresa_simulada,2,0,0
1783612253190,2,POST get_bancos,200,OK,Benchmark - Operaciones Normales 1-34,text,true,,1344,254,2,2,http://localhost:3500/query/empresa_simulada,2,0,0
1783612253191,3,POST get_monedas,200,OK,Benchmark - Operaciones Normales 1-33,text,true,,1572,255,2,2,http://localhost:3500/query/empresa_simulada,3,0,0
1783612253193,3,POST get_monedas,200,OK,Benchmark - Operaciones Normales 1-34,text,true,,1572,255,2,2,http://localhost:3500/query/empresa_simulada,3,0,0
1783612253195,2,POST get_empresa,200,OK,Benchmark - Operaciones Normales 1-33,text,true,,1456,255,2,2,http://localhost:3500/query/empresa_simulada,2,0,0
1783612253196,2,POST get_empresa,200,OK,Benchmark - Operaciones Normales 1-34,text,true,,1456,255,1,1,http://localhost:3500/query/empresa_simulada,2,0,0
1783612253199,2,POST get_cuentas_cobrar,200,OK,Benchmark - Operaciones Normales 1-34,text,true,,1981,311,1,1,http://localhost:3500/query/empresa_simulada,1,0,0
1783612253201,1,POST get_bancos,200,OK,Benchmark - Operaciones Normales 1-34,text,true,,1344,254,1,1,http://localhost:3500/query/empresa_simulada,1,0,0
1783612253203,1,POST get_monedas,200,OK,Benchmark - Operaciones Normales 1-34,text,true,,1572,255,1,1,http://localhost:3500/query/empresa_simulada,1,0,0
1783612253205,1,POST get_empresa,200,OK,Benchmark - Operaciones Normales 1-34,text,true,,1456,255,1,1,http://localhost:3500/query/empresa_simulada,1,0,0
1783612253207,2,POST get_cuentas_cobrar,200,OK,Benchmark - Operaciones Normales 1-34,text,true,,1981,311,1,1,http://localhost:3500/query/empresa_simulada,2,0,0
1783612253209,2,POST get_bancos,200,OK,Benchmark - Operaciones Normales 1-34,text,true,,1344,254,1,1,http://localhost:3500/query/empresa_simulada,2,0,0
1783612253211,2,POST get_monedas,200,OK,Benchmark - Operaciones Normales 1-34,text,true,,1572,255,1,1,http://localhost:3500/query/empresa_simulada,2,0,0
1783612253213,2,POST get_empresa,200,OK,Benchmark - Operaciones Normales 1-34,text,true,,1456,255,1,1,http://localhost:3500/query/empresa_simulada,2,0,0
1783612253216,3,POST get_cuentas_cobrar,200,OK,Benchmark - Operaciones Normales 1-34,text,true,,1981,311,1,1,http://localhost:3500/query/empresa_simulada,3,0,0
1783612253220,1,POST get_bancos,200,OK,Benchmark - Operaciones Normales 1-34,text,true,,1344,254,1,1,http://localhost:3500/query/empresa_simulada,1,0,0
1783612253222,1,POST get_monedas,200,OK,Benchmark - Operaciones Normales 1-34,text,true,,1572,255,1,1,http://localhost:3500/query/empresa_simulada,1,0,0
1783612253224,2,POST get_empresa,200,OK,Benchmark - Operaciones Normales 1-34,text,true,,1456,255,1,1,http://localhost:3500/query/empresa_simulada,1,0,0
1783612253226,2,POST get_cuentas_cobrar,200,OK,Benchmark - Operaciones Normales 1-34,text,true,,1981,311,1,1,http://localhost:3500/query/empresa_simulada,2,0,0
1783612253228,2,POST get_bancos,200,OK,Benchmark - Operaciones Normales 1-34,text,true,,1344,254,1,1,http://localhost:3500/query/empresa_simulada,2,0,0
1783612253231,2,POST get_monedas,200,OK,Benchmark - Operaciones Normales 1-34,text,true,,1572,255,1,1,http://localhost:3500/query/empresa_simulada,2,0,0
1783612253234,2,POST get_empresa,200,OK,Benchmark - Operaciones Normales 1-34,text,true,,1456,255,1,1,http://localhost:3500/query/empresa_simulada,2,0,0
1783612253236,2,POST get_cuentas_cobrar,200,OK,Benchmark - Operaciones Normales 1-34,text,true,,1981,311,1,1,http://localhost:3500/query/empresa_simulada,2,0,0
1783612253238,2,POST get_bancos,200,OK,Benchmark - Operaciones Normales 1-34,text,true,,1344,254,1,1,http://localhost:3500/query/empresa_simulada,2,0,0
1783612253240,2,POST get_monedas,200,OK,Benchmark - Operaciones Normales 1-34,text,true,,1572,255,1,1,http://localhost:3500/query/empresa_simulada,2,0,0
1783612253242,3,POST get_empresa,200,OK,Benchmark - Operaciones Normales 1-34,text,true,,1456,255,1,1,http://localhost:3500/query/empresa_simulada,3,0,0
1783612253245,2,POST get_cuentas_cobrar,200,OK,Benchmark - Operaciones Normales 1-34,text,true,,1981,311,1,1,http://localhost:3500/query/empresa_simulada,2,0,0
1783612253247,2,POST get_bancos,200,OK,Benchmark - Operaciones Normales 1-34,text,true,,1344,254,1,1,http://localhost:3500/query/empresa_simulada,2,0,0
1783612253250,2,POST get_monedas,200,OK,Benchmark - Operaciones Normales 1-34,text,true,,1572,255,1,1,http://localhost:3500/query/empresa_simulada,2,0,0
1783612253252,3,POST get_empresa,200,OK,Benchmark - Operaciones Normales 1-34,text,true,,1456,255,1,1,http://localhost:3500/query/empresa_simulada,3,0,0
1783612253256,3,POST get_cuentas_cobrar,200,OK,Benchmark - Operaciones Normales 1-34,text,true,,1981,311,1,1,http://localhost:3500/query/empresa_simulada,3,0,0
1783612253259,2,POST get_bancos,200,OK,Benchmark - Operaciones Normales 1-34,text,true,,1344,254,1,1,http://localhost:3500/query/empresa_simulada,2,0,0
1783612253261,2,POST get_monedas,200,OK,Benchmark - Operaciones Normales 1-34,text,true,,1572,255,1,1,http://localhost:3500/query/empresa_simulada,2,0,0
1783612253263,2,POST get_empresa,200,OK,Benchmark - Operaciones Normales 1-34,text,true,,1456,255,1,1,http://localhost:3500/query/empresa_simulada,2,0,0
1783612253266,2,POST get_cuentas_cobrar,200,OK,Benchmark - Operaciones Normales 1-34,text,true,,1981,311,1,1,http://localhost:3500/query/empresa_simulada,1,0,0
1783612253268,2,POST get_bancos,200,OK,Benchmark - Operaciones Normales 1-34,text,true,,1344,254,1,1,http://localhost:3500/query/empresa_simulada,2,0,0
1783612253270,2,POST get_monedas,200,OK,Benchmark - Operaciones Normales 1-34,text,true,,1572,255,1,1,http://localhost:3500/query/empresa_simulada,2,0,0
1783612253272,3,POST get_empresa,200,OK,Benchmark - Operaciones Normales 1-34,text,true,,1456,255,1,1,http://localhost:3500/query/empresa_simulada,3,0,0
1783612253275,2,POST get_cuentas_cobrar,200,OK,Benchmark - Operaciones Normales 1-34,text,true,,1981,311,1,1,http://localhost:3500/query/empresa_simulada,2,0,0
1783612253278,2,POST get_bancos,200,OK,Benchmark - Operaciones Normales 1-34,text,true,,1344,254,1,1,http://localhost:3500/query/empresa_simulada,2,0,0
1783612253280,2,POST get_monedas,200,OK,Benchmark - Operaciones Normales 1-34,text,true,,1572,255,1,1,http://localhost:3500/query/empresa_simulada,2,0,0
1783612253282,3,POST get_empresa,200,OK,Benchmark - Operaciones Normales 1-34,text,true,,1456,255,2,2,http://localhost:3500/query/empresa_simulada,3,0,0
1783612253284,5,POST get_cuentas_cobrar,200,OK,Benchmark - Operaciones Normales 1-35,text,true,,1981,311,1,1,http://localhost:3500/query/empresa_simulada,5,0,2
1783612253289,2,POST get_bancos,200,OK,Benchmark - Operaciones Normales 1-35,text,true,,1344,254,1,1,http://localhost:3500/query/empresa_simulada,2,0,0
1783612253292,2,POST get_monedas,200,OK,Benchmark - Operaciones Normales 1-35,text,true,,1572,255,1,1,http://localhost:3500/query/empresa_simulada,2,0,0
1783612253294,3,POST get_empresa,200,OK,Benchmark - Operaciones Normales 1-35,text,true,,1456,255,1,1,http://localhost:3500/query/empresa_simulada,3,0,0
1783612253297,3,POST get_cuentas_cobrar,200,OK,Benchmark - Operaciones Normales 1-35,text,true,,1981,311,1,1,http://localhost:3500/query/empresa_simulada,3,0,0
1783612253300,2,POST get_bancos,200,OK,Benchmark - Operaciones Normales 1-35,text,true,,1344,254,1,1,http://localhost:3500/query/empresa_simulada,2,0,0
1783612253302,2,POST get_monedas,200,OK,Benchmark - Operaciones Normales 1-35,text,true,,1572,255,1,1,http://localhost:3500/query/empresa_simulada,2,0,0
1783612253304,2,POST get_empresa,200,OK,Benchmark - Operaciones Normales 1-35,text,true,,1456,255,1,1,http://localhost:3500/query/empresa_simulada,2,0,0
1783612253306,2,POST get_cuentas_cobrar,200,OK,Benchmark - Operaciones Normales 1-35,text,true,,1981,311,1,1,http://localhost:3500/query/empresa_simulada,2,0,0
1783612253308,2,POST get_bancos,200,OK,Benchmark - Operaciones Normales 1-35,text,true,,1344,254,1,1,http://localhost:3500/query/empresa_simulada,2,0,0
1783612253310,2,POST get_monedas,200,OK,Benchmark - Operaciones Normales 1-35,text,true,,1572,255,1,1,http://localhost:3500/query/empresa_simulada,2,0,0
1783612253312,2,POST get_empresa,200,OK,Benchmark - Operaciones Normales 1-35,text,true,,1456,255,1,1,http://localhost:3500/query/empresa_simulada,2,0,0
1783612253314,2,POST get_cuentas_cobrar,200,OK,Benchmark - Operaciones Normales 1-35,text,true,,1981,311,1,1,http://localhost:3500/query/empresa_simulada,2,0,0
1783612253316,2,POST get_bancos,200,OK,Benchmark - Operaciones Normales 1-35,text,true,,1344,254,1,1,http://localhost:3500/query/empresa_simulada,2,0,0
1783612253318,3,POST get_monedas,200,OK,Benchmark - Operaciones Normales 1-35,text,true,,1572,255,1,1,http://localhost:3500/query/empresa_simulada,3,0,0
1783612253321,2,POST get_empresa,200,OK,Benchmark - Operaciones Normales 1-35,text,true,,1456,255,1,1,http://localhost:3500/query/empresa_simulada,2,0,0
1783612253323,2,POST get_cuentas_cobrar,200,OK,Benchmark - Operaciones Normales 1-35,text,true,,1981,311,1,1,http://localhost:3500/query/empresa_simulada,2,0,0
1783612253325,2,POST get_bancos,200,OK,Benchmark - Operaciones Normales 1-35,text,true,,1344,254,1,1,http://localhost:3500/query/empresa_simulada,2,0,0
1783612253328,3,POST get_monedas,200,OK,Benchmark - Operaciones Normales 1-35,text,true,,1572,255,1,1,http://localhost:3500/query/empresa_simulada,3,0,0
1783612253331,5,POST get_empresa,200,OK,Benchmark - Operaciones Normales 1-35,text,true,,1456,255,1,1,http://localhost:3500/query/empresa_simulada,5,0,0
1783612253336,2,POST get_cuentas_cobrar,200,OK,Benchmark - Operaciones Normales 1-35,text,true,,1981,311,1,1,http://localhost:3500/query/empresa_simulada,2,0,0
1783612253339,2,POST get_bancos,200,OK,Benchmark - Operaciones Normales 1-35,text,true,,1344,254,1,1,http://localhost:3500/query/empresa_simulada,2,0,0
1783612253341,2,POST get_monedas,200,OK,Benchmark - Operaciones Normales 1-35,text,true,,1572,255,1,1,http://localhost:3500/query/empresa_simulada,2,0,0
1783612253343,2,POST get_empresa,200,OK,Benchmark - Operaciones Normales 1-35,text,true,,1456,255,1,1,http://localhost:3500/query/empresa_simulada,2,0,0
1783612253345,3,POST get_cuentas_cobrar,200,OK,Benchmark - Operaciones Normales 1-35,text,true,,1981,311,1,1,http://localhost:3500/query/empresa_simulada,3,0,0
1783612253348,2,POST get_bancos,200,OK,Benchmark - Operaciones Normales 1-35,text,true,,1344,254,1,1,http://localhost:3500/query/empresa_simulada,2,0,0
1783612253350,2,POST get_monedas,200,OK,Benchmark - Operaciones Normales 1-35,text,true,,1572,255,1,1,http://localhost:3500/query/empresa_simulada,2,0,0
1783612253352,2,POST get_empresa,200,OK,Benchmark - Operaciones Normales 1-35,text,true,,1456,255,1,1,http://localhost:3500/query/empresa_simulada,2,0,0
1783612253355,2,POST get_cuentas_cobrar,200,OK,Benchmark - Operaciones Normales 1-35,text,true,,1981,311,1,1,http://localhost:3500/query/empresa_simulada,2,0,0
1783612253357,2,POST get_bancos,200,OK,Benchmark - Operaciones Normales 1-35,text,true,,1344,254,1,1,http://localhost:3500/query/empresa_simulada,2,0,0
1783612253359,2,POST get_monedas,200,OK,Benchmark - Operaciones Normales 1-35,text,true,,1572,255,1,1,http://localhost:3500/query/empresa_simulada,2,0,0
1783612253361,2,POST get_empresa,200,OK,Benchmark - Operaciones Normales 1-35,text,true,,1456,255,1,1,http://localhost:3500/query/empresa_simulada,2,0,0
1783612253363,2,POST get_cuentas_cobrar,200,OK,Benchmark - Operaciones Normales 1-35,text,true,,1981,311,1,1,http://localhost:3500/query/empresa_simulada,2,0,0
1783612253365,4,POST get_bancos,200,OK,Benchmark - Operaciones Normales 1-35,text,true,,1344,254,1,1,http://localhost:3500/query/empresa_simulada,4,0,0
1783612253369,2,POST get_monedas,200,OK,Benchmark - Operaciones Normales 1-35,text,true,,1572,255,1,1,http://localhost:3500/query/empresa_simulada,2,0,0
1783612253371,2,POST get_empresa,200,OK,Benchmark - Operaciones Normales 1-35,text,true,,1456,255,1,1,http://localhost:3500/query/empresa_simulada,2,0,0
1783612253373,2,POST get_cuentas_cobrar,200,OK,Benchmark - Operaciones Normales 1-35,text,true,,1981,311,1,1,http://localhost:3500/query/empresa_simulada,2,0,0
1783612253375,2,POST get_bancos,200,OK,Benchmark - Operaciones Normales 1-35,text,true,,1344,254,1,1,http://localhost:3500/query/empresa_simulada,2,0,0
1783612253377,3,POST get_monedas,200,OK,Benchmark - Operaciones Normales 1-35,text,true,,1572,255,1,1,http://localhost:3500/query/empresa_simulada,3,0,0
1783612253380,2,POST get_empresa,200,OK,Benchmark - Operaciones Normales 1-35,text,true,,1456,255,2,2,http://localhost:3500/query/empresa_simulada,2,0,0
1783612253383,3,POST get_cuentas_cobrar,200,OK,Benchmark - Operaciones Normales 1-36,text,true,,1981,311,1,1,http://localhost:3500/query/empresa_simulada,3,0,1
1783612253386,2,POST get_bancos,200,OK,Benchmark - Operaciones Normales 1-36,text,true,,1344,254,1,1,http://localhost:3500/query/empresa_simulada,2,0,0
1783612253388,2,POST get_monedas,200,OK,Benchmark - Operaciones Normales 1-36,text,true,,1572,255,1,1,http://localhost:3500/query/empresa_simulada,2,0,0
1783612253390,2,POST get_empresa,200,OK,Benchmark - Operaciones Normales 1-36,text,true,,1456,255,1,1,http://localhost:3500/query/empresa_simulada,2,0,0
1783612253392,2,POST get_cuentas_cobrar,200,OK,Benchmark - Operaciones Normales 1-36,text,true,,1981,311,1,1,http://localhost:3500/query/empresa_simulada,2,0,0
1783612253394,2,POST get_bancos,200,OK,Benchmark - Operaciones Normales 1-36,text,true,,1344,254,1,1,http://localhost:3500/query/empresa_simulada,2,0,0
1783612253396,2,POST get_monedas,200,OK,Benchmark - Operaciones Normales 1-36,text,true,,1572,255,1,1,http://localhost:3500/query/empresa_simulada,2,0,0
1783612253399,2,POST get_empresa,200,OK,Benchmark - Operaciones Normales 1-36,text,true,,1456,255,1,1,http://localhost:3500/query/empresa_simulada,2,0,0
1783612253402,2,POST get_cuentas_cobrar,200,OK,Benchmark - Operaciones Normales 1-36,text,true,,1981,311,1,1,http://localhost:3500/query/empresa_simulada,2,0,0
1783612253404,2,POST get_bancos,200,OK,Benchmark - Operaciones Normales 1-36,text,true,,1344,254,1,1,http://localhost:3500/query/empresa_simulada,2,0,0
1783612253406,3,POST get_monedas,200,OK,Benchmark - Operaciones Normales 1-36,text,true,,1572,255,1,1,http://localhost:3500/query/empresa_simulada,3,0,0
1783612253409,2,POST get_empresa,200,OK,Benchmark - Operaciones Normales 1-36,text,true,,1456,255,1,1,http://localhost:3500/query/empresa_simulada,2,0,0
1783612253411,2,POST get_cuentas_cobrar,200,OK,Benchmark - Operaciones Normales 1-36,text,true,,1981,311,1,1,http://localhost:3500/query/empresa_simulada,2,0,0
1783612253414,1,POST get_bancos,200,OK,Benchmark - Operaciones Normales 1-36,text,true,,1344,254,1,1,http://localhost:3500/query/empresa_simulada,1,0,0
1783612253416,1,POST get_monedas,200,OK,Benchmark - Operaciones Normales 1-36,text,true,,1572,255,1,1,http://localhost:3500/query/empresa_simulada,1,0,0
1783612253418,1,POST get_empresa,200,OK,Benchmark - Operaciones Normales 1-36,text,true,,1456,255,1,1,http://localhost:3500/query/empresa_simulada,1,0,0
1783612253420,1,POST get_cuentas_cobrar,200,OK,Benchmark - Operaciones Normales 1-36,text,true,,1981,311,1,1,http://localhost:3500/query/empresa_simulada,1,0,0
1783612253422,2,POST get_bancos,200,OK,Benchmark - Operaciones Normales 1-36,text,true,,1344,254,1,1,http://localhost:3500/query/empresa_simulada,2,0,0
1783612253424,2,POST get_monedas,200,OK,Benchmark - Operaciones Normales 1-36,text,true,,1572,255,1,1,http://localhost:3500/query/empresa_simulada,2,0,0
1783612253427,1,POST get_empresa,200,OK,Benchmark - Operaciones Normales 1-36,text,true,,1456,255,1,1,http://localhost:3500/query/empresa_simulada,1,0,0
1783612253429,1,POST get_cuentas_cobrar,200,OK,Benchmark - Operaciones Normales 1-36,text,true,,1981,311,1,1,http://localhost:3500/query/empresa_simulada,1,0,0
1783612253431,1,POST get_bancos,200,OK,Benchmark - Operaciones Normales 1-36,text,true,,1344,254,1,1,http://localhost:3500/query/empresa_simulada,1,0,0
1783612253433,1,POST get_monedas,200,OK,Benchmark - Operaciones Normales 1-36,text,true,,1572,255,1,1,http://localhost:3500/query/empresa_simulada,1,0,0
1783612253435,2,POST get_empresa,200,OK,Benchmark - Operaciones Normales 1-36,text,true,,1456,255,1,1,http://localhost:3500/query/empresa_simulada,2,0,0
1783612253438,4,POST get_cuentas_cobrar,200,OK,Benchmark - Operaciones Normales 1-36,text,true,,1981,311,1,1,http://localhost:3500/query/empresa_simulada,4,0,0
1783612253442,3,POST get_bancos,200,OK,Benchmark - Operaciones Normales 1-36,text,true,,1344,254,1,1,http://localhost:3500/query/empresa_simulada,3,0,0
1783612253445,3,POST get_monedas,200,OK,Benchmark - Operaciones Normales 1-36,text,true,,1572,255,1,1,http://localhost:3500/query/empresa_simulada,3,0,0
1783612253448,2,POST get_empresa,200,OK,Benchmark - Operaciones Normales 1-36,text,true,,1456,255,1,1,http://localhost:3500/query/empresa_simulada,2,0,0
1783612253451,2,POST get_cuentas_cobrar,200,OK,Benchmark - Operaciones Normales 1-36,text,true,,1981,311,1,1,http://localhost:3500/query/empresa_simulada,2,0,0
1783612253453,3,POST get_bancos,200,OK,Benchmark - Operaciones Normales 1-36,text,true,,1344,254,1,1,http://localhost:3500/query/empresa_simulada,3,0,0
1783612253456,3,POST get_monedas,200,OK,Benchmark - Operaciones Normales 1-36,text,true,,1572,255,1,1,http://localhost:3500/query/empresa_simulada,3,0,0
1783612253459,2,POST get_empresa,200,OK,Benchmark - Operaciones Normales 1-36,text,true,,1456,255,1,1,http://localhost:3500/query/empresa_simulada,2,0,0
1783612253462,2,POST get_cuentas_cobrar,200,OK,Benchmark - Operaciones Normales 1-36,text,true,,1981,311,1,1,http://localhost:3500/query/empresa_simulada,2,0,0
1783612253464,2,POST get_bancos,200,OK,Benchmark - Operaciones Normales 1-36,text,true,,1344,254,1,1,http://localhost:3500/query/empresa_simulada,2,0,0
1783612253466,3,POST get_monedas,200,OK,Benchmark - Operaciones Normales 1-36,text,true,,1572,255,1,1,http://localhost:3500/query/empresa_simulada,3,0,0
1783612253469,2,POST get_empresa,200,OK,Benchmark - Operaciones Normales 1-36,text,true,,1456,255,1,1,http://localhost:3500/query/empresa_simulada,2,0,0
1783612253471,3,POST get_cuentas_cobrar,200,OK,Benchmark - Operaciones Normales 1-36,text,true,,1981,311,1,1,http://localhost:3500/query/empresa_simulada,3,0,0
1783612253474,3,POST get_bancos,200,OK,Benchmark - Operaciones Normales 1-36,text,true,,1344,254,1,1,http://localhost:3500/query/empresa_simulada,3,0,0
1783612253478,2,POST get_monedas,200,OK,Benchmark - Operaciones Normales 1-36,text,true,,1572,255,1,1,http://localhost:3500/query/empresa_simulada,2,0,0
1783612253480,2,POST get_empresa,200,OK,Benchmark - Operaciones Normales 1-36,text,true,,1456,255,1,1,http://localhost:3500/query/empresa_simulada,2,0,0
1783612253484,4,POST get_cuentas_cobrar,200,OK,Benchmark - Operaciones Normales 1-37,text,true,,1981,311,1,1,http://localhost:3500/query/empresa_simulada,4,0,2
1783612253488,2,POST get_bancos,200,OK,Benchmark - Operaciones Normales 1-37,text,true,,1344,254,1,1,http://localhost:3500/query/empresa_simulada,2,0,0
1783612253491,3,POST get_monedas,200,OK,Benchmark - Operaciones Normales 1-37,text,true,,1572,255,1,1,http://localhost:3500/query/empresa_simulada,2,0,0
1783612253494,2,POST get_empresa,200,OK,Benchmark - Operaciones Normales 1-37,text,true,,1456,255,1,1,http://localhost:3500/query/empresa_simulada,2,0,0
1783612253496,3,POST get_cuentas_cobrar,200,OK,Benchmark - Operaciones Normales 1-37,text,true,,1981,311,1,1,http://localhost:3500/query/empresa_simulada,3,0,0
1783612253499,2,POST get_bancos,200,OK,Benchmark - Operaciones Normales 1-37,text,true,,1344,254,1,1,http://localhost:3500/query/empresa_simulada,2,0,0
1783612253501,2,POST get_monedas,200,OK,Benchmark - Operaciones Normales 1-37,text,true,,1572,255,1,1,http://localhost:3500/query/empresa_simulada,2,0,0
1783612253504,2,POST get_empresa,200,OK,Benchmark - Operaciones Normales 1-37,text,true,,1456,255,1,1,http://localhost:3500/query/empresa_simulada,1,0,0
1783612253506,2,POST get_cuentas_cobrar,200,OK,Benchmark - Operaciones Normales 1-37,text,true,,1981,311,1,1,http://localhost:3500/query/empresa_simulada,2,0,0
1783612253508,2,POST get_bancos,200,OK,Benchmark - Operaciones Normales 1-37,text,true,,1344,254,1,1,http://localhost:3500/query/empresa_simulada,2,0,0
1783612253510,2,POST get_monedas,200,OK,Benchmark - Operaciones Normales 1-37,text,true,,1572,255,1,1,http://localhost:3500/query/empresa_simulada,2,0,0
1783612253512,2,POST get_empresa,200,OK,Benchmark - Operaciones Normales 1-37,text,true,,1456,255,1,1,http://localhost:3500/query/empresa_simulada,2,0,0
1783612253514,4,POST get_cuentas_cobrar,200,OK,Benchmark - Operaciones Normales 1-37,text,true,,1981,311,1,1,http://localhost:3500/query/empresa_simulada,4,0,0
1783612253518,2,POST get_bancos,200,OK,Benchmark - Operaciones Normales 1-37,text,true,,1344,254,1,1,http://localhost:3500/query/empresa_simulada,2,0,0
1783612253521,2,POST get_monedas,200,OK,Benchmark - Operaciones Normales 1-37,text,true,,1572,255,1,1,http://localhost:3500/query/empresa_simulada,2,0,0
1783612253523,2,POST get_empresa,200,OK,Benchmark - Operaciones Normales 1-37,text,true,,1456,255,1,1,http://localhost:3500/query/empresa_simulada,2,0,0
1783612253525,3,POST get_cuentas_cobrar,200,OK,Benchmark - Operaciones Normales 1-37,text,true,,1981,311,1,1,http://localhost:3500/query/empresa_simulada,3,0,0
1783612253528,2,POST get_bancos,200,OK,Benchmark - Operaciones Normales 1-37,text,true,,1344,254,1,1,http://localhost:3500/query/empresa_simulada,2,0,0
1783612253530,2,POST get_monedas,200,OK,Benchmark - Operaciones Normales 1-37,text,true,,1572,255,1,1,http://localhost:3500/query/empresa_simulada,2,0,0
1783612253533,2,POST get_empresa,200,OK,Benchmark - Operaciones Normales 1-37,text,true,,1456,255,1,1,http://localhost:3500/query/empresa_simulada,2,0,0
1783612253535,2,POST get_cuentas_cobrar,200,OK,Benchmark - Operaciones Normales 1-37,text,true,,1981,311,1,1,http://localhost:3500/query/empresa_simulada,2,0,0
1783612253537,2,POST get_bancos,200,OK,Benchmark - Operaciones Normales 1-37,text,true,,1344,254,1,1,http://localhost:3500/query/empresa_simulada,2,0,0
1783612253539,2,POST get_monedas,200,OK,Benchmark - Operaciones Normales 1-37,text,true,,1572,255,1,1,http://localhost:3500/query/empresa_simulada,2,0,0
1783612253541,2,POST get_empresa,200,OK,Benchmark - Operaciones Normales 1-37,text,true,,1456,255,1,1,http://localhost:3500/query/empresa_simulada,2,0,0
1783612253543,2,POST get_cuentas_cobrar,200,OK,Benchmark - Operaciones Normales 1-37,text,true,,1981,311,1,1,http://localhost:3500/query/empresa_simulada,2,0,0
1783612253545,2,POST get_bancos,200,OK,Benchmark - Operaciones Normales 1-37,text,true,,1344,254,1,1,http://localhost:3500/query/empresa_simulada,2,0,0
1783612253547,2,POST get_monedas,200,OK,Benchmark - Operaciones Normales 1-37,text,true,,1572,255,1,1,http://localhost:3500/query/empresa_simulada,2,0,0
1783612253549,3,POST get_empresa,200,OK,Benchmark - Operaciones Normales 1-37,text,true,,1456,255,1,1,http://localhost:3500/query/empresa_simulada,3,0,0
1783612253552,3,POST get_cuentas_cobrar,200,OK,Benchmark - Operaciones Normales 1-37,text,true,,1981,311,1,1,http://localhost:3500/query/empresa_simulada,3,0,0
1783612253555,2,POST get_bancos,200,OK,Benchmark - Operaciones Normales 1-37,text,true,,1344,254,1,1,http://localhost:3500/query/empresa_simulada,2,0,0
1783612253557,2,POST get_monedas,200,OK,Benchmark - Operaciones Normales 1-37,text,true,,1572,255,1,1,http://localhost:3500/query/empresa_simulada,2,0,0
1783612253559,2,POST get_empresa,200,OK,Benchmark - Operaciones Normales 1-37,text,true,,1456,255,1,1,http://localhost:3500/query/empresa_simulada,2,0,0
1783612253561,2,POST get_cuentas_cobrar,200,OK,Benchmark - Operaciones Normales 1-37,text,true,,1981,311,1,1,http://localhost:3500/query/empresa_simulada,2,0,0
1783612253564,1,POST get_bancos,200,OK,Benchmark - Operaciones Normales 1-37,text,true,,1344,254,1,1,http://localhost:3500/query/empresa_simulada,1,0,0
1783612253565,2,POST get_monedas,200,OK,Benchmark - Operaciones Normales 1-37,text,true,,1572,255,1,1,http://localhost:3500/query/empresa_simulada,2,0,0
1783612253567,3,POST get_empresa,200,OK,Benchmark - Operaciones Normales 1-37,text,true,,1456,255,1,1,http://localhost:3500/query/empresa_simulada,3,0,0
1783612253570,2,POST get_cuentas_cobrar,200,OK,Benchmark - Operaciones Normales 1-37,text,true,,1981,311,1,1,http://localhost:3500/query/empresa_simulada,2,0,0
1783612253572,2,POST get_bancos,200,OK,Benchmark - Operaciones Normales 1-37,text,true,,1344,254,1,1,http://localhost:3500/query/empresa_simulada,2,0,0
1783612253574,2,POST get_monedas,200,OK,Benchmark - Operaciones Normales 1-37,text,true,,1572,255,1,1,http://localhost:3500/query/empresa_simulada,2,0,0
1783612253576,2,POST get_empresa,200,OK,Benchmark - Operaciones Normales 1-37,text,true,,1456,255,1,1,http://localhost:3500/query/empresa_simulada,2,0,0
1783612253586,3,POST get_cuentas_cobrar,200,OK,Benchmark - Operaciones Normales 1-38,text,true,,1981,311,1,1,http://localhost:3500/query/empresa_simulada,3,0,1
1783612253589,2,POST get_bancos,200,OK,Benchmark - Operaciones Normales 1-38,text,true,,1344,254,1,1,http://localhost:3500/query/empresa_simulada,2,0,0
1783612253591,2,POST get_monedas,200,OK,Benchmark - Operaciones Normales 1-38,text,true,,1572,255,1,1,http://localhost:3500/query/empresa_simulada,2,0,0
1783612253593,2,POST get_empresa,200,OK,Benchmark - Operaciones Normales 1-38,text,true,,1456,255,1,1,http://localhost:3500/query/empresa_simulada,2,0,0
1783612253595,2,POST get_cuentas_cobrar,200,OK,Benchmark - Operaciones Normales 1-38,text,true,,1981,311,1,1,http://localhost:3500/query/empresa_simulada,2,0,0
1783612253597,2,POST get_bancos,200,OK,Benchmark - Operaciones Normales 1-38,text,true,,1344,254,1,1,http://localhost:3500/query/empresa_simulada,2,0,0
1783612253599,2,POST get_monedas,200,OK,Benchmark - Operaciones Normales 1-38,text,true,,1572,255,1,1,http://localhost:3500/query/empresa_simulada,2,0,0
1783612253601,2,POST get_empresa,200,OK,Benchmark - Operaciones Normales 1-38,text,true,,1456,255,1,1,http://localhost:3500/query/empresa_simulada,2,0,0
1783612253603,2,POST get_cuentas_cobrar,200,OK,Benchmark - Operaciones Normales 1-38,text,true,,1981,311,1,1,http://localhost:3500/query/empresa_simulada,2,0,0
1783612253605,2,POST get_bancos,200,OK,Benchmark - Operaciones Normales 1-38,text,true,,1344,254,1,1,http://localhost:3500/query/empresa_simulada,2,0,0
1783612253607,2,POST get_monedas,200,OK,Benchmark - Operaciones Normales 1-38,text,true,,1572,255,1,1,http://localhost:3500/query/empresa_simulada,2,0,0
1783612253609,2,POST get_empresa,200,OK,Benchmark - Operaciones Normales 1-38,text,true,,1456,255,1,1,http://localhost:3500/query/empresa_simulada,2,0,0
1783612253612,2,POST get_cuentas_cobrar,200,OK,Benchmark - Operaciones Normales 1-38,text,true,,1981,311,1,1,http://localhost:3500/query/empresa_simulada,2,0,0
1783612253614,4,POST get_bancos,200,OK,Benchmark - Operaciones Normales 1-38,text,true,,1344,254,1,1,http://localhost:3500/query/empresa_simulada,4,0,0
1783612253618,2,POST get_monedas,200,OK,Benchmark - Operaciones Normales 1-38,text,true,,1572,255,1,1,http://localhost:3500/query/empresa_simulada,2,0,0
1783612253621,2,POST get_empresa,200,OK,Benchmark - Operaciones Normales 1-38,text,true,,1456,255,1,1,http://localhost:3500/query/empresa_simulada,2,0,0
1783612253623,2,POST get_cuentas_cobrar,200,OK,Benchmark - Operaciones Normales 1-38,text,true,,1981,311,1,1,http://localhost:3500/query/empresa_simulada,2,0,0
1783612253625,2,POST get_bancos,200,OK,Benchmark - Operaciones Normales 1-38,text,true,,1344,254,1,1,http://localhost:3500/query/empresa_simulada,2,0,0
1783612253627,2,POST get_monedas,200,OK,Benchmark - Operaciones Normales 1-38,text,true,,1572,255,1,1,http://localhost:3500/query/empresa_simulada,2,0,0
1783612253629,2,POST get_empresa,200,OK,Benchmark - Operaciones Normales 1-38,text,true,,1456,255,1,1,http://localhost:3500/query/empresa_simulada,2,0,0
1783612253631,2,POST get_cuentas_cobrar,200,OK,Benchmark - Operaciones Normales 1-38,text,true,,1981,311,1,1,http://localhost:3500/query/empresa_simulada,2,0,0
1783612253633,2,POST get_bancos,200,OK,Benchmark - Operaciones Normales 1-38,text,true,,1344,254,1,1,http://localhost:3500/query/empresa_simulada,2,0,0
1783612253635,2,POST get_monedas,200,OK,Benchmark - Operaciones Normales 1-38,text,true,,1572,255,1,1,http://localhost:3500/query/empresa_simulada,2,0,0
1783612253637,2,POST get_empresa,200,OK,Benchmark - Operaciones Normales 1-38,text,true,,1456,255,1,1,http://localhost:3500/query/empresa_simulada,2,0,0
1783612253639,2,POST get_cuentas_cobrar,200,OK,Benchmark - Operaciones Normales 1-38,text,true,,1981,311,1,1,http://localhost:3500/query/empresa_simulada,2,0,0
1783612253641,2,POST get_bancos,200,OK,Benchmark - Operaciones Normales 1-38,text,true,,1344,254,1,1,http://localhost:3500/query/empresa_simulada,2,0,0
1783612253643,2,POST get_monedas,200,OK,Benchmark - Operaciones Normales 1-38,text,true,,1572,255,1,1,http://localhost:3500/query/empresa_simulada,2,0,0
1783612253645,2,POST get_empresa,200,OK,Benchmark - Operaciones Normales 1-38,text,true,,1456,255,1,1,http://localhost:3500/query/empresa_simulada,2,0,0
1783612253647,2,POST get_cuentas_cobrar,200,OK,Benchmark - Operaciones Normales 1-38,text,true,,1981,311,1,1,http://localhost:3500/query/empresa_simulada,2,0,0
1783612253649,3,POST get_bancos,200,OK,Benchmark - Operaciones Normales 1-38,text,true,,1344,254,1,1,http://localhost:3500/query/empresa_simulada,3,0,0
1783612253653,2,POST get_monedas,200,OK,Benchmark - Operaciones Normales 1-38,text,true,,1572,255,1,1,http://localhost:3500/query/empresa_simulada,2,0,0
1783612253655,2,POST get_empresa,200,OK,Benchmark - Operaciones Normales 1-38,text,true,,1456,255,1,1,http://localhost:3500/query/empresa_simulada,2,0,0
1783612253658,3,POST get_cuentas_cobrar,200,OK,Benchmark - Operaciones Normales 1-38,text,true,,1981,311,1,1,http://localhost:3500/query/empresa_simulada,3,0,0
1783612253661,3,POST get_bancos,200,OK,Benchmark - Operaciones Normales 1-38,text,true,,1344,254,1,1,http://localhost:3500/query/empresa_simulada,3,0,0
1783612253664,4,POST get_monedas,200,OK,Benchmark - Operaciones Normales 1-38,text,true,,1572,255,1,1,http://localhost:3500/query/empresa_simulada,4,0,0
1783612253668,3,POST get_empresa,200,OK,Benchmark - Operaciones Normales 1-38,text,true,,1456,255,1,1,http://localhost:3500/query/empresa_simulada,3,0,0
1783612253671,3,POST get_cuentas_cobrar,200,OK,Benchmark - Operaciones Normales 1-38,text,true,,1981,311,1,1,http://localhost:3500/query/empresa_simulada,3,0,0
1783612253674,2,POST get_bancos,200,OK,Benchmark - Operaciones Normales 1-38,text,true,,1344,254,1,1,http://localhost:3500/query/empresa_simulada,2,0,0
1783612253677,2,POST get_monedas,200,OK,Benchmark - Operaciones Normales 1-38,text,true,,1572,255,1,1,http://localhost:3500/query/empresa_simulada,2,0,0
1783612253679,3,POST get_empresa,200,OK,Benchmark - Operaciones Normales 1-38,text,true,,1456,255,1,1,http://localhost:3500/query/empresa_simulada,3,0,0
1783612253684,4,POST get_cuentas_cobrar,200,OK,Benchmark - Operaciones Normales 1-39,text,true,,1981,311,1,1,http://localhost:3500/query/empresa_simulada,4,0,2
1783612253689,2,POST get_bancos,200,OK,Benchmark - Operaciones Normales 1-39,text,true,,1344,254,1,1,http://localhost:3500/query/empresa_simulada,2,0,0
1783612253691,2,POST get_monedas,200,OK,Benchmark - Operaciones Normales 1-39,text,true,,1572,255,1,1,http://localhost:3500/query/empresa_simulada,2,0,0
1783612253694,4,POST get_empresa,200,OK,Benchmark - Operaciones Normales 1-39,text,true,,1456,255,1,1,http://localhost:3500/query/empresa_simulada,4,0,0
1783612253698,2,POST get_cuentas_cobrar,200,OK,Benchmark - Operaciones Normales 1-39,text,true,,1981,311,1,1,http://localhost:3500/query/empresa_simulada,2,0,0
1783612253701,3,POST get_bancos,200,OK,Benchmark - Operaciones Normales 1-39,text,true,,1344,254,1,1,http://localhost:3500/query/empresa_simulada,2,0,0
1783612253704,3,POST get_monedas,200,OK,Benchmark - Operaciones Normales 1-39,text,true,,1572,255,1,1,http://localhost:3500/query/empresa_simulada,3,0,0
1783612253707,3,POST get_empresa,200,OK,Benchmark - Operaciones Normales 1-39,text,true,,1456,255,1,1,http://localhost:3500/query/empresa_simulada,3,0,0
1783612253710,3,POST get_cuentas_cobrar,200,OK,Benchmark - Operaciones Normales 1-39,text,true,,1981,311,1,1,http://localhost:3500/query/empresa_simulada,3,0,0
1783612253713,3,POST get_bancos,200,OK,Benchmark - Operaciones Normales 1-39,text,true,,1344,254,1,1,http://localhost:3500/query/empresa_simulada,3,0,0
1783612253716,3,POST get_monedas,200,OK,Benchmark - Operaciones Normales 1-39,text,true,,1572,255,1,1,http://localhost:3500/query/empresa_simulada,3,0,0
1783612253719,2,POST get_empresa,200,OK,Benchmark - Operaciones Normales 1-39,text,true,,1456,255,1,1,http://localhost:3500/query/empresa_simulada,2,0,0
1783612253722,3,POST get_cuentas_cobrar,200,OK,Benchmark - Operaciones Normales 1-39,text,true,,1981,311,1,1,http://localhost:3500/query/empresa_simulada,3,0,0
1783612253725,2,POST get_bancos,200,OK,Benchmark - Operaciones Normales 1-39,text,true,,1344,254,1,1,http://localhost:3500/query/empresa_simulada,2,0,0
1783612253727,2,POST get_monedas,200,OK,Benchmark - Operaciones Normales 1-39,text,true,,1572,255,1,1,http://localhost:3500/query/empresa_simulada,2,0,0
1783612253730,1,POST get_empresa,200,OK,Benchmark - Operaciones Normales 1-39,text,true,,1456,255,1,1,http://localhost:3500/query/empresa_simulada,1,0,0
1783612253732,2,POST get_cuentas_cobrar,200,OK,Benchmark - Operaciones Normales 1-39,text,true,,1981,311,1,1,http://localhost:3500/query/empresa_simulada,2,0,0
1783612253734,2,POST get_bancos,200,OK,Benchmark - Operaciones Normales 1-39,text,true,,1344,254,1,1,http://localhost:3500/query/empresa_simulada,2,0,0
1783612253737,3,POST get_monedas,200,OK,Benchmark - Operaciones Normales 1-39,text,true,,1572,255,1,1,http://localhost:3500/query/empresa_simulada,3,0,0
1783612253740,2,POST get_empresa,200,OK,Benchmark - Operaciones Normales 1-39,text,true,,1456,255,1,1,http://localhost:3500/query/empresa_simulada,2,0,0
1783612253742,2,POST get_cuentas_cobrar,200,OK,Benchmark - Operaciones Normales 1-39,text,true,,1981,311,1,1,http://localhost:3500/query/empresa_simulada,2,0,0
1783612253745,2,POST get_bancos,200,OK,Benchmark - Operaciones Normales 1-39,text,true,,1344,254,1,1,http://localhost:3500/query/empresa_simulada,2,0,0
1783612253747,2,POST get_monedas,200,OK,Benchmark - Operaciones Normales 1-39,text,true,,1572,255,1,1,http://localhost:3500/query/empresa_simulada,2,0,0
1783612253749,2,POST get_empresa,200,OK,Benchmark - Operaciones Normales 1-39,text,true,,1456,255,1,1,http://localhost:3500/query/empresa_simulada,2,0,0
1783612253751,2,POST get_cuentas_cobrar,200,OK,Benchmark - Operaciones Normales 1-39,text,true,,1981,311,1,1,http://localhost:3500/query/empresa_simulada,2,0,0
1783612253753,2,POST get_bancos,200,OK,Benchmark - Operaciones Normales 1-39,text,true,,1344,254,1,1,http://localhost:3500/query/empresa_simulada,2,0,0
1783612253755,2,POST get_monedas,200,OK,Benchmark - Operaciones Normales 1-39,text,true,,1572,255,1,1,http://localhost:3500/query/empresa_simulada,2,0,0
1783612253757,2,POST get_empresa,200,OK,Benchmark - Operaciones Normales 1-39,text,true,,1456,255,1,1,http://localhost:3500/query/empresa_simulada,2,0,0
1783612253759,2,POST get_cuentas_cobrar,200,OK,Benchmark - Operaciones Normales 1-39,text,true,,1981,311,1,1,http://localhost:3500/query/empresa_simulada,2,0,0
1783612253761,2,POST get_bancos,200,OK,Benchmark - Operaciones Normales 1-39,text,true,,1344,254,1,1,http://localhost:3500/query/empresa_simulada,2,0,0
1783612253763,3,POST get_monedas,200,OK,Benchmark - Operaciones Normales 1-39,text,true,,1572,255,1,1,http://localhost:3500/query/empresa_simulada,3,0,0
1783612253766,2,POST get_empresa,200,OK,Benchmark - Operaciones Normales 1-39,text,true,,1456,255,1,1,http://localhost:3500/query/empresa_simulada,2,0,0
1783612253768,3,POST get_cuentas_cobrar,200,OK,Benchmark - Operaciones Normales 1-39,text,true,,1981,311,1,1,http://localhost:3500/query/empresa_simulada,3,0,0
1783612253772,4,POST get_bancos,200,OK,Benchmark - Operaciones Normales 1-39,text,true,,1344,254,1,1,http://localhost:3500/query/empresa_simulada,4,0,0
1783612253776,3,POST get_monedas,200,OK,Benchmark - Operaciones Normales 1-39,text,true,,1572,255,1,1,http://localhost:3500/query/empresa_simulada,3,0,0
1783612253780,2,POST get_empresa,200,OK,Benchmark - Operaciones Normales 1-39,text,true,,1456,255,1,1,http://localhost:3500/query/empresa_simulada,2,0,0
1783612253782,3,POST get_cuentas_cobrar,200,OK,Benchmark - Operaciones Normales 1-39,text,true,,1981,311,1,1,http://localhost:3500/query/empresa_simulada,3,0,0
1783612253785,3,POST get_bancos,200,OK,Benchmark - Operaciones Normales 1-39,text,true,,1344,254,2,2,http://localhost:3500/query/empresa_simulada,3,0,0
1783612253788,2,POST get_monedas,200,OK,Benchmark - Operaciones Normales 1-39,text,true,,1572,255,2,2,http://localhost:3500/query/empresa_simulada,2,0,0
1783612253786,5,POST get_cuentas_cobrar,200,OK,Benchmark - Operaciones Normales 1-40,text,true,,1981,311,2,2,http://localhost:3500/query/empresa_simulada,5,0,1
1783612253791,3,POST get_empresa,200,OK,Benchmark - Operaciones Normales 1-39,text,true,,1456,255,2,2,http://localhost:3500/query/empresa_simulada,2,0,0
1783612253791,3,POST get_bancos,200,OK,Benchmark - Operaciones Normales 1-40,text,true,,1344,254,2,2,http://localhost:3500/query/empresa_simulada,3,0,0
1783612253795,2,POST get_monedas,200,OK,Benchmark - Operaciones Normales 1-40,text,true,,1572,255,1,1,http://localhost:3500/query/empresa_simulada,2,0,0
1783612253797,3,POST get_empresa,200,OK,Benchmark - Operaciones Normales 1-40,text,true,,1456,255,1,1,http://localhost:3500/query/empresa_simulada,3,0,0
1783612253800,2,POST get_cuentas_cobrar,200,OK,Benchmark - Operaciones Normales 1-40,text,true,,1981,311,1,1,http://localhost:3500/query/empresa_simulada,2,0,0
1783612253802,3,POST get_bancos,200,OK,Benchmark - Operaciones Normales 1-40,text,true,,1344,254,1,1,http://localhost:3500/query/empresa_simulada,3,0,0
1783612253805,2,POST get_monedas,200,OK,Benchmark - Operaciones Normales 1-40,text,true,,1572,255,1,1,http://localhost:3500/query/empresa_simulada,2,0,0
1783612253807,3,POST get_empresa,200,OK,Benchmark - Operaciones Normales 1-40,text,true,,1456,255,1,1,http://localhost:3500/query/empresa_simulada,3,0,0
1783612253810,2,POST get_cuentas_cobrar,200,OK,Benchmark - Operaciones Normales 1-40,text,true,,1981,311,1,1,http://localhost:3500/query/empresa_simulada,2,0,0
1783612253812,3,POST get_bancos,200,OK,Benchmark - Operaciones Normales 1-40,text,true,,1344,254,1,1,http://localhost:3500/query/empresa_simulada,3,0,0
1783612253815,5,POST get_monedas,200,OK,Benchmark - Operaciones Normales 1-40,text,true,,1572,255,1,1,http://localhost:3500/query/empresa_simulada,5,0,0
1783612253820,3,POST get_empresa,200,OK,Benchmark - Operaciones Normales 1-40,text,true,,1456,255,1,1,http://localhost:3500/query/empresa_simulada,3,0,0
1783612253823,3,POST get_cuentas_cobrar,200,OK,Benchmark - Operaciones Normales 1-40,text,true,,1981,311,1,1,http://localhost:3500/query/empresa_simulada,3,0,0
1783612253827,1,POST get_bancos,200,OK,Benchmark - Operaciones Normales 1-40,text,true,,1344,254,1,1,http://localhost:3500/query/empresa_simulada,1,0,0
1783612253829,2,POST get_monedas,200,OK,Benchmark - Operaciones Normales 1-40,text,true,,1572,255,1,1,http://localhost:3500/query/empresa_simulada,2,0,0
1783612253831,2,POST get_empresa,200,OK,Benchmark - Operaciones Normales 1-40,text,true,,1456,255,1,1,http://localhost:3500/query/empresa_simulada,2,0,0
1783612253834,2,POST get_cuentas_cobrar,200,OK,Benchmark - Operaciones Normales 1-40,text,true,,1981,311,1,1,http://localhost:3500/query/empresa_simulada,2,0,0
1783612253837,2,POST get_bancos,200,OK,Benchmark - Operaciones Normales 1-40,text,true,,1344,254,1,1,http://localhost:3500/query/empresa_simulada,2,0,0
1783612253839,3,POST get_monedas,200,OK,Benchmark - Operaciones Normales 1-40,text,true,,1572,255,1,1,http://localhost:3500/query/empresa_simulada,3,0,0
1783612253842,2,POST get_empresa,200,OK,Benchmark - Operaciones Normales 1-40,text,true,,1456,255,1,1,http://localhost:3500/query/empresa_simulada,2,0,0
1783612253844,3,POST get_cuentas_cobrar,200,OK,Benchmark - Operaciones Normales 1-40,text,true,,1981,311,1,1,http://localhost:3500/query/empresa_simulada,3,0,0
1783612253847,2,POST get_bancos,200,OK,Benchmark - Operaciones Normales 1-40,text,true,,1344,254,1,1,http://localhost:3500/query/empresa_simulada,2,0,0
1783612253849,2,POST get_monedas,200,OK,Benchmark - Operaciones Normales 1-40,text,true,,1572,255,1,1,http://localhost:3500/query/empresa_simulada,2,0,0
1783612253851,3,POST get_empresa,200,OK,Benchmark - Operaciones Normales 1-40,text,true,,1456,255,1,1,http://localhost:3500/query/empresa_simulada,3,0,0
1783612253854,2,POST get_cuentas_cobrar,200,OK,Benchmark - Operaciones Normales 1-40,text,true,,1981,311,1,1,http://localhost:3500/query/empresa_simulada,2,0,0
1783612253856,2,POST get_bancos,200,OK,Benchmark - Operaciones Normales 1-40,text,true,,1344,254,1,1,http://localhost:3500/query/empresa_simulada,2,0,0
1783612253859,2,POST get_monedas,200,OK,Benchmark - Operaciones Normales 1-40,text,true,,1572,255,1,1,http://localhost:3500/query/empresa_simulada,2,0,0
1783612253861,3,POST get_empresa,200,OK,Benchmark - Operaciones Normales 1-40,text,true,,1456,255,1,1,http://localhost:3500/query/empresa_simulada,3,0,0
1783612253865,4,POST get_cuentas_cobrar,200,OK,Benchmark - Operaciones Normales 1-40,text,true,,1981,311,1,1,http://localhost:3500/query/empresa_simulada,4,0,0
1783612253869,2,POST get_bancos,200,OK,Benchmark - Operaciones Normales 1-40,text,true,,1344,254,1,1,http://localhost:3500/query/empresa_simulada,2,0,0
1783612253872,2,POST get_monedas,200,OK,Benchmark - Operaciones Normales 1-40,text,true,,1572,255,1,1,http://localhost:3500/query/empresa_simulada,2,0,0
1783612253874,3,POST get_empresa,200,OK,Benchmark - Operaciones Normales 1-40,text,true,,1456,255,1,1,http://localhost:3500/query/empresa_simulada,2,0,0
1783612253877,2,POST get_cuentas_cobrar,200,OK,Benchmark - Operaciones Normales 1-40,text,true,,1981,311,1,1,http://localhost:3500/query/empresa_simulada,2,0,0
1783612253879,3,POST get_bancos,200,OK,Benchmark - Operaciones Normales 1-40,text,true,,1344,254,1,1,http://localhost:3500/query/empresa_simulada,3,0,0
1783612253882,2,POST get_monedas,200,OK,Benchmark - Operaciones Normales 1-40,text,true,,1572,255,1,1,http://localhost:3500/query/empresa_simulada,2,0,0
1783612253884,3,POST get_empresa,200,OK,Benchmark - Operaciones Normales 1-40,text,true,,1456,255,2,2,http://localhost:3500/query/empresa_simulada,3,0,0
1783612253885,6,POST get_cuentas_cobrar,200,OK,Benchmark - Operaciones Normales 1-41,text,true,,1981,311,2,2,http://localhost:3500/query/empresa_simulada,6,0,2
1783612253888,6,POST get_cuentas_cobrar,200,OK,Benchmark - Operaciones Normales 1-40,text,true,,1981,311,2,2,http://localhost:3500/query/empresa_simulada,6,0,0
1783612253891,4,POST get_bancos,200,OK,Benchmark - Operaciones Normales 1-41,text,true,,1344,254,2,2,http://localhost:3500/query/empresa_simulada,4,0,0
1783612253895,2,POST get_bancos,200,OK,Benchmark - Operaciones Normales 1-40,text,true,,1344,254,2,2,http://localhost:3500/query/empresa_simulada,2,0,0
1783612253895,4,POST get_monedas,200,OK,Benchmark - Operaciones Normales 1-41,text,true,,1572,255,2,2,http://localhost:3500/query/empresa_simulada,4,0,0
1783612253898,2,POST get_monedas,200,OK,Benchmark - Operaciones Normales 1-40,text,true,,1572,255,2,2,http://localhost:3500/query/empresa_simulada,2,0,0
1783612253899,3,POST get_empresa,200,OK,Benchmark - Operaciones Normales 1-41,text,true,,1456,255,2,2,http://localhost:3500/query/empresa_simulada,3,0,0
1783612253901,2,POST get_empresa,200,OK,Benchmark - Operaciones Normales 1-40,text,true,,1456,255,2,2,http://localhost:3500/query/empresa_simulada,2,0,0
1783612253903,2,POST get_cuentas_cobrar,200,OK,Benchmark - Operaciones Normales 1-41,text,true,,1981,311,1,1,http://localhost:3500/query/empresa_simulada,2,0,0
1783612253905,4,POST get_bancos,200,OK,Benchmark - Operaciones Normales 1-41,text,true,,1344,254,1,1,http://localhost:3500/query/empresa_simulada,4,0,0
1783612253909,3,POST get_monedas,200,OK,Benchmark - Operaciones Normales 1-41,text,true,,1572,255,1,1,http://localhost:3500/query/empresa_simulada,3,0,0
1783612253912,3,POST get_empresa,200,OK,Benchmark - Operaciones Normales 1-41,text,true,,1456,255,1,1,http://localhost:3500/query/empresa_simulada,3,0,0
1783612253915,4,POST get_cuentas_cobrar,200,OK,Benchmark - Operaciones Normales 1-41,text,true,,1981,311,1,1,http://localhost:3500/query/empresa_simulada,4,0,0
1783612253919,5,POST get_bancos,200,OK,Benchmark - Operaciones Normales 1-41,text,true,,1344,254,1,1,http://localhost:3500/query/empresa_simulada,5,0,0
1783612253925,3,POST get_monedas,200,OK,Benchmark - Operaciones Normales 1-41,text,true,,1572,255,1,1,http://localhost:3500/query/empresa_simulada,3,0,0
1783612253928,3,POST get_empresa,200,OK,Benchmark - Operaciones Normales 1-41,text,true,,1456,255,1,1,http://localhost:3500/query/empresa_simulada,3,0,0
1783612253931,3,POST get_cuentas_cobrar,200,OK,Benchmark - Operaciones Normales 1-41,text,true,,1981,311,1,1,http://localhost:3500/query/empresa_simulada,3,0,0
1783612253935,3,POST get_bancos,200,OK,Benchmark - Operaciones Normales 1-41,text,true,,1344,254,1,1,http://localhost:3500/query/empresa_simulada,3,0,0
1783612253938,3,POST get_monedas,200,OK,Benchmark - Operaciones Normales 1-41,text,true,,1572,255,1,1,http://localhost:3500/query/empresa_simulada,3,0,0
1783612253941,2,POST get_empresa,200,OK,Benchmark - Operaciones Normales 1-41,text,true,,1456,255,1,1,http://localhost:3500/query/empresa_simulada,2,0,0
1783612253943,2,POST get_cuentas_cobrar,200,OK,Benchmark - Operaciones Normales 1-41,text,true,,1981,311,1,1,http://localhost:3500/query/empresa_simulada,2,0,0
1783612253946,2,POST get_bancos,200,OK,Benchmark - Operaciones Normales 1-41,text,true,,1344,254,1,1,http://localhost:3500/query/empresa_simulada,2,0,0
1783612253949,3,POST get_monedas,200,OK,Benchmark - Operaciones Normales 1-41,text,true,,1572,255,1,1,http://localhost:3500/query/empresa_simulada,3,0,0
1783612253952,3,POST get_empresa,200,OK,Benchmark - Operaciones Normales 1-41,text,true,,1456,255,1,1,http://localhost:3500/query/empresa_simulada,3,0,0
1783612253955,3,POST get_cuentas_cobrar,200,OK,Benchmark - Operaciones Normales 1-41,text,true,,1981,311,1,1,http://localhost:3500/query/empresa_simulada,3,0,0
1783612253958,3,POST get_bancos,200,OK,Benchmark - Operaciones Normales 1-41,text,true,,1344,254,1,1,http://localhost:3500/query/empresa_simulada,3,0,0
1783612253961,3,POST get_monedas,200,OK,Benchmark - Operaciones Normales 1-41,text,true,,1572,255,1,1,http://localhost:3500/query/empresa_simulada,3,0,0
1783612253964,3,POST get_empresa,200,OK,Benchmark - Operaciones Normales 1-41,text,true,,1456,255,1,1,http://localhost:3500/query/empresa_simulada,3,0,0
1783612253967,3,POST get_cuentas_cobrar,200,OK,Benchmark - Operaciones Normales 1-41,text,true,,1981,311,1,1,http://localhost:3500/query/empresa_simulada,3,0,0
1783612253970,3,POST get_bancos,200,OK,Benchmark - Operaciones Normales 1-41,text,true,,1344,254,1,1,http://localhost:3500/query/empresa_simulada,3,0,0
1783612253973,2,POST get_monedas,200,OK,Benchmark - Operaciones Normales 1-41,text,true,,1572,255,1,1,http://localhost:3500/query/empresa_simulada,2,0,0
1783612253976,2,POST get_empresa,200,OK,Benchmark - Operaciones Normales 1-41,text,true,,1456,255,1,1,http://localhost:3500/query/empresa_simulada,2,0,0
1783612253978,2,POST get_cuentas_cobrar,200,OK,Benchmark - Operaciones Normales 1-41,text,true,,1981,311,1,1,http://localhost:3500/query/empresa_simulada,2,0,0
1783612253980,4,POST get_bancos,200,OK,Benchmark - Operaciones Normales 1-41,text,true,,1344,254,1,1,http://localhost:3500/query/empresa_simulada,4,0,0
1783612253984,3,POST get_monedas,200,OK,Benchmark - Operaciones Normales 1-41,text,true,,1572,255,1,1,http://localhost:3500/query/empresa_simulada,3,0,0
1783612253987,2,POST get_empresa,200,OK,Benchmark - Operaciones Normales 1-41,text,true,,1456,255,1,1,http://localhost:3500/query/empresa_simulada,2,0,0
1783612253990,2,POST get_cuentas_cobrar,200,OK,Benchmark - Operaciones Normales 1-41,text,true,,1981,311,1,1,http://localhost:3500/query/empresa_simulada,2,0,0
1783612253992,3,POST get_bancos,200,OK,Benchmark - Operaciones Normales 1-41,text,true,,1344,254,2,2,http://localhost:3500/query/empresa_simulada,3,0,0
1783612253993,5,POST get_cuentas_cobrar,200,OK,Benchmark - Operaciones Normales 1-42,text,true,,1981,311,2,2,http://localhost:3500/query/empresa_simulada,5,0,2
1783612253995,3,POST get_monedas,200,OK,Benchmark - Operaciones Normales 1-41,text,true,,1572,255,2,2,http://localhost:3500/query/empresa_simulada,3,0,0
1783612253998,2,POST get_bancos,200,OK,Benchmark - Operaciones Normales 1-42,text,true,,1344,254,2,2,http://localhost:3500/query/empresa_simulada,2,0,0
1783612253998,3,POST get_empresa,200,OK,Benchmark - Operaciones Normales 1-41,text,true,,1456,255,2,2,http://localhost:3500/query/empresa_simulada,3,0,0
1783612254001,2,POST get_monedas,200,OK,Benchmark - Operaciones Normales 1-42,text,true,,1572,255,2,2,http://localhost:3500/query/empresa_simulada,2,0,0
1783612254001,4,POST get_cuentas_cobrar,200,OK,Benchmark - Operaciones Normales 1-41,text,true,,1981,311,2,2,http://localhost:3500/query/empresa_simulada,4,0,0
1783612254003,3,POST get_empresa,200,OK,Benchmark - Operaciones Normales 1-42,text,true,,1456,255,2,2,http://localhost:3500/query/empresa_simulada,3,0,0
1783612254005,3,POST get_bancos,200,OK,Benchmark - Operaciones Normales 1-41,text,true,,1344,254,2,2,http://localhost:3500/query/empresa_simulada,3,0,0
1783612254006,4,POST get_cuentas_cobrar,200,OK,Benchmark - Operaciones Normales 1-42,text,true,,1981,311,2,2,http://localhost:3500/query/empresa_simulada,4,0,0
1783612254008,4,POST get_monedas,200,OK,Benchmark - Operaciones Normales 1-41,text,true,,1572,255,2,2,http://localhost:3500/query/empresa_simulada,4,0,0
1783612254010,3,POST get_bancos,200,OK,Benchmark - Operaciones Normales 1-42,text,true,,1344,254,2,2,http://localhost:3500/query/empresa_simulada,3,0,0
1783612254012,2,POST get_empresa,200,OK,Benchmark - Operaciones Normales 1-41,text,true,,1456,255,2,2,http://localhost:3500/query/empresa_simulada,2,0,0
1783612254013,3,POST get_monedas,200,OK,Benchmark - Operaciones Normales 1-42,text,true,,1572,255,1,1,http://localhost:3500/query/empresa_simulada,3,0,0
1783612254016,2,POST get_empresa,200,OK,Benchmark - Operaciones Normales 1-42,text,true,,1456,255,1,1,http://localhost:3500/query/empresa_simulada,2,0,0
1783612254019,2,POST get_cuentas_cobrar,200,OK,Benchmark - Operaciones Normales 1-42,text,true,,1981,311,1,1,http://localhost:3500/query/empresa_simulada,2,0,0
1783612254021,3,POST get_bancos,200,OK,Benchmark - Operaciones Normales 1-42,text,true,,1344,254,1,1,http://localhost:3500/query/empresa_simulada,2,0,0
1783612254024,3,POST get_monedas,200,OK,Benchmark - Operaciones Normales 1-42,text,true,,1572,255,1,1,http://localhost:3500/query/empresa_simulada,3,0,0
1783612254027,2,POST get_empresa,200,OK,Benchmark - Operaciones Normales 1-42,text,true,,1456,255,1,1,http://localhost:3500/query/empresa_simulada,2,0,0
1783612254030,2,POST get_cuentas_cobrar,200,OK,Benchmark - Operaciones Normales 1-42,text,true,,1981,311,1,1,http://localhost:3500/query/empresa_simulada,2,0,0
1783612254032,3,POST get_bancos,200,OK,Benchmark - Operaciones Normales 1-42,text,true,,1344,254,1,1,http://localhost:3500/query/empresa_simulada,3,0,0
1783612254035,3,POST get_monedas,200,OK,Benchmark - Operaciones Normales 1-42,text,true,,1572,255,1,1,http://localhost:3500/query/empresa_simulada,3,0,0
1783612254038,3,POST get_empresa,200,OK,Benchmark - Operaciones Normales 1-42,text,true,,1456,255,1,1,http://localhost:3500/query/empresa_simulada,2,0,0
1783612254041,4,POST get_cuentas_cobrar,200,OK,Benchmark - Operaciones Normales 1-42,text,true,,1981,311,1,1,http://localhost:3500/query/empresa_simulada,4,0,0
1783612254045,3,POST get_bancos,200,OK,Benchmark - Operaciones Normales 1-42,text,true,,1344,254,1,1,http://localhost:3500/query/empresa_simulada,3,0,0
1783612254049,2,POST get_monedas,200,OK,Benchmark - Operaciones Normales 1-42,text,true,,1572,255,1,1,http://localhost:3500/query/empresa_simulada,2,0,0
1783612254051,3,POST get_empresa,200,OK,Benchmark - Operaciones Normales 1-42,text,true,,1456,255,1,1,http://localhost:3500/query/empresa_simulada,3,0,0
1783612254054,3,POST get_cuentas_cobrar,200,OK,Benchmark - Operaciones Normales 1-42,text,true,,1981,311,1,1,http://localhost:3500/query/empresa_simulada,3,0,0
1783612254057,3,POST get_bancos,200,OK,Benchmark - Operaciones Normales 1-42,text,true,,1344,254,1,1,http://localhost:3500/query/empresa_simulada,3,0,0
1783612254060,2,POST get_monedas,200,OK,Benchmark - Operaciones Normales 1-42,text,true,,1572,255,1,1,http://localhost:3500/query/empresa_simulada,2,0,0
1783612254063,2,POST get_empresa,200,OK,Benchmark - Operaciones Normales 1-42,text,true,,1456,255,1,1,http://localhost:3500/query/empresa_simulada,2,0,0
1783612254065,3,POST get_cuentas_cobrar,200,OK,Benchmark - Operaciones Normales 1-42,text,true,,1981,311,1,1,http://localhost:3500/query/empresa_simulada,3,0,0
1783612254068,3,POST get_bancos,200,OK,Benchmark - Operaciones Normales 1-42,text,true,,1344,254,1,1,http://localhost:3500/query/empresa_simulada,3,0,0
1783612254071,3,POST get_monedas,200,OK,Benchmark - Operaciones Normales 1-42,text,true,,1572,255,1,1,http://localhost:3500/query/empresa_simulada,3,0,0
1783612254075,2,POST get_empresa,200,OK,Benchmark - Operaciones Normales 1-42,text,true,,1456,255,1,1,http://localhost:3500/query/empresa_simulada,2,0,0
1783612254077,3,POST get_cuentas_cobrar,200,OK,Benchmark - Operaciones Normales 1-42,text,true,,1981,311,1,1,http://localhost:3500/query/empresa_simulada,3,0,0
1783612254080,2,POST get_bancos,200,OK,Benchmark - Operaciones Normales 1-42,text,true,,1344,254,1,1,http://localhost:3500/query/empresa_simulada,2,0,0
1783612254082,2,POST get_monedas,200,OK,Benchmark - Operaciones Normales 1-42,text,true,,1572,255,1,1,http://localhost:3500/query/empresa_simulada,2,0,0
1783612254085,3,POST get_empresa,200,OK,Benchmark - Operaciones Normales 1-42,text,true,,1456,255,2,2,http://localhost:3500/query/empresa_simulada,2,0,0
1783612254088,2,POST get_cuentas_cobrar,200,OK,Benchmark - Operaciones Normales 1-42,text,true,,1981,311,2,2,http://localhost:3500/query/empresa_simulada,2,0,0
1783612254087,5,POST get_cuentas_cobrar,200,OK,Benchmark - Operaciones Normales 1-43,text,true,,1981,311,2,2,http://localhost:3500/query/empresa_simulada,5,0,2
1783612254091,2,POST get_bancos,200,OK,Benchmark - Operaciones Normales 1-42,text,true,,1344,254,2,2,http://localhost:3500/query/empresa_simulada,2,0,0
1783612254092,4,POST get_bancos,200,OK,Benchmark - Operaciones Normales 1-43,text,true,,1344,254,2,2,http://localhost:3500/query/empresa_simulada,4,0,0
1783612254093,4,POST get_monedas,200,OK,Benchmark - Operaciones Normales 1-42,text,true,,1572,255,2,2,http://localhost:3500/query/empresa_simulada,4,0,0
1783612254096,3,POST get_monedas,200,OK,Benchmark - Operaciones Normales 1-43,text,true,,1572,255,2,2,http://localhost:3500/query/empresa_simulada,3,0,0
1783612254097,3,POST get_empresa,200,OK,Benchmark - Operaciones Normales 1-42,text,true,,1456,255,2,2,http://localhost:3500/query/empresa_simulada,3,0,0
1783612254099,3,POST get_empresa,200,OK,Benchmark - Operaciones Normales 1-43,text,true,,1456,255,2,2,http://localhost:3500/query/empresa_simulada,3,0,0
1783612254100,3,POST get_cuentas_cobrar,200,OK,Benchmark - Operaciones Normales 1-42,text,true,,1981,311,2,2,http://localhost:3500/query/empresa_simulada,3,0,0
1783612254103,2,POST get_cuentas_cobrar,200,OK,Benchmark - Operaciones Normales 1-43,text,true,,1981,311,2,2,http://localhost:3500/query/empresa_simulada,2,0,0
1783612254103,3,POST get_bancos,200,OK,Benchmark - Operaciones Normales 1-42,text,true,,1344,254,2,2,http://localhost:3500/query/empresa_simulada,3,0,0
1783612254105,3,POST get_bancos,200,OK,Benchmark - Operaciones Normales 1-43,text,true,,1344,254,2,2,http://localhost:3500/query/empresa_simulada,3,0,0
1783612254106,3,POST get_monedas,200,OK,Benchmark - Operaciones Normales 1-42,text,true,,1572,255,2,2,http://localhost:3500/query/empresa_simulada,3,0,0
1783612254108,4,POST get_monedas,200,OK,Benchmark - Operaciones Normales 1-43,text,true,,1572,255,2,2,http://localhost:3500/query/empresa_simulada,4,0,0
1783612254109,5,POST get_empresa,200,OK,Benchmark - Operaciones Normales 1-42,text,true,,1456,255,2,2,http://localhost:3500/query/empresa_simulada,5,0,0
1783612254112,3,POST get_empresa,200,OK,Benchmark - Operaciones Normales 1-43,text,true,,1456,255,1,1,http://localhost:3500/query/empresa_simulada,3,0,0
1783612254115,2,POST get_cuentas_cobrar,200,OK,Benchmark - Operaciones Normales 1-43,text,true,,1981,311,1,1,http://localhost:3500/query/empresa_simulada,2,0,0
1783612254118,1,POST get_bancos,200,OK,Benchmark - Operaciones Normales 1-43,text,true,,1344,254,1,1,http://localhost:3500/query/empresa_simulada,1,0,0
1783612254120,2,POST get_monedas,200,OK,Benchmark - Operaciones Normales 1-43,text,true,,1572,255,1,1,http://localhost:3500/query/empresa_simulada,2,0,0
1783612254122,2,POST get_empresa,200,OK,Benchmark - Operaciones Normales 1-43,text,true,,1456,255,1,1,http://localhost:3500/query/empresa_simulada,2,0,0
1783612254124,3,POST get_cuentas_cobrar,200,OK,Benchmark - Operaciones Normales 1-43,text,true,,1981,311,1,1,http://localhost:3500/query/empresa_simulada,3,0,0
1783612254127,2,POST get_bancos,200,OK,Benchmark - Operaciones Normales 1-43,text,true,,1344,254,1,1,http://localhost:3500/query/empresa_simulada,2,0,0
1783612254129,2,POST get_monedas,200,OK,Benchmark - Operaciones Normales 1-43,text,true,,1572,255,1,1,http://localhost:3500/query/empresa_simulada,2,0,0
1783612254132,2,POST get_empresa,200,OK,Benchmark - Operaciones Normales 1-43,text,true,,1456,255,1,1,http://localhost:3500/query/empresa_simulada,2,0,0
1783612254134,2,POST get_cuentas_cobrar,200,OK,Benchmark - Operaciones Normales 1-43,text,true,,1981,311,1,1,http://localhost:3500/query/empresa_simulada,2,0,0
1783612254136,2,POST get_bancos,200,OK,Benchmark - Operaciones Normales 1-43,text,true,,1344,254,1,1,http://localhost:3500/query/empresa_simulada,2,0,0
1783612254139,2,POST get_monedas,200,OK,Benchmark - Operaciones Normales 1-43,text,true,,1572,255,1,1,http://localhost:3500/query/empresa_simulada,2,0,0
1783612254142,2,POST get_empresa,200,OK,Benchmark - Operaciones Normales 1-43,text,true,,1456,255,1,1,http://localhost:3500/query/empresa_simulada,2,0,0
1783612254144,2,POST get_cuentas_cobrar,200,OK,Benchmark - Operaciones Normales 1-43,text,true,,1981,311,1,1,http://localhost:3500/query/empresa_simulada,2,0,0
1783612254146,2,POST get_bancos,200,OK,Benchmark - Operaciones Normales 1-43,text,true,,1344,254,1,1,http://localhost:3500/query/empresa_simulada,2,0,0
1783612254149,2,POST get_monedas,200,OK,Benchmark - Operaciones Normales 1-43,text,true,,1572,255,1,1,http://localhost:3500/query/empresa_simulada,2,0,0
1783612254152,2,POST get_empresa,200,OK,Benchmark - Operaciones Normales 1-43,text,true,,1456,255,1,1,http://localhost:3500/query/empresa_simulada,2,0,0
1783612254154,4,POST get_cuentas_cobrar,200,OK,Benchmark - Operaciones Normales 1-43,text,true,,1981,311,1,1,http://localhost:3500/query/empresa_simulada,4,0,0
1783612254158,4,POST get_bancos,200,OK,Benchmark - Operaciones Normales 1-43,text,true,,1344,254,1,1,http://localhost:3500/query/empresa_simulada,4,0,0
1783612254163,2,POST get_monedas,200,OK,Benchmark - Operaciones Normales 1-43,text,true,,1572,255,1,1,http://localhost:3500/query/empresa_simulada,2,0,0
1783612254165,3,POST get_empresa,200,OK,Benchmark - Operaciones Normales 1-43,text,true,,1456,255,1,1,http://localhost:3500/query/empresa_simulada,3,0,0
1783612254168,4,POST get_cuentas_cobrar,200,OK,Benchmark - Operaciones Normales 1-43,text,true,,1981,311,1,1,http://localhost:3500/query/empresa_simulada,4,0,0
1783612254172,2,POST get_bancos,200,OK,Benchmark - Operaciones Normales 1-43,text,true,,1344,254,1,1,http://localhost:3500/query/empresa_simulada,2,0,0
1783612254175,2,POST get_monedas,200,OK,Benchmark - Operaciones Normales 1-43,text,true,,1572,255,1,1,http://localhost:3500/query/empresa_simulada,2,0,0
1783612254177,2,POST get_empresa,200,OK,Benchmark - Operaciones Normales 1-43,text,true,,1456,255,1,1,http://localhost:3500/query/empresa_simulada,2,0,0
1783612254179,2,POST get_cuentas_cobrar,200,OK,Benchmark - Operaciones Normales 1-43,text,true,,1981,311,1,1,http://localhost:3500/query/empresa_simulada,2,0,0
1783612254181,2,POST get_bancos,200,OK,Benchmark - Operaciones Normales 1-43,text,true,,1344,254,1,1,http://localhost:3500/query/empresa_simulada,2,0,0
1783612254183,2,POST get_monedas,200,OK,Benchmark - Operaciones Normales 1-43,text,true,,1572,255,1,1,http://localhost:3500/query/empresa_simulada,2,0,0
1783612254185,2,POST get_empresa,200,OK,Benchmark - Operaciones Normales 1-43,text,true,,1456,255,1,1,http://localhost:3500/query/empresa_simulada,2,0,0
1783612254187,3,POST get_cuentas_cobrar,200,OK,Benchmark - Operaciones Normales 1-43,text,true,,1981,311,1,1,http://localhost:3500/query/empresa_simulada,3,0,0
1783612254190,2,POST get_bancos,200,OK,Benchmark - Operaciones Normales 1-43,text,true,,1344,254,1,1,http://localhost:3500/query/empresa_simulada,2,0,0
1783612254192,3,POST get_monedas,200,OK,Benchmark - Operaciones Normales 1-43,text,true,,1572,255,2,2,http://localhost:3500/query/empresa_simulada,3,0,0
1783612254195,2,POST get_empresa,200,OK,Benchmark - Operaciones Normales 1-43,text,true,,1456,255,2,2,http://localhost:3500/query/empresa_simulada,2,0,0
1783612254194,4,POST get_cuentas_cobrar,200,OK,Benchmark - Operaciones Normales 1-44,text,true,,1981,311,2,2,http://localhost:3500/query/empresa_simulada,4,0,1
1783612254198,2,POST get_bancos,200,OK,Benchmark - Operaciones Normales 1-44,text,true,,1344,254,1,1,http://localhost:3500/query/empresa_simulada,2,0,0
1783612254200,2,POST get_monedas,200,OK,Benchmark - Operaciones Normales 1-44,text,true,,1572,255,1,1,http://localhost:3500/query/empresa_simulada,2,0,0
1783612254203,1,POST get_empresa,200,OK,Benchmark - Operaciones Normales 1-44,text,true,,1456,255,1,1,http://localhost:3500/query/empresa_simulada,1,0,0
1783612254205,2,POST get_cuentas_cobrar,200,OK,Benchmark - Operaciones Normales 1-44,text,true,,1981,311,1,1,http://localhost:3500/query/empresa_simulada,2,0,0
1783612254207,2,POST get_bancos,200,OK,Benchmark - Operaciones Normales 1-44,text,true,,1344,254,1,1,http://localhost:3500/query/empresa_simulada,2,0,0
1783612254209,2,POST get_monedas,200,OK,Benchmark - Operaciones Normales 1-44,text,true,,1572,255,1,1,http://localhost:3500/query/empresa_simulada,2,0,0
1783612254211,2,POST get_empresa,200,OK,Benchmark - Operaciones Normales 1-44,text,true,,1456,255,1,1,http://localhost:3500/query/empresa_simulada,2,0,0
1783612254214,3,POST get_cuentas_cobrar,200,OK,Benchmark - Operaciones Normales 1-44,text,true,,1981,311,1,1,http://localhost:3500/query/empresa_simulada,3,0,0
1783612254217,2,POST get_bancos,200,OK,Benchmark - Operaciones Normales 1-44,text,true,,1344,254,1,1,http://localhost:3500/query/empresa_simulada,2,0,0
1783612254219,2,POST get_monedas,200,OK,Benchmark - Operaciones Normales 1-44,text,true,,1572,255,1,1,http://localhost:3500/query/empresa_simulada,2,0,0
1783612254221,2,POST get_empresa,200,OK,Benchmark - Operaciones Normales 1-44,text,true,,1456,255,1,1,http://localhost:3500/query/empresa_simulada,2,0,0
1783612254223,2,POST get_cuentas_cobrar,200,OK,Benchmark - Operaciones Normales 1-44,text,true,,1981,311,1,1,http://localhost:3500/query/empresa_simulada,2,0,0
1783612254226,1,POST get_bancos,200,OK,Benchmark - Operaciones Normales 1-44,text,true,,1344,254,1,1,http://localhost:3500/query/empresa_simulada,1,0,0
1783612254228,1,POST get_monedas,200,OK,Benchmark - Operaciones Normales 1-44,text,true,,1572,255,1,1,http://localhost:3500/query/empresa_simulada,1,0,0
1783612254230,1,POST get_empresa,200,OK,Benchmark - Operaciones Normales 1-44,text,true,,1456,255,1,1,http://localhost:3500/query/empresa_simulada,1,0,0
1783612254232,2,POST get_cuentas_cobrar,200,OK,Benchmark - Operaciones Normales 1-44,text,true,,1981,311,1,1,http://localhost:3500/query/empresa_simulada,2,0,0
1783612254234,2,POST get_bancos,200,OK,Benchmark - Operaciones Normales 1-44,text,true,,1344,254,1,1,http://localhost:3500/query/empresa_simulada,2,0,0
1783612254236,2,POST get_monedas,200,OK,Benchmark - Operaciones Normales 1-44,text,true,,1572,255,1,1,http://localhost:3500/query/empresa_simulada,2,0,0
1783612254238,3,POST get_empresa,200,OK,Benchmark - Operaciones Normales 1-44,text,true,,1456,255,1,1,http://localhost:3500/query/empresa_simulada,3,0,0
1783612254241,2,POST get_cuentas_cobrar,200,OK,Benchmark - Operaciones Normales 1-44,text,true,,1981,311,1,1,http://localhost:3500/query/empresa_simulada,2,0,0
1783612254244,1,POST get_bancos,200,OK,Benchmark - Operaciones Normales 1-44,text,true,,1344,254,1,1,http://localhost:3500/query/empresa_simulada,1,0,0
1783612254246,2,POST get_monedas,200,OK,Benchmark - Operaciones Normales 1-44,text,true,,1572,255,1,1,http://localhost:3500/query/empresa_simulada,2,0,0
1783612254248,2,POST get_empresa,200,OK,Benchmark - Operaciones Normales 1-44,text,true,,1456,255,1,1,http://localhost:3500/query/empresa_simulada,2,0,0
1783612254250,2,POST get_cuentas_cobrar,200,OK,Benchmark - Operaciones Normales 1-44,text,true,,1981,311,1,1,http://localhost:3500/query/empresa_simulada,2,0,0
1783612254253,2,POST get_bancos,200,OK,Benchmark - Operaciones Normales 1-44,text,true,,1344,254,1,1,http://localhost:3500/query/empresa_simulada,2,0,0
1783612254255,2,POST get_monedas,200,OK,Benchmark - Operaciones Normales 1-44,text,true,,1572,255,1,1,http://localhost:3500/query/empresa_simulada,2,0,0
1783612254257,2,POST get_empresa,200,OK,Benchmark - Operaciones Normales 1-44,text,true,,1456,255,1,1,http://localhost:3500/query/empresa_simulada,2,0,0
1783612254259,2,POST get_cuentas_cobrar,200,OK,Benchmark - Operaciones Normales 1-44,text,true,,1981,311,1,1,http://localhost:3500/query/empresa_simulada,2,0,0
1783612254261,3,POST get_bancos,200,OK,Benchmark - Operaciones Normales 1-44,text,true,,1344,254,1,1,http://localhost:3500/query/empresa_simulada,3,0,0
1783612254265,2,POST get_monedas,200,OK,Benchmark - Operaciones Normales 1-44,text,true,,1572,255,1,1,http://localhost:3500/query/empresa_simulada,2,0,0
1783612254267,2,POST get_empresa,200,OK,Benchmark - Operaciones Normales 1-44,text,true,,1456,255,1,1,http://localhost:3500/query/empresa_simulada,2,0,0
1783612254269,3,POST get_cuentas_cobrar,200,OK,Benchmark - Operaciones Normales 1-44,text,true,,1981,311,1,1,http://localhost:3500/query/empresa_simulada,3,0,0
1783612254272,3,POST get_bancos,200,OK,Benchmark - Operaciones Normales 1-44,text,true,,1344,254,1,1,http://localhost:3500/query/empresa_simulada,3,0,0
1783612254275,2,POST get_monedas,200,OK,Benchmark - Operaciones Normales 1-44,text,true,,1572,255,1,1,http://localhost:3500/query/empresa_simulada,2,0,0
1783612254277,2,POST get_empresa,200,OK,Benchmark - Operaciones Normales 1-44,text,true,,1456,255,1,1,http://localhost:3500/query/empresa_simulada,2,0,0
1783612254280,2,POST get_cuentas_cobrar,200,OK,Benchmark - Operaciones Normales 1-44,text,true,,1981,311,1,1,http://localhost:3500/query/empresa_simulada,2,0,0
1783612254282,3,POST get_bancos,200,OK,Benchmark - Operaciones Normales 1-44,text,true,,1344,254,1,1,http://localhost:3500/query/empresa_simulada,3,0,0
1783612254285,3,POST get_monedas,200,OK,Benchmark - Operaciones Normales 1-44,text,true,,1572,255,2,2,http://localhost:3500/query/empresa_simulada,3,0,0
1783612254288,4,POST get_empresa,200,OK,Benchmark - Operaciones Normales 1-44,text,true,,1456,255,2,2,http://localhost:3500/query/empresa_simulada,4,0,0
1783612254287,7,POST get_cuentas_cobrar,200,OK,Benchmark - Operaciones Normales 1-45,text,true,,1981,311,1,1,http://localhost:3500/query/empresa_simulada,7,0,2
1783612254294,3,POST get_bancos,200,OK,Benchmark - Operaciones Normales 1-45,text,true,,1344,254,1,1,http://localhost:3500/query/empresa_simulada,3,0,0
1783612254297,2,POST get_monedas,200,OK,Benchmark - Operaciones Normales 1-45,text,true,,1572,255,1,1,http://localhost:3500/query/empresa_simulada,2,0,0
1783612254299,2,POST get_empresa,200,OK,Benchmark - Operaciones Normales 1-45,text,true,,1456,255,1,1,http://localhost:3500/query/empresa_simulada,2,0,0
1783612254302,2,POST get_cuentas_cobrar,200,OK,Benchmark - Operaciones Normales 1-45,text,true,,1981,311,1,1,http://localhost:3500/query/empresa_simulada,2,0,0
1783612254304,2,POST get_bancos,200,OK,Benchmark - Operaciones Normales 1-45,text,true,,1344,254,1,1,http://localhost:3500/query/empresa_simulada,2,0,0
1783612254306,2,POST get_monedas,200,OK,Benchmark - Operaciones Normales 1-45,text,true,,1572,255,1,1,http://localhost:3500/query/empresa_simulada,2,0,0
1783612254308,2,POST get_empresa,200,OK,Benchmark - Operaciones Normales 1-45,text,true,,1456,255,1,1,http://localhost:3500/query/empresa_simulada,2,0,0
1783612254310,2,POST get_cuentas_cobrar,200,OK,Benchmark - Operaciones Normales 1-45,text,true,,1981,311,1,1,http://localhost:3500/query/empresa_simulada,2,0,0
1783612254313,3,POST get_bancos,200,OK,Benchmark - Operaciones Normales 1-45,text,true,,1344,254,1,1,http://localhost:3500/query/empresa_simulada,2,0,0
1783612254316,2,POST get_monedas,200,OK,Benchmark - Operaciones Normales 1-45,text,true,,1572,255,1,1,http://localhost:3500/query/empresa_simulada,2,0,0
1783612254319,2,POST get_empresa,200,OK,Benchmark - Operaciones Normales 1-45,text,true,,1456,255,1,1,http://localhost:3500/query/empresa_simulada,2,0,0
1783612254321,2,POST get_cuentas_cobrar,200,OK,Benchmark - Operaciones Normales 1-45,text,true,,1981,311,1,1,http://localhost:3500/query/empresa_simulada,2,0,0
1783612254323,3,POST get_bancos,200,OK,Benchmark - Operaciones Normales 1-45,text,true,,1344,254,1,1,http://localhost:3500/query/empresa_simulada,3,0,0
1783612254326,2,POST get_monedas,200,OK,Benchmark - Operaciones Normales 1-45,text,true,,1572,255,1,1,http://localhost:3500/query/empresa_simulada,2,0,0
1783612254328,3,POST get_empresa,200,OK,Benchmark - Operaciones Normales 1-45,text,true,,1456,255,1,1,http://localhost:3500/query/empresa_simulada,3,0,0
1783612254331,2,POST get_cuentas_cobrar,200,OK,Benchmark - Operaciones Normales 1-45,text,true,,1981,311,1,1,http://localhost:3500/query/empresa_simulada,2,0,0
1783612254333,2,POST get_bancos,200,OK,Benchmark - Operaciones Normales 1-45,text,true,,1344,254,1,1,http://localhost:3500/query/empresa_simulada,2,0,0
1783612254335,2,POST get_monedas,200,OK,Benchmark - Operaciones Normales 1-45,text,true,,1572,255,1,1,http://localhost:3500/query/empresa_simulada,2,0,0
1783612254337,2,POST get_empresa,200,OK,Benchmark - Operaciones Normales 1-45,text,true,,1456,255,1,1,http://localhost:3500/query/empresa_simulada,2,0,0
1783612254339,2,POST get_cuentas_cobrar,200,OK,Benchmark - Operaciones Normales 1-45,text,true,,1981,311,1,1,http://localhost:3500/query/empresa_simulada,2,0,0
1783612254342,2,POST get_bancos,200,OK,Benchmark - Operaciones Normales 1-45,text,true,,1344,254,1,1,http://localhost:3500/query/empresa_simulada,2,0,0
1783612254344,2,POST get_monedas,200,OK,Benchmark - Operaciones Normales 1-45,text,true,,1572,255,1,1,http://localhost:3500/query/empresa_simulada,2,0,0
1783612254346,2,POST get_empresa,200,OK,Benchmark - Operaciones Normales 1-45,text,true,,1456,255,1,1,http://localhost:3500/query/empresa_simulada,2,0,0
1783612254348,3,POST get_cuentas_cobrar,200,OK,Benchmark - Operaciones Normales 1-45,text,true,,1981,311,1,1,http://localhost:3500/query/empresa_simulada,3,0,0
1783612254351,1,POST get_bancos,200,OK,Benchmark - Operaciones Normales 1-45,text,true,,1344,254,1,1,http://localhost:3500/query/empresa_simulada,1,0,0
1783612254353,2,POST get_monedas,200,OK,Benchmark - Operaciones Normales 1-45,text,true,,1572,255,1,1,http://localhost:3500/query/empresa_simulada,2,0,0
1783612254355,2,POST get_empresa,200,OK,Benchmark - Operaciones Normales 1-45,text,true,,1456,255,1,1,http://localhost:3500/query/empresa_simulada,2,0,0
1783612254357,2,POST get_cuentas_cobrar,200,OK,Benchmark - Operaciones Normales 1-45,text,true,,1981,311,1,1,http://localhost:3500/query/empresa_simulada,2,0,0
1783612254359,4,POST get_bancos,200,OK,Benchmark - Operaciones Normales 1-45,text,true,,1344,254,1,1,http://localhost:3500/query/empresa_simulada,4,0,0
1783612254363,2,POST get_monedas,200,OK,Benchmark - Operaciones Normales 1-45,text,true,,1572,255,1,1,http://localhost:3500/query/empresa_simulada,2,0,0
1783612254366,2,POST get_empresa,200,OK,Benchmark - Operaciones Normales 1-45,text,true,,1456,255,1,1,http://localhost:3500/query/empresa_simulada,2,0,0
1783612254368,2,POST get_cuentas_cobrar,200,OK,Benchmark - Operaciones Normales 1-45,text,true,,1981,311,1,1,http://localhost:3500/query/empresa_simulada,2,0,0
1783612254370,2,POST get_bancos,200,OK,Benchmark - Operaciones Normales 1-45,text,true,,1344,254,1,1,http://localhost:3500/query/empresa_simulada,2,0,0
1783612254372,2,POST get_monedas,200,OK,Benchmark - Operaciones Normales 1-45,text,true,,1572,255,1,1,http://localhost:3500/query/empresa_simulada,2,0,0
1783612254374,3,POST get_empresa,200,OK,Benchmark - Operaciones Normales 1-45,text,true,,1456,255,1,1,http://localhost:3500/query/empresa_simulada,3,0,0
1783612254377,2,POST get_cuentas_cobrar,200,OK,Benchmark - Operaciones Normales 1-45,text,true,,1981,311,1,1,http://localhost:3500/query/empresa_simulada,2,0,0
1783612254379,2,POST get_bancos,200,OK,Benchmark - Operaciones Normales 1-45,text,true,,1344,254,1,1,http://localhost:3500/query/empresa_simulada,2,0,0
1783612254382,2,POST get_monedas,200,OK,Benchmark - Operaciones Normales 1-45,text,true,,1572,255,2,2,http://localhost:3500/query/empresa_simulada,2,0,0
1783612254384,2,POST get_empresa,200,OK,Benchmark - Operaciones Normales 1-45,text,true,,1456,255,2,2,http://localhost:3500/query/empresa_simulada,2,0,0
1783612254384,4,POST get_cuentas_cobrar,200,OK,Benchmark - Operaciones Normales 1-46,text,true,,1981,311,1,1,http://localhost:3500/query/empresa_simulada,4,0,2
1783612254388,3,POST get_bancos,200,OK,Benchmark - Operaciones Normales 1-46,text,true,,1344,254,1,1,http://localhost:3500/query/empresa_simulada,2,0,0
1783612254391,2,POST get_monedas,200,OK,Benchmark - Operaciones Normales 1-46,text,true,,1572,255,1,1,http://localhost:3500/query/empresa_simulada,2,0,0
1783612254393,3,POST get_empresa,200,OK,Benchmark - Operaciones Normales 1-46,text,true,,1456,255,1,1,http://localhost:3500/query/empresa_simulada,2,0,0
1783612254396,2,POST get_cuentas_cobrar,200,OK,Benchmark - Operaciones Normales 1-46,text,true,,1981,311,1,1,http://localhost:3500/query/empresa_simulada,2,0,0
1783612254398,2,POST get_bancos,200,OK,Benchmark - Operaciones Normales 1-46,text,true,,1344,254,1,1,http://localhost:3500/query/empresa_simulada,2,0,0
1783612254400,2,POST get_monedas,200,OK,Benchmark - Operaciones Normales 1-46,text,true,,1572,255,1,1,http://localhost:3500/query/empresa_simulada,2,0,0
1783612254402,2,POST get_empresa,200,OK,Benchmark - Operaciones Normales 1-46,text,true,,1456,255,1,1,http://localhost:3500/query/empresa_simulada,2,0,0
1783612254404,2,POST get_cuentas_cobrar,200,OK,Benchmark - Operaciones Normales 1-46,text,true,,1981,311,1,1,http://localhost:3500/query/empresa_simulada,2,0,0
1783612254407,3,POST get_bancos,200,OK,Benchmark - Operaciones Normales 1-46,text,true,,1344,254,1,1,http://localhost:3500/query/empresa_simulada,3,0,0
1783612254410,3,POST get_monedas,200,OK,Benchmark - Operaciones Normales 1-46,text,true,,1572,255,1,1,http://localhost:3500/query/empresa_simulada,3,0,0
1783612254413,2,POST get_empresa,200,OK,Benchmark - Operaciones Normales 1-46,text,true,,1456,255,1,1,http://localhost:3500/query/empresa_simulada,2,0,0
1783612254415,2,POST get_cuentas_cobrar,200,OK,Benchmark - Operaciones Normales 1-46,text,true,,1981,311,1,1,http://localhost:3500/query/empresa_simulada,2,0,0
1783612254417,2,POST get_bancos,200,OK,Benchmark - Operaciones Normales 1-46,text,true,,1344,254,1,1,http://localhost:3500/query/empresa_simulada,2,0,0
1783612254419,3,POST get_monedas,200,OK,Benchmark - Operaciones Normales 1-46,text,true,,1572,255,1,1,http://localhost:3500/query/empresa_simulada,3,0,0
1783612254422,3,POST get_empresa,200,OK,Benchmark - Operaciones Normales 1-46,text,true,,1456,255,1,1,http://localhost:3500/query/empresa_simulada,3,0,0
1783612254425,2,POST get_cuentas_cobrar,200,OK,Benchmark - Operaciones Normales 1-46,text,true,,1981,311,1,1,http://localhost:3500/query/empresa_simulada,2,0,0
1783612254427,2,POST get_bancos,200,OK,Benchmark - Operaciones Normales 1-46,text,true,,1344,254,1,1,http://localhost:3500/query/empresa_simulada,2,0,0
1783612254429,2,POST get_monedas,200,OK,Benchmark - Operaciones Normales 1-46,text,true,,1572,255,1,1,http://localhost:3500/query/empresa_simulada,2,0,0
1783612254431,2,POST get_empresa,200,OK,Benchmark - Operaciones Normales 1-46,text,true,,1456,255,1,1,http://localhost:3500/query/empresa_simulada,2,0,0
1783612254433,2,POST get_cuentas_cobrar,200,OK,Benchmark - Operaciones Normales 1-46,text,true,,1981,311,1,1,http://localhost:3500/query/empresa_simulada,2,0,0
1783612254435,2,POST get_bancos,200,OK,Benchmark - Operaciones Normales 1-46,text,true,,1344,254,1,1,http://localhost:3500/query/empresa_simulada,2,0,0
1783612254437,2,POST get_monedas,200,OK,Benchmark - Operaciones Normales 1-46,text,true,,1572,255,1,1,http://localhost:3500/query/empresa_simulada,2,0,0
1783612254439,2,POST get_empresa,200,OK,Benchmark - Operaciones Normales 1-46,text,true,,1456,255,1,1,http://localhost:3500/query/empresa_simulada,2,0,0
1783612254442,1,POST get_cuentas_cobrar,200,OK,Benchmark - Operaciones Normales 1-46,text,true,,1981,311,1,1,http://localhost:3500/query/empresa_simulada,1,0,0
1783612254444,2,POST get_bancos,200,OK,Benchmark - Operaciones Normales 1-46,text,true,,1344,254,1,1,http://localhost:3500/query/empresa_simulada,1,0,0
1783612254446,3,POST get_monedas,200,OK,Benchmark - Operaciones Normales 1-46,text,true,,1572,255,1,1,http://localhost:3500/query/empresa_simulada,3,0,0
1783612254449,3,POST get_empresa,200,OK,Benchmark - Operaciones Normales 1-46,text,true,,1456,255,1,1,http://localhost:3500/query/empresa_simulada,3,0,0
1783612254452,2,POST get_cuentas_cobrar,200,OK,Benchmark - Operaciones Normales 1-46,text,true,,1981,311,1,1,http://localhost:3500/query/empresa_simulada,2,0,0
1783612254454,2,POST get_bancos,200,OK,Benchmark - Operaciones Normales 1-46,text,true,,1344,254,1,1,http://localhost:3500/query/empresa_simulada,2,0,0
1783612254457,3,POST get_monedas,200,OK,Benchmark - Operaciones Normales 1-46,text,true,,1572,255,1,1,http://localhost:3500/query/empresa_simulada,3,0,0
1783612254460,2,POST get_empresa,200,OK,Benchmark - Operaciones Normales 1-46,text,true,,1456,255,1,1,http://localhost:3500/query/empresa_simulada,2,0,0
1783612254462,2,POST get_cuentas_cobrar,200,OK,Benchmark - Operaciones Normales 1-46,text,true,,1981,311,1,1,http://localhost:3500/query/empresa_simulada,2,0,0
1783612254464,2,POST get_bancos,200,OK,Benchmark - Operaciones Normales 1-46,text,true,,1344,254,1,1,http://localhost:3500/query/empresa_simulada,2,0,0
1783612254466,2,POST get_monedas,200,OK,Benchmark - Operaciones Normales 1-46,text,true,,1572,255,1,1,http://localhost:3500/query/empresa_simulada,2,0,0
1783612254468,2,POST get_empresa,200,OK,Benchmark - Operaciones Normales 1-46,text,true,,1456,255,1,1,http://localhost:3500/query/empresa_simulada,2,0,0
1783612254471,2,POST get_cuentas_cobrar,200,OK,Benchmark - Operaciones Normales 1-46,text,true,,1981,311,1,1,http://localhost:3500/query/empresa_simulada,2,0,0
1783612254473,2,POST get_bancos,200,OK,Benchmark - Operaciones Normales 1-46,text,true,,1344,254,1,1,http://localhost:3500/query/empresa_simulada,2,0,0
1783612254475,2,POST get_monedas,200,OK,Benchmark - Operaciones Normales 1-46,text,true,,1572,255,1,1,http://localhost:3500/query/empresa_simulada,2,0,0
1783612254477,2,POST get_empresa,200,OK,Benchmark - Operaciones Normales 1-46,text,true,,1456,255,1,1,http://localhost:3500/query/empresa_simulada,2,0,0
1783612254483,4,POST get_cuentas_cobrar,200,OK,Benchmark - Operaciones Normales 1-47,text,true,,1981,311,1,1,http://localhost:3500/query/empresa_simulada,4,0,1
1783612254488,3,POST get_bancos,200,OK,Benchmark - Operaciones Normales 1-47,text,true,,1344,254,1,1,http://localhost:3500/query/empresa_simulada,3,0,0
1783612254492,2,POST get_monedas,200,OK,Benchmark - Operaciones Normales 1-47,text,true,,1572,255,1,1,http://localhost:3500/query/empresa_simulada,2,0,0
1783612254494,1,POST get_empresa,200,OK,Benchmark - Operaciones Normales 1-47,text,true,,1456,255,1,1,http://localhost:3500/query/empresa_simulada,1,0,0
1783612254496,1,POST get_cuentas_cobrar,200,OK,Benchmark - Operaciones Normales 1-47,text,true,,1981,311,1,1,http://localhost:3500/query/empresa_simulada,1,0,0
1783612254498,1,POST get_bancos,200,OK,Benchmark - Operaciones Normales 1-47,text,true,,1344,254,1,1,http://localhost:3500/query/empresa_simulada,1,0,0
1783612254500,2,POST get_monedas,200,OK,Benchmark - Operaciones Normales 1-47,text,true,,1572,255,1,1,http://localhost:3500/query/empresa_simulada,2,0,0
1783612254503,1,POST get_empresa,200,OK,Benchmark - Operaciones Normales 1-47,text,true,,1456,255,1,1,http://localhost:3500/query/empresa_simulada,1,0,0
1783612254505,1,POST get_cuentas_cobrar,200,OK,Benchmark - Operaciones Normales 1-47,text,true,,1981,311,1,1,http://localhost:3500/query/empresa_simulada,1,0,0
1783612254507,1,POST get_bancos,200,OK,Benchmark - Operaciones Normales 1-47,text,true,,1344,254,1,1,http://localhost:3500/query/empresa_simulada,1,0,0
1783612254509,1,POST get_monedas,200,OK,Benchmark - Operaciones Normales 1-47,text,true,,1572,255,1,1,http://localhost:3500/query/empresa_simulada,1,0,0
1783612254511,1,POST get_empresa,200,OK,Benchmark - Operaciones Normales 1-47,text,true,,1456,255,1,1,http://localhost:3500/query/empresa_simulada,1,0,0
1783612254513,1,POST get_cuentas_cobrar,200,OK,Benchmark - Operaciones Normales 1-47,text,true,,1981,311,1,1,http://localhost:3500/query/empresa_simulada,1,0,0
1783612254515,2,POST get_bancos,200,OK,Benchmark - Operaciones Normales 1-47,text,true,,1344,254,1,1,http://localhost:3500/query/empresa_simulada,2,0,0
1783612254517,2,POST get_monedas,200,OK,Benchmark - Operaciones Normales 1-47,text,true,,1572,255,1,1,http://localhost:3500/query/empresa_simulada,2,0,0
1783612254520,1,POST get_empresa,200,OK,Benchmark - Operaciones Normales 1-47,text,true,,1456,255,1,1,http://localhost:3500/query/empresa_simulada,1,0,0
1783612254522,2,POST get_cuentas_cobrar,200,OK,Benchmark - Operaciones Normales 1-47,text,true,,1981,311,1,1,http://localhost:3500/query/empresa_simulada,2,0,0
1783612254524,2,POST get_bancos,200,OK,Benchmark - Operaciones Normales 1-47,text,true,,1344,254,1,1,http://localhost:3500/query/empresa_simulada,2,0,0
1783612254526,2,POST get_monedas,200,OK,Benchmark - Operaciones Normales 1-47,text,true,,1572,255,1,1,http://localhost:3500/query/empresa_simulada,2,0,0
1783612254528,4,POST get_empresa,200,OK,Benchmark - Operaciones Normales 1-47,text,true,,1456,255,1,1,http://localhost:3500/query/empresa_simulada,4,0,0
1783612254532,3,POST get_cuentas_cobrar,200,OK,Benchmark - Operaciones Normales 1-47,text,true,,1981,311,1,1,http://localhost:3500/query/empresa_simulada,3,0,0
1783612254535,2,POST get_bancos,200,OK,Benchmark - Operaciones Normales 1-47,text,true,,1344,254,1,1,http://localhost:3500/query/empresa_simulada,2,0,0
1783612254537,2,POST get_monedas,200,OK,Benchmark - Operaciones Normales 1-47,text,true,,1572,255,1,1,http://localhost:3500/query/empresa_simulada,2,0,0
1783612254539,2,POST get_empresa,200,OK,Benchmark - Operaciones Normales 1-47,text,true,,1456,255,1,1,http://localhost:3500/query/empresa_simulada,2,0,0
1783612254542,2,POST get_cuentas_cobrar,200,OK,Benchmark - Operaciones Normales 1-47,text,true,,1981,311,1,1,http://localhost:3500/query/empresa_simulada,2,0,0
1783612254544,1,POST get_bancos,200,OK,Benchmark - Operaciones Normales 1-47,text,true,,1344,254,1,1,http://localhost:3500/query/empresa_simulada,1,0,0
1783612254546,2,POST get_monedas,200,OK,Benchmark - Operaciones Normales 1-47,text,true,,1572,255,1,1,http://localhost:3500/query/empresa_simulada,2,0,0
1783612254548,2,POST get_empresa,200,OK,Benchmark - Operaciones Normales 1-47,text,true,,1456,255,1,1,http://localhost:3500/query/empresa_simulada,2,0,0
1783612254550,2,POST get_cuentas_cobrar,200,OK,Benchmark - Operaciones Normales 1-47,text,true,,1981,311,1,1,http://localhost:3500/query/empresa_simulada,2,0,0
1783612254552,2,POST get_bancos,200,OK,Benchmark - Operaciones Normales 1-47,text,true,,1344,254,1,1,http://localhost:3500/query/empresa_simulada,2,0,0
1783612254554,2,POST get_monedas,200,OK,Benchmark - Operaciones Normales 1-47,text,true,,1572,255,1,1,http://localhost:3500/query/empresa_simulada,2,0,0
1783612254556,2,POST get_empresa,200,OK,Benchmark - Operaciones Normales 1-47,text,true,,1456,255,1,1,http://localhost:3500/query/empresa_simulada,2,0,0
1783612254558,2,POST get_cuentas_cobrar,200,OK,Benchmark - Operaciones Normales 1-47,text,true,,1981,311,1,1,http://localhost:3500/query/empresa_simulada,2,0,0
1783612254560,2,POST get_bancos,200,OK,Benchmark - Operaciones Normales 1-47,text,true,,1344,254,1,1,http://localhost:3500/query/empresa_simulada,2,0,0
1783612254562,2,POST get_monedas,200,OK,Benchmark - Operaciones Normales 1-47,text,true,,1572,255,1,1,http://localhost:3500/query/empresa_simulada,2,0,0
1783612254564,2,POST get_empresa,200,OK,Benchmark - Operaciones Normales 1-47,text,true,,1456,255,1,1,http://localhost:3500/query/empresa_simulada,2,0,0
1783612254566,3,POST get_cuentas_cobrar,200,OK,Benchmark - Operaciones Normales 1-47,text,true,,1981,311,1,1,http://localhost:3500/query/empresa_simulada,3,0,0
1783612254569,3,POST get_bancos,200,OK,Benchmark - Operaciones Normales 1-47,text,true,,1344,254,1,1,http://localhost:3500/query/empresa_simulada,3,0,0
1783612254572,2,POST get_monedas,200,OK,Benchmark - Operaciones Normales 1-47,text,true,,1572,255,1,1,http://localhost:3500/query/empresa_simulada,2,0,0
1783612254574,2,POST get_empresa,200,OK,Benchmark - Operaciones Normales 1-47,text,true,,1456,255,1,1,http://localhost:3500/query/empresa_simulada,2,0,0
1783612254584,4,POST get_cuentas_cobrar,200,OK,Benchmark - Operaciones Normales 1-48,text,true,,1981,311,1,1,http://localhost:3500/query/empresa_simulada,4,0,1
1783612254588,2,POST get_bancos,200,OK,Benchmark - Operaciones Normales 1-48,text,true,,1344,254,1,1,http://localhost:3500/query/empresa_simulada,2,0,0
1783612254590,2,POST get_monedas,200,OK,Benchmark - Operaciones Normales 1-48,text,true,,1572,255,1,1,http://localhost:3500/query/empresa_simulada,2,0,0
1783612254592,2,POST get_empresa,200,OK,Benchmark - Operaciones Normales 1-48,text,true,,1456,255,1,1,http://localhost:3500/query/empresa_simulada,2,0,0
1783612254594,2,POST get_cuentas_cobrar,200,OK,Benchmark - Operaciones Normales 1-48,text,true,,1981,311,1,1,http://localhost:3500/query/empresa_simulada,2,0,0
1783612254597,1,POST get_bancos,200,OK,Benchmark - Operaciones Normales 1-48,text,true,,1344,254,1,1,http://localhost:3500/query/empresa_simulada,1,0,0
1783612254599,2,POST get_monedas,200,OK,Benchmark - Operaciones Normales 1-48,text,true,,1572,255,1,1,http://localhost:3500/query/empresa_simulada,2,0,0
1783612254601,3,POST get_empresa,200,OK,Benchmark - Operaciones Normales 1-48,text,true,,1456,255,1,1,http://localhost:3500/query/empresa_simulada,3,0,0
1783612254605,2,POST get_cuentas_cobrar,200,OK,Benchmark - Operaciones Normales 1-48,text,true,,1981,311,1,1,http://localhost:3500/query/empresa_simulada,2,0,0
1783612254607,2,POST get_bancos,200,OK,Benchmark - Operaciones Normales 1-48,text,true,,1344,254,1,1,http://localhost:3500/query/empresa_simulada,2,0,0
1783612254609,2,POST get_monedas,200,OK,Benchmark - Operaciones Normales 1-48,text,true,,1572,255,1,1,http://localhost:3500/query/empresa_simulada,2,0,0
1783612254611,2,POST get_empresa,200,OK,Benchmark - Operaciones Normales 1-48,text,true,,1456,255,1,1,http://localhost:3500/query/empresa_simulada,2,0,0
1783612254613,3,POST get_cuentas_cobrar,200,OK,Benchmark - Operaciones Normales 1-48,text,true,,1981,311,1,1,http://localhost:3500/query/empresa_simulada,3,0,0
1783612254616,2,POST get_bancos,200,OK,Benchmark - Operaciones Normales 1-48,text,true,,1344,254,1,1,http://localhost:3500/query/empresa_simulada,2,0,0
1783612254618,2,POST get_monedas,200,OK,Benchmark - Operaciones Normales 1-48,text,true,,1572,255,1,1,http://localhost:3500/query/empresa_simulada,2,0,0
1783612254621,2,POST get_empresa,200,OK,Benchmark - Operaciones Normales 1-48,text,true,,1456,255,1,1,http://localhost:3500/query/empresa_simulada,2,0,0
1783612254623,2,POST get_cuentas_cobrar,200,OK,Benchmark - Operaciones Normales 1-48,text,true,,1981,311,1,1,http://localhost:3500/query/empresa_simulada,2,0,0
1783612254625,2,POST get_bancos,200,OK,Benchmark - Operaciones Normales 1-48,text,true,,1344,254,1,1,http://localhost:3500/query/empresa_simulada,2,0,0
1783612254627,2,POST get_monedas,200,OK,Benchmark - Operaciones Normales 1-48,text,true,,1572,255,1,1,http://localhost:3500/query/empresa_simulada,2,0,0
1783612254630,2,POST get_empresa,200,OK,Benchmark - Operaciones Normales 1-48,text,true,,1456,255,1,1,http://localhost:3500/query/empresa_simulada,2,0,0
1783612254632,2,POST get_cuentas_cobrar,200,OK,Benchmark - Operaciones Normales 1-48,text,true,,1981,311,1,1,http://localhost:3500/query/empresa_simulada,2,0,0
1783612254634,2,POST get_bancos,200,OK,Benchmark - Operaciones Normales 1-48,text,true,,1344,254,1,1,http://localhost:3500/query/empresa_simulada,2,0,0
1783612254636,2,POST get_monedas,200,OK,Benchmark - Operaciones Normales 1-48,text,true,,1572,255,1,1,http://localhost:3500/query/empresa_simulada,2,0,0
1783612254639,3,POST get_empresa,200,OK,Benchmark - Operaciones Normales 1-48,text,true,,1456,255,1,1,http://localhost:3500/query/empresa_simulada,3,0,0
1783612254643,3,POST get_cuentas_cobrar,200,OK,Benchmark - Operaciones Normales 1-48,text,true,,1981,311,1,1,http://localhost:3500/query/empresa_simulada,3,0,0
1783612254647,2,POST get_bancos,200,OK,Benchmark - Operaciones Normales 1-48,text,true,,1344,254,1,1,http://localhost:3500/query/empresa_simulada,2,0,0
1783612254649,2,POST get_monedas,200,OK,Benchmark - Operaciones Normales 1-48,text,true,,1572,255,1,1,http://localhost:3500/query/empresa_simulada,2,0,0
1783612254651,3,POST get_empresa,200,OK,Benchmark - Operaciones Normales 1-48,text,true,,1456,255,1,1,http://localhost:3500/query/empresa_simulada,3,0,0
1783612254654,3,POST get_cuentas_cobrar,200,OK,Benchmark - Operaciones Normales 1-48,text,true,,1981,311,1,1,http://localhost:3500/query/empresa_simulada,3,0,0
1783612254657,3,POST get_bancos,200,OK,Benchmark - Operaciones Normales 1-48,text,true,,1344,254,1,1,http://localhost:3500/query/empresa_simulada,3,0,0
1783612254660,2,POST get_monedas,200,OK,Benchmark - Operaciones Normales 1-48,text,true,,1572,255,1,1,http://localhost:3500/query/empresa_simulada,2,0,0
1783612254663,2,POST get_empresa,200,OK,Benchmark - Operaciones Normales 1-48,text,true,,1456,255,1,1,http://localhost:3500/query/empresa_simulada,2,0,0
1783612254666,2,POST get_cuentas_cobrar,200,OK,Benchmark - Operaciones Normales 1-48,text,true,,1981,311,1,1,http://localhost:3500/query/empresa_simulada,2,0,0
1783612254668,2,POST get_bancos,200,OK,Benchmark - Operaciones Normales 1-48,text,true,,1344,254,1,1,http://localhost:3500/query/empresa_simulada,2,0,0
1783612254672,3,POST get_monedas,200,OK,Benchmark - Operaciones Normales 1-48,text,true,,1572,255,1,1,http://localhost:3500/query/empresa_simulada,3,0,0
1783612254675,2,POST get_empresa,200,OK,Benchmark - Operaciones Normales 1-48,text,true,,1456,255,1,1,http://localhost:3500/query/empresa_simulada,2,0,0
1783612254677,2,POST get_cuentas_cobrar,200,OK,Benchmark - Operaciones Normales 1-48,text,true,,1981,311,1,1,http://localhost:3500/query/empresa_simulada,2,0,0
1783612254679,2,POST get_bancos,200,OK,Benchmark - Operaciones Normales 1-48,text,true,,1344,254,1,1,http://localhost:3500/query/empresa_simulada,2,0,0
1783612254681,2,POST get_monedas,200,OK,Benchmark - Operaciones Normales 1-48,text,true,,1572,255,2,2,http://localhost:3500/query/empresa_simulada,2,0,0
1783612254684,2,POST get_empresa,200,OK,Benchmark - Operaciones Normales 1-48,text,true,,1456,255,2,2,http://localhost:3500/query/empresa_simulada,2,0,0
1783612254683,4,POST get_cuentas_cobrar,200,OK,Benchmark - Operaciones Normales 1-49,text,true,,1981,311,2,1,http://localhost:3500/query/empresa_simulada,4,0,2
1783612254688,3,POST get_bancos,200,OK,Benchmark - Operaciones Normales 1-49,text,true,,1344,254,1,1,http://localhost:3500/query/empresa_simulada,3,0,0
1783612254691,5,POST get_monedas,200,OK,Benchmark - Operaciones Normales 1-49,text,true,,1572,255,1,1,http://localhost:3500/query/empresa_simulada,5,0,0
1783612254696,3,POST get_empresa,200,OK,Benchmark - Operaciones Normales 1-49,text,true,,1456,255,1,1,http://localhost:3500/query/empresa_simulada,3,0,0
1783612254699,2,POST get_cuentas_cobrar,200,OK,Benchmark - Operaciones Normales 1-49,text,true,,1981,311,1,1,http://localhost:3500/query/empresa_simulada,2,0,0
1783612254702,2,POST get_bancos,200,OK,Benchmark - Operaciones Normales 1-49,text,true,,1344,254,1,1,http://localhost:3500/query/empresa_simulada,2,0,0
1783612254704,3,POST get_monedas,200,OK,Benchmark - Operaciones Normales 1-49,text,true,,1572,255,1,1,http://localhost:3500/query/empresa_simulada,3,0,0
1783612254707,2,POST get_empresa,200,OK,Benchmark - Operaciones Normales 1-49,text,true,,1456,255,1,1,http://localhost:3500/query/empresa_simulada,2,0,0
1783612254710,2,POST get_cuentas_cobrar,200,OK,Benchmark - Operaciones Normales 1-49,text,true,,1981,311,1,1,http://localhost:3500/query/empresa_simulada,2,0,0
1783612254712,2,POST get_bancos,200,OK,Benchmark - Operaciones Normales 1-49,text,true,,1344,254,1,1,http://localhost:3500/query/empresa_simulada,2,0,0
1783612254714,2,POST get_monedas,200,OK,Benchmark - Operaciones Normales 1-49,text,true,,1572,255,1,1,http://localhost:3500/query/empresa_simulada,2,0,0
1783612254716,2,POST get_empresa,200,OK,Benchmark - Operaciones Normales 1-49,text,true,,1456,255,1,1,http://localhost:3500/query/empresa_simulada,2,0,0
1783612254719,1,POST get_cuentas_cobrar,200,OK,Benchmark - Operaciones Normales 1-49,text,true,,1981,311,1,1,http://localhost:3500/query/empresa_simulada,1,0,0
1783612254721,1,POST get_bancos,200,OK,Benchmark - Operaciones Normales 1-49,text,true,,1344,254,1,1,http://localhost:3500/query/empresa_simulada,1,0,0
1783612254722,2,POST get_monedas,200,OK,Benchmark - Operaciones Normales 1-49,text,true,,1572,255,1,1,http://localhost:3500/query/empresa_simulada,2,0,0
1783612254725,2,POST get_empresa,200,OK,Benchmark - Operaciones Normales 1-49,text,true,,1456,255,1,1,http://localhost:3500/query/empresa_simulada,2,0,0
1783612254727,2,POST get_cuentas_cobrar,200,OK,Benchmark - Operaciones Normales 1-49,text,true,,1981,311,1,1,http://localhost:3500/query/empresa_simulada,2,0,0
1783612254729,4,POST get_bancos,200,OK,Benchmark - Operaciones Normales 1-49,text,true,,1344,254,1,1,http://localhost:3500/query/empresa_simulada,4,0,0
1783612254733,2,POST get_monedas,200,OK,Benchmark - Operaciones Normales 1-49,text,true,,1572,255,1,1,http://localhost:3500/query/empresa_simulada,2,0,0
1783612254736,1,POST get_empresa,200,OK,Benchmark - Operaciones Normales 1-49,text,true,,1456,255,1,1,http://localhost:3500/query/empresa_simulada,1,0,0
1783612254738,2,POST get_cuentas_cobrar,200,OK,Benchmark - Operaciones Normales 1-49,text,true,,1981,311,1,1,http://localhost:3500/query/empresa_simulada,2,0,0
1783612254740,2,POST get_bancos,200,OK,Benchmark - Operaciones Normales 1-49,text,true,,1344,254,1,1,http://localhost:3500/query/empresa_simulada,2,0,0
1783612254743,1,POST get_monedas,200,OK,Benchmark - Operaciones Normales 1-49,text,true,,1572,255,1,1,http://localhost:3500/query/empresa_simulada,1,0,0
1783612254745,1,POST get_empresa,200,OK,Benchmark - Operaciones Normales 1-49,text,true,,1456,255,1,1,http://localhost:3500/query/empresa_simulada,1,0,0
1783612254747,2,POST get_cuentas_cobrar,200,OK,Benchmark - Operaciones Normales 1-49,text,true,,1981,311,1,1,http://localhost:3500/query/empresa_simulada,2,0,0
1783612254749,2,POST get_bancos,200,OK,Benchmark - Operaciones Normales 1-49,text,true,,1344,254,1,1,http://localhost:3500/query/empresa_simulada,2,0,0
1783612254751,2,POST get_monedas,200,OK,Benchmark - Operaciones Normales 1-49,text,true,,1572,255,1,1,http://localhost:3500/query/empresa_simulada,2,0,0
1783612254753,2,POST get_empresa,200,OK,Benchmark - Operaciones Normales 1-49,text,true,,1456,255,1,1,http://localhost:3500/query/empresa_simulada,2,0,0
1783612254755,2,POST get_cuentas_cobrar,200,OK,Benchmark - Operaciones Normales 1-49,text,true,,1981,311,1,1,http://localhost:3500/query/empresa_simulada,2,0,0
1783612254757,2,POST get_bancos,200,OK,Benchmark - Operaciones Normales 1-49,text,true,,1344,254,1,1,http://localhost:3500/query/empresa_simulada,2,0,0
1783612254759,2,POST get_monedas,200,OK,Benchmark - Operaciones Normales 1-49,text,true,,1572,255,1,1,http://localhost:3500/query/empresa_simulada,2,0,0
1783612254761,2,POST get_empresa,200,OK,Benchmark - Operaciones Normales 1-49,text,true,,1456,255,1,1,http://localhost:3500/query/empresa_simulada,1,0,0
1783612254763,1,POST get_cuentas_cobrar,200,OK,Benchmark - Operaciones Normales 1-49,text,true,,1981,311,1,1,http://localhost:3500/query/empresa_simulada,1,0,0
1783612254765,1,POST get_bancos,200,OK,Benchmark - Operaciones Normales 1-49,text,true,,1344,254,1,1,http://localhost:3500/query/empresa_simulada,1,0,0
1783612254767,2,POST get_monedas,200,OK,Benchmark - Operaciones Normales 1-49,text,true,,1572,255,1,1,http://localhost:3500/query/empresa_simulada,2,0,0
1783612254769,3,POST get_empresa,200,OK,Benchmark - Operaciones Normales 1-49,text,true,,1456,255,1,1,http://localhost:3500/query/empresa_simulada,3,0,0
1783612254772,2,POST get_cuentas_cobrar,200,OK,Benchmark - Operaciones Normales 1-49,text,true,,1981,311,1,1,http://localhost:3500/query/empresa_simulada,2,0,0
1783612254775,2,POST get_bancos,200,OK,Benchmark - Operaciones Normales 1-49,text,true,,1344,254,1,1,http://localhost:3500/query/empresa_simulada,2,0,0
1783612254777,3,POST get_monedas,200,OK,Benchmark - Operaciones Normales 1-49,text,true,,1572,255,1,1,http://localhost:3500/query/empresa_simulada,3,0,0
1783612254780,2,POST get_empresa,200,OK,Benchmark - Operaciones Normales 1-49,text,true,,1456,255,1,1,http://localhost:3500/query/empresa_simulada,2,0,0
1783612254783,4,POST get_cuentas_cobrar,200,OK,Benchmark - Operaciones Normales 1-50,text,true,,1981,311,1,1,http://localhost:3500/query/empresa_simulada,4,0,1
1783612254787,2,POST get_bancos,200,OK,Benchmark - Operaciones Normales 1-50,text,true,,1344,254,1,1,http://localhost:3500/query/empresa_simulada,1,0,0
1783612254789,1,POST get_monedas,200,OK,Benchmark - Operaciones Normales 1-50,text,true,,1572,255,1,1,http://localhost:3500/query/empresa_simulada,1,0,0
1783612254791,2,POST get_empresa,200,OK,Benchmark - Operaciones Normales 1-50,text,true,,1456,255,1,1,http://localhost:3500/query/empresa_simulada,2,0,0
1783612254793,2,POST get_cuentas_cobrar,200,OK,Benchmark - Operaciones Normales 1-50,text,true,,1981,311,1,1,http://localhost:3500/query/empresa_simulada,2,0,0
1783612254795,2,POST get_bancos,200,OK,Benchmark - Operaciones Normales 1-50,text,true,,1344,254,1,1,http://localhost:3500/query/empresa_simulada,2,0,0
1783612254797,1,POST get_monedas,200,OK,Benchmark - Operaciones Normales 1-50,text,true,,1572,255,1,1,http://localhost:3500/query/empresa_simulada,1,0,0
1783612254799,1,POST get_empresa,200,OK,Benchmark - Operaciones Normales 1-50,text,true,,1456,255,1,1,http://localhost:3500/query/empresa_simulada,1,0,0
1783612254801,1,POST get_cuentas_cobrar,200,OK,Benchmark - Operaciones Normales 1-50,text,true,,1981,311,1,1,http://localhost:3500/query/empresa_simulada,1,0,0
1783612254803,2,POST get_bancos,200,OK,Benchmark - Operaciones Normales 1-50,text,true,,1344,254,1,1,http://localhost:3500/query/empresa_simulada,2,0,0
1783612254805,3,POST get_monedas,200,OK,Benchmark - Operaciones Normales 1-50,text,true,,1572,255,1,1,http://localhost:3500/query/empresa_simulada,3,0,0
1783612254808,2,POST get_empresa,200,OK,Benchmark - Operaciones Normales 1-50,text,true,,1456,255,1,1,http://localhost:3500/query/empresa_simulada,2,0,0
1783612254810,2,POST get_cuentas_cobrar,200,OK,Benchmark - Operaciones Normales 1-50,text,true,,1981,311,1,1,http://localhost:3500/query/empresa_simulada,2,0,0
1783612254812,2,POST get_bancos,200,OK,Benchmark - Operaciones Normales 1-50,text,true,,1344,254,1,1,http://localhost:3500/query/empresa_simulada,2,0,0
1783612254814,3,POST get_monedas,200,OK,Benchmark - Operaciones Normales 1-50,text,true,,1572,255,1,1,http://localhost:3500/query/empresa_simulada,3,0,0
1783612254817,2,POST get_empresa,200,OK,Benchmark - Operaciones Normales 1-50,text,true,,1456,255,1,1,http://localhost:3500/query/empresa_simulada,2,0,0
1783612254819,2,POST get_cuentas_cobrar,200,OK,Benchmark - Operaciones Normales 1-50,text,true,,1981,311,1,1,http://localhost:3500/query/empresa_simulada,2,0,0
1783612254821,2,POST get_bancos,200,OK,Benchmark - Operaciones Normales 1-50,text,true,,1344,254,1,1,http://localhost:3500/query/empresa_simulada,2,0,0
1783612254823,2,POST get_monedas,200,OK,Benchmark - Operaciones Normales 1-50,text,true,,1572,255,1,1,http://localhost:3500/query/empresa_simulada,2,0,0
1783612254825,2,POST get_empresa,200,OK,Benchmark - Operaciones Normales 1-50,text,true,,1456,255,1,1,http://localhost:3500/query/empresa_simulada,2,0,0
1783612254827,2,POST get_cuentas_cobrar,200,OK,Benchmark - Operaciones Normales 1-50,text,true,,1981,311,1,1,http://localhost:3500/query/empresa_simulada,2,0,0
1783612254829,3,POST get_bancos,200,OK,Benchmark - Operaciones Normales 1-50,text,true,,1344,254,1,1,http://localhost:3500/query/empresa_simulada,3,0,0
1783612254832,2,POST get_monedas,200,OK,Benchmark - Operaciones Normales 1-50,text,true,,1572,255,1,1,http://localhost:3500/query/empresa_simulada,2,0,0
1783612254834,2,POST get_empresa,200,OK,Benchmark - Operaciones Normales 1-50,text,true,,1456,255,1,1,http://localhost:3500/query/empresa_simulada,2,0,0
1783612254836,2,POST get_cuentas_cobrar,200,OK,Benchmark - Operaciones Normales 1-50,text,true,,1981,311,1,1,http://localhost:3500/query/empresa_simulada,2,0,0
1783612254838,2,POST get_bancos,200,OK,Benchmark - Operaciones Normales 1-50,text,true,,1344,254,1,1,http://localhost:3500/query/empresa_simulada,1,0,0
1783612254840,2,POST get_monedas,200,OK,Benchmark - Operaciones Normales 1-50,text,true,,1572,255,1,1,http://localhost:3500/query/empresa_simulada,2,0,0
1783612254842,2,POST get_empresa,200,OK,Benchmark - Operaciones Normales 1-50,text,true,,1456,255,1,1,http://localhost:3500/query/empresa_simulada,2,0,0
1783612254844,3,POST get_cuentas_cobrar,200,OK,Benchmark - Operaciones Normales 1-50,text,true,,1981,311,1,1,http://localhost:3500/query/empresa_simulada,3,0,0
1783612254847,2,POST get_bancos,200,OK,Benchmark - Operaciones Normales 1-50,text,true,,1344,254,1,1,http://localhost:3500/query/empresa_simulada,2,0,0
1783612254849,2,POST get_monedas,200,OK,Benchmark - Operaciones Normales 1-50,text,true,,1572,255,1,1,http://localhost:3500/query/empresa_simulada,2,0,0
1783612254851,2,POST get_empresa,200,OK,Benchmark - Operaciones Normales 1-50,text,true,,1456,255,1,1,http://localhost:3500/query/empresa_simulada,2,0,0
1783612254853,2,POST get_cuentas_cobrar,200,OK,Benchmark - Operaciones Normales 1-50,text,true,,1981,311,1,1,http://localhost:3500/query/empresa_simulada,2,0,0
1783612254855,2,POST get_bancos,200,OK,Benchmark - Operaciones Normales 1-50,text,true,,1344,254,1,1,http://localhost:3500/query/empresa_simulada,2,0,0
1783612254858,2,POST get_monedas,200,OK,Benchmark - Operaciones Normales 1-50,text,true,,1572,255,1,1,http://localhost:3500/query/empresa_simulada,1,0,0
1783612254860,1,POST get_empresa,200,OK,Benchmark - Operaciones Normales 1-50,text,true,,1456,255,1,1,http://localhost:3500/query/empresa_simulada,1,0,0
1783612254862,1,POST get_cuentas_cobrar,200,OK,Benchmark - Operaciones Normales 1-50,text,true,,1981,311,1,1,http://localhost:3500/query/empresa_simulada,1,0,0
1783612254864,1,POST get_bancos,200,OK,Benchmark - Operaciones Normales 1-50,text,true,,1344,254,1,1,http://localhost:3500/query/empresa_simulada,1,0,0
1783612254865,2,POST get_monedas,200,OK,Benchmark - Operaciones Normales 1-50,text,true,,1572,255,1,1,http://localhost:3500/query/empresa_simulada,2,0,0
1783612254867,2,POST get_empresa,200,OK,Benchmark - Operaciones Normales 1-50,text,true,,1456,255,1,1,http://localhost:3500/query/empresa_simulada,2,0,0
1783612254883,4,POST get_cuentas_cobrar,200,OK,Benchmark - Operaciones Normales 1-51,text,true,,1981,311,1,1,http://localhost:3500/query/empresa_simulada,4,0,1
1783612254887,2,POST get_bancos,200,OK,Benchmark - Operaciones Normales 1-51,text,true,,1344,254,1,1,http://localhost:3500/query/empresa_simulada,2,0,0
1783612254889,2,POST get_monedas,200,OK,Benchmark - Operaciones Normales 1-51,text,true,,1572,255,1,1,http://localhost:3500/query/empresa_simulada,2,0,0
1783612254891,2,POST get_empresa,200,OK,Benchmark - Operaciones Normales 1-51,text,true,,1456,255,1,1,http://localhost:3500/query/empresa_simulada,2,0,0
1783612254894,2,POST get_cuentas_cobrar,200,OK,Benchmark - Operaciones Normales 1-51,text,true,,1981,311,1,1,http://localhost:3500/query/empresa_simulada,1,0,0
1783612254896,1,POST get_bancos,200,OK,Benchmark - Operaciones Normales 1-51,text,true,,1344,254,1,1,http://localhost:3500/query/empresa_simulada,1,0,0
1783612254898,2,POST get_monedas,200,OK,Benchmark - Operaciones Normales 1-51,text,true,,1572,255,1,1,http://localhost:3500/query/empresa_simulada,2,0,0
1783612254900,2,POST get_empresa,200,OK,Benchmark - Operaciones Normales 1-51,text,true,,1456,255,1,1,http://localhost:3500/query/empresa_simulada,1,0,0
1783612254902,2,POST get_cuentas_cobrar,200,OK,Benchmark - Operaciones Normales 1-51,text,true,,1981,311,1,1,http://localhost:3500/query/empresa_simulada,2,0,0
1783612254904,2,POST get_bancos,200,OK,Benchmark - Operaciones Normales 1-51,text,true,,1344,254,1,1,http://localhost:3500/query/empresa_simulada,2,0,0
1783612254906,2,POST get_monedas,200,OK,Benchmark - Operaciones Normales 1-51,text,true,,1572,255,1,1,http://localhost:3500/query/empresa_simulada,2,0,0
1783612254908,1,POST get_empresa,200,OK,Benchmark - Operaciones Normales 1-51,text,true,,1456,255,1,1,http://localhost:3500/query/empresa_simulada,1,0,0
1783612254910,1,POST get_cuentas_cobrar,200,OK,Benchmark - Operaciones Normales 1-51,text,true,,1981,311,1,1,http://localhost:3500/query/empresa_simulada,1,0,0
1783612254912,3,POST get_bancos,200,OK,Benchmark - Operaciones Normales 1-51,text,true,,1344,254,1,1,http://localhost:3500/query/empresa_simulada,3,0,0
1783612254915,2,POST get_monedas,200,OK,Benchmark - Operaciones Normales 1-51,text,true,,1572,255,1,1,http://localhost:3500/query/empresa_simulada,2,0,0
1783612254917,2,POST get_empresa,200,OK,Benchmark - Operaciones Normales 1-51,text,true,,1456,255,1,1,http://localhost:3500/query/empresa_simulada,2,0,0
1783612254919,4,POST get_cuentas_cobrar,200,OK,Benchmark - Operaciones Normales 1-51,text,true,,1981,311,1,1,http://localhost:3500/query/empresa_simulada,4,0,0
1783612254923,2,POST get_bancos,200,OK,Benchmark - Operaciones Normales 1-51,text,true,,1344,254,1,1,http://localhost:3500/query/empresa_simulada,2,0,0
1783612254925,1,POST get_monedas,200,OK,Benchmark - Operaciones Normales 1-51,text,true,,1572,255,1,1,http://localhost:3500/query/empresa_simulada,1,0,0
1783612254927,1,POST get_empresa,200,OK,Benchmark - Operaciones Normales 1-51,text,true,,1456,255,1,1,http://localhost:3500/query/empresa_simulada,1,0,0
1783612254928,2,POST get_cuentas_cobrar,200,OK,Benchmark - Operaciones Normales 1-51,text,true,,1981,311,1,1,http://localhost:3500/query/empresa_simulada,2,0,0
1783612254930,2,POST get_bancos,200,OK,Benchmark - Operaciones Normales 1-51,text,true,,1344,254,1,1,http://localhost:3500/query/empresa_simulada,2,0,0
1783612254932,3,POST get_monedas,200,OK,Benchmark - Operaciones Normales 1-51,text,true,,1572,255,1,1,http://localhost:3500/query/empresa_simulada,3,0,0
1783612254935,2,POST get_empresa,200,OK,Benchmark - Operaciones Normales 1-51,text,true,,1456,255,1,1,http://localhost:3500/query/empresa_simulada,2,0,0
1783612254937,3,POST get_cuentas_cobrar,200,OK,Benchmark - Operaciones Normales 1-51,text,true,,1981,311,1,1,http://localhost:3500/query/empresa_simulada,3,0,0
1783612254940,3,POST get_bancos,200,OK,Benchmark - Operaciones Normales 1-51,text,true,,1344,254,1,1,http://localhost:3500/query/empresa_simulada,3,0,0
1783612254943,2,POST get_monedas,200,OK,Benchmark - Operaciones Normales 1-51,text,true,,1572,255,1,1,http://localhost:3500/query/empresa_simulada,2,0,0
1783612254945,2,POST get_empresa,200,OK,Benchmark - Operaciones Normales 1-51,text,true,,1456,255,1,1,http://localhost:3500/query/empresa_simulada,2,0,0
1783612254947,2,POST get_cuentas_cobrar,200,OK,Benchmark - Operaciones Normales 1-51,text,true,,1981,311,1,1,http://localhost:3500/query/empresa_simulada,2,0,0
1783612254949,2,POST get_bancos,200,OK,Benchmark - Operaciones Normales 1-51,text,true,,1344,254,1,1,http://localhost:3500/query/empresa_simulada,2,0,0
1783612254951,2,POST get_monedas,200,OK,Benchmark - Operaciones Normales 1-51,text,true,,1572,255,1,1,http://localhost:3500/query/empresa_simulada,2,0,0
1783612254953,2,POST get_empresa,200,OK,Benchmark - Operaciones Normales 1-51,text,true,,1456,255,1,1,http://localhost:3500/query/empresa_simulada,2,0,0
1783612254955,2,POST get_cuentas_cobrar,200,OK,Benchmark - Operaciones Normales 1-51,text,true,,1981,311,1,1,http://localhost:3500/query/empresa_simulada,1,0,0
1783612254957,2,POST get_bancos,200,OK,Benchmark - Operaciones Normales 1-51,text,true,,1344,254,1,1,http://localhost:3500/query/empresa_simulada,2,0,0
1783612254959,2,POST get_monedas,200,OK,Benchmark - Operaciones Normales 1-51,text,true,,1572,255,1,1,http://localhost:3500/query/empresa_simulada,2,0,0
1783612254961,3,POST get_empresa,200,OK,Benchmark - Operaciones Normales 1-51,text,true,,1456,255,1,1,http://localhost:3500/query/empresa_simulada,3,0,0
1783612254964,2,POST get_cuentas_cobrar,200,OK,Benchmark - Operaciones Normales 1-51,text,true,,1981,311,1,1,http://localhost:3500/query/empresa_simulada,2,0,0
1783612254967,2,POST get_bancos,200,OK,Benchmark - Operaciones Normales 1-51,text,true,,1344,254,1,1,http://localhost:3500/query/empresa_simulada,2,0,0
1783612254969,2,POST get_monedas,200,OK,Benchmark - Operaciones Normales 1-51,text,true,,1572,255,1,1,http://localhost:3500/query/empresa_simulada,1,0,0
1783612254971,1,POST get_empresa,200,OK,Benchmark - Operaciones Normales 1-51,text,true,,1456,255,1,1,http://localhost:3500/query/empresa_simulada,1,0,0
1783612254983,3,POST get_cuentas_cobrar,200,OK,Benchmark - Operaciones Normales 1-52,text,true,,1981,311,1,1,http://localhost:3500/query/empresa_simulada,3,0,1
1783612254987,1,POST get_bancos,200,OK,Benchmark - Operaciones Normales 1-52,text,true,,1344,254,1,1,http://localhost:3500/query/empresa_simulada,1,0,0
1783612254988,2,POST get_monedas,200,OK,Benchmark - Operaciones Normales 1-52,text,true,,1572,255,1,1,http://localhost:3500/query/empresa_simulada,2,0,0
1783612254991,1,POST get_empresa,200,OK,Benchmark - Operaciones Normales 1-52,text,true,,1456,255,1,1,http://localhost:3500/query/empresa_simulada,1,0,0
1783612254993,3,POST get_cuentas_cobrar,200,OK,Benchmark - Operaciones Normales 1-52,text,true,,1981,311,1,1,http://localhost:3500/query/empresa_simulada,3,0,0
1783612254996,2,POST get_bancos,200,OK,Benchmark - Operaciones Normales 1-52,text,true,,1344,254,1,1,http://localhost:3500/query/empresa_simulada,2,0,0
1783612254998,2,POST get_monedas,200,OK,Benchmark - Operaciones Normales 1-52,text,true,,1572,255,1,1,http://localhost:3500/query/empresa_simulada,2,0,0
1783612255000,2,POST get_empresa,200,OK,Benchmark - Operaciones Normales 1-52,text,true,,1456,255,1,1,http://localhost:3500/query/empresa_simulada,2,0,0
1783612255002,2,POST get_cuentas_cobrar,200,OK,Benchmark - Operaciones Normales 1-52,text,true,,1981,311,1,1,http://localhost:3500/query/empresa_simulada,2,0,0
1783612255004,2,POST get_bancos,200,OK,Benchmark - Operaciones Normales 1-52,text,true,,1344,254,1,1,http://localhost:3500/query/empresa_simulada,2,0,0
1783612255006,2,POST get_monedas,200,OK,Benchmark - Operaciones Normales 1-52,text,true,,1572,255,1,1,http://localhost:3500/query/empresa_simulada,2,0,0
1783612255008,3,POST get_empresa,200,OK,Benchmark - Operaciones Normales 1-52,text,true,,1456,255,1,1,http://localhost:3500/query/empresa_simulada,3,0,0
1783612255011,2,POST get_cuentas_cobrar,200,OK,Benchmark - Operaciones Normales 1-52,text,true,,1981,311,1,1,http://localhost:3500/query/empresa_simulada,2,0,0
1783612255013,2,POST get_bancos,200,OK,Benchmark - Operaciones Normales 1-52,text,true,,1344,254,1,1,http://localhost:3500/query/empresa_simulada,2,0,0
1783612255015,2,POST get_monedas,200,OK,Benchmark - Operaciones Normales 1-52,text,true,,1572,255,1,1,http://localhost:3500/query/empresa_simulada,2,0,0
1783612255017,2,POST get_empresa,200,OK,Benchmark - Operaciones Normales 1-52,text,true,,1456,255,1,1,http://localhost:3500/query/empresa_simulada,2,0,0
1783612255019,2,POST get_cuentas_cobrar,200,OK,Benchmark - Operaciones Normales 1-52,text,true,,1981,311,1,1,http://localhost:3500/query/empresa_simulada,2,0,0
1783612255021,2,POST get_bancos,200,OK,Benchmark - Operaciones Normales 1-52,text,true,,1344,254,1,1,http://localhost:3500/query/empresa_simulada,2,0,0
1783612255023,3,POST get_monedas,200,OK,Benchmark - Operaciones Normales 1-52,text,true,,1572,255,1,1,http://localhost:3500/query/empresa_simulada,3,0,0
1783612255026,2,POST get_empresa,200,OK,Benchmark - Operaciones Normales 1-52,text,true,,1456,255,1,1,http://localhost:3500/query/empresa_simulada,2,0,0
1783612255028,3,POST get_cuentas_cobrar,200,OK,Benchmark - Operaciones Normales 1-52,text,true,,1981,311,1,1,http://localhost:3500/query/empresa_simulada,3,0,0
1783612255031,2,POST get_bancos,200,OK,Benchmark - Operaciones Normales 1-52,text,true,,1344,254,1,1,http://localhost:3500/query/empresa_simulada,2,0,0
1783612255033,2,POST get_monedas,200,OK,Benchmark - Operaciones Normales 1-52,text,true,,1572,255,1,1,http://localhost:3500/query/empresa_simulada,2,0,0
1783612255036,1,POST get_empresa,200,OK,Benchmark - Operaciones Normales 1-52,text,true,,1456,255,1,1,http://localhost:3500/query/empresa_simulada,1,0,0
1783612255037,3,POST get_cuentas_cobrar,200,OK,Benchmark - Operaciones Normales 1-52,text,true,,1981,311,1,1,http://localhost:3500/query/empresa_simulada,3,0,0
1783612255040,2,POST get_bancos,200,OK,Benchmark - Operaciones Normales 1-52,text,true,,1344,254,1,1,http://localhost:3500/query/empresa_simulada,2,0,0
1783612255042,2,POST get_monedas,200,OK,Benchmark - Operaciones Normales 1-52,text,true,,1572,255,1,1,http://localhost:3500/query/empresa_simulada,2,0,0
1783612255044,2,POST get_empresa,200,OK,Benchmark - Operaciones Normales 1-52,text,true,,1456,255,1,1,http://localhost:3500/query/empresa_simulada,2,0,0
1783612255047,1,POST get_cuentas_cobrar,200,OK,Benchmark - Operaciones Normales 1-52,text,true,,1981,311,1,1,http://localhost:3500/query/empresa_simulada,1,0,0
1783612255049,2,POST get_bancos,200,OK,Benchmark - Operaciones Normales 1-52,text,true,,1344,254,1,1,http://localhost:3500/query/empresa_simulada,2,0,0
1783612255051,2,POST get_monedas,200,OK,Benchmark - Operaciones Normales 1-52,text,true,,1572,255,1,1,http://localhost:3500/query/empresa_simulada,2,0,0
1783612255053,2,POST get_empresa,200,OK,Benchmark - Operaciones Normales 1-52,text,true,,1456,255,1,1,http://localhost:3500/query/empresa_simulada,2,0,0
1783612255055,2,POST get_cuentas_cobrar,200,OK,Benchmark - Operaciones Normales 1-52,text,true,,1981,311,1,1,http://localhost:3500/query/empresa_simulada,2,0,0
1783612255057,2,POST get_bancos,200,OK,Benchmark - Operaciones Normales 1-52,text,true,,1344,254,1,1,http://localhost:3500/query/empresa_simulada,2,0,0
1783612255059,2,POST get_monedas,200,OK,Benchmark - Operaciones Normales 1-52,text,true,,1572,255,1,1,http://localhost:3500/query/empresa_simulada,2,0,0
1783612255061,4,POST get_empresa,200,OK,Benchmark - Operaciones Normales 1-52,text,true,,1456,255,1,1,http://localhost:3500/query/empresa_simulada,4,0,0
1783612255065,4,POST get_cuentas_cobrar,200,OK,Benchmark - Operaciones Normales 1-52,text,true,,1981,311,1,1,http://localhost:3500/query/empresa_simulada,4,0,0
1783612255069,2,POST get_bancos,200,OK,Benchmark - Operaciones Normales 1-52,text,true,,1344,254,1,1,http://localhost:3500/query/empresa_simulada,2,0,0
1783612255072,2,POST get_monedas,200,OK,Benchmark - Operaciones Normales 1-52,text,true,,1572,255,1,1,http://localhost:3500/query/empresa_simulada,2,0,0
1783612255074,2,POST get_empresa,200,OK,Benchmark - Operaciones Normales 1-52,text,true,,1456,255,1,1,http://localhost:3500/query/empresa_simulada,2,0,0
1783612255084,6,POST get_cuentas_cobrar,200,OK,Benchmark - Operaciones Normales 1-53,text,true,,1981,311,1,1,http://localhost:3500/query/empresa_simulada,6,0,1
1783612255090,3,POST get_bancos,200,OK,Benchmark - Operaciones Normales 1-53,text,true,,1344,254,1,1,http://localhost:3500/query/empresa_simulada,3,0,0
1783612255093,2,POST get_monedas,200,OK,Benchmark - Operaciones Normales 1-53,text,true,,1572,255,1,1,http://localhost:3500/query/empresa_simulada,2,0,0
1783612255095,2,POST get_empresa,200,OK,Benchmark - Operaciones Normales 1-53,text,true,,1456,255,1,1,http://localhost:3500/query/empresa_simulada,2,0,0
1783612255097,2,POST get_cuentas_cobrar,200,OK,Benchmark - Operaciones Normales 1-53,text,true,,1981,311,1,1,http://localhost:3500/query/empresa_simulada,2,0,0
1783612255099,2,POST get_bancos,200,OK,Benchmark - Operaciones Normales 1-53,text,true,,1344,254,1,1,http://localhost:3500/query/empresa_simulada,2,0,0
1783612255102,2,POST get_monedas,200,OK,Benchmark - Operaciones Normales 1-53,text,true,,1572,255,1,1,http://localhost:3500/query/empresa_simulada,2,0,0
1783612255104,2,POST get_empresa,200,OK,Benchmark - Operaciones Normales 1-53,text,true,,1456,255,1,1,http://localhost:3500/query/empresa_simulada,2,0,0
1783612255107,2,POST get_cuentas_cobrar,200,OK,Benchmark - Operaciones Normales 1-53,text,true,,1981,311,1,1,http://localhost:3500/query/empresa_simulada,2,0,0
1783612255109,3,POST get_bancos,200,OK,Benchmark - Operaciones Normales 1-53,text,true,,1344,254,1,1,http://localhost:3500/query/empresa_simulada,3,0,0
1783612255112,2,POST get_monedas,200,OK,Benchmark - Operaciones Normales 1-53,text,true,,1572,255,1,1,http://localhost:3500/query/empresa_simulada,2,0,0
1783612255114,3,POST get_empresa,200,OK,Benchmark - Operaciones Normales 1-53,text,true,,1456,255,1,1,http://localhost:3500/query/empresa_simulada,3,0,0
1783612255117,2,POST get_cuentas_cobrar,200,OK,Benchmark - Operaciones Normales 1-53,text,true,,1981,311,1,1,http://localhost:3500/query/empresa_simulada,2,0,0
1783612255119,2,POST get_bancos,200,OK,Benchmark - Operaciones Normales 1-53,text,true,,1344,254,1,1,http://localhost:3500/query/empresa_simulada,2,0,0
1783612255121,3,POST get_monedas,200,OK,Benchmark - Operaciones Normales 1-53,text,true,,1572,255,1,1,http://localhost:3500/query/empresa_simulada,3,0,0
1783612255124,2,POST get_empresa,200,OK,Benchmark - Operaciones Normales 1-53,text,true,,1456,255,1,1,http://localhost:3500/query/empresa_simulada,2,0,0
1783612255126,3,POST get_cuentas_cobrar,200,OK,Benchmark - Operaciones Normales 1-53,text,true,,1981,311,1,1,http://localhost:3500/query/empresa_simulada,3,0,0
1783612255130,2,POST get_bancos,200,OK,Benchmark - Operaciones Normales 1-53,text,true,,1344,254,1,1,http://localhost:3500/query/empresa_simulada,2,0,0
1783612255132,2,POST get_monedas,200,OK,Benchmark - Operaciones Normales 1-53,text,true,,1572,255,1,1,http://localhost:3500/query/empresa_simulada,2,0,0
1783612255134,2,POST get_empresa,200,OK,Benchmark - Operaciones Normales 1-53,text,true,,1456,255,1,1,http://localhost:3500/query/empresa_simulada,2,0,0
1783612255136,2,POST get_cuentas_cobrar,200,OK,Benchmark - Operaciones Normales 1-53,text,true,,1981,311,1,1,http://localhost:3500/query/empresa_simulada,2,0,0
1783612255138,2,POST get_bancos,200,OK,Benchmark - Operaciones Normales 1-53,text,true,,1344,254,1,1,http://localhost:3500/query/empresa_simulada,2,0,0
1783612255141,1,POST get_monedas,200,OK,Benchmark - Operaciones Normales 1-53,text,true,,1572,255,1,1,http://localhost:3500/query/empresa_simulada,1,0,0
1783612255143,2,POST get_empresa,200,OK,Benchmark - Operaciones Normales 1-53,text,true,,1456,255,1,1,http://localhost:3500/query/empresa_simulada,2,0,0
1783612255145,2,POST get_cuentas_cobrar,200,OK,Benchmark - Operaciones Normales 1-53,text,true,,1981,311,1,1,http://localhost:3500/query/empresa_simulada,2,0,0
1783612255147,3,POST get_bancos,200,OK,Benchmark - Operaciones Normales 1-53,text,true,,1344,254,1,1,http://localhost:3500/query/empresa_simulada,3,0,0
1783612255150,2,POST get_monedas,200,OK,Benchmark - Operaciones Normales 1-53,text,true,,1572,255,1,1,http://localhost:3500/query/empresa_simulada,2,0,0
1783612255152,2,POST get_empresa,200,OK,Benchmark - Operaciones Normales 1-53,text,true,,1456,255,1,1,http://localhost:3500/query/empresa_simulada,2,0,0
1783612255154,2,POST get_cuentas_cobrar,200,OK,Benchmark - Operaciones Normales 1-53,text,true,,1981,311,1,1,http://localhost:3500/query/empresa_simulada,2,0,0
1783612255156,3,POST get_bancos,200,OK,Benchmark - Operaciones Normales 1-53,text,true,,1344,254,1,1,http://localhost:3500/query/empresa_simulada,3,0,0
1783612255159,2,POST get_monedas,200,OK,Benchmark - Operaciones Normales 1-53,text,true,,1572,255,1,1,http://localhost:3500/query/empresa_simulada,2,0,0
1783612255162,3,POST get_empresa,200,OK,Benchmark - Operaciones Normales 1-53,text,true,,1456,255,1,1,http://localhost:3500/query/empresa_simulada,3,0,0
1783612255165,2,POST get_cuentas_cobrar,200,OK,Benchmark - Operaciones Normales 1-53,text,true,,1981,311,1,1,http://localhost:3500/query/empresa_simulada,2,0,0
1783612255167,2,POST get_bancos,200,OK,Benchmark - Operaciones Normales 1-53,text,true,,1344,254,1,1,http://localhost:3500/query/empresa_simulada,2,0,0
1783612255169,2,POST get_monedas,200,OK,Benchmark - Operaciones Normales 1-53,text,true,,1572,255,1,1,http://localhost:3500/query/empresa_simulada,2,0,0
1783612255171,2,POST get_empresa,200,OK,Benchmark - Operaciones Normales 1-53,text,true,,1456,255,1,1,http://localhost:3500/query/empresa_simulada,2,0,0
1783612255173,2,POST get_cuentas_cobrar,200,OK,Benchmark - Operaciones Normales 1-53,text,true,,1981,311,1,1,http://localhost:3500/query/empresa_simulada,2,0,0
1783612255175,2,POST get_bancos,200,OK,Benchmark - Operaciones Normales 1-53,text,true,,1344,254,1,1,http://localhost:3500/query/empresa_simulada,2,0,0
1783612255177,2,POST get_monedas,200,OK,Benchmark - Operaciones Normales 1-53,text,true,,1572,255,1,1,http://localhost:3500/query/empresa_simulada,2,0,0
1783612255179,2,POST get_empresa,200,OK,Benchmark - Operaciones Normales 1-53,text,true,,1456,255,1,1,http://localhost:3500/query/empresa_simulada,2,0,0
1783612255185,3,POST get_cuentas_cobrar,200,OK,Benchmark - Operaciones Normales 1-54,text,true,,1981,311,1,1,http://localhost:3500/query/empresa_simulada,3,0,1
1783612255188,2,POST get_bancos,200,OK,Benchmark - Operaciones Normales 1-54,text,true,,1344,254,1,1,http://localhost:3500/query/empresa_simulada,2,0,0
1783612255190,2,POST get_monedas,200,OK,Benchmark - Operaciones Normales 1-54,text,true,,1572,255,1,1,http://localhost:3500/query/empresa_simulada,2,0,0
1783612255192,2,POST get_empresa,200,OK,Benchmark - Operaciones Normales 1-54,text,true,,1456,255,1,1,http://localhost:3500/query/empresa_simulada,2,0,0
1783612255194,2,POST get_cuentas_cobrar,200,OK,Benchmark - Operaciones Normales 1-54,text,true,,1981,311,1,1,http://localhost:3500/query/empresa_simulada,2,0,0
1783612255196,3,POST get_bancos,200,OK,Benchmark - Operaciones Normales 1-54,text,true,,1344,254,1,1,http://localhost:3500/query/empresa_simulada,3,0,0
1783612255199,2,POST get_monedas,200,OK,Benchmark - Operaciones Normales 1-54,text,true,,1572,255,1,1,http://localhost:3500/query/empresa_simulada,2,0,0
1783612255201,2,POST get_empresa,200,OK,Benchmark - Operaciones Normales 1-54,text,true,,1456,255,1,1,http://localhost:3500/query/empresa_simulada,2,0,0
1783612255203,2,POST get_cuentas_cobrar,200,OK,Benchmark - Operaciones Normales 1-54,text,true,,1981,311,1,1,http://localhost:3500/query/empresa_simulada,2,0,0
1783612255205,2,POST get_bancos,200,OK,Benchmark - Operaciones Normales 1-54,text,true,,1344,254,1,1,http://localhost:3500/query/empresa_simulada,2,0,0
1783612255207,2,POST get_monedas,200,OK,Benchmark - Operaciones Normales 1-54,text,true,,1572,255,1,1,http://localhost:3500/query/empresa_simulada,2,0,0
1783612255209,2,POST get_empresa,200,OK,Benchmark - Operaciones Normales 1-54,text,true,,1456,255,1,1,http://localhost:3500/query/empresa_simulada,2,0,0
1783612255211,2,POST get_cuentas_cobrar,200,OK,Benchmark - Operaciones Normales 1-54,text,true,,1981,311,1,1,http://localhost:3500/query/empresa_simulada,2,0,0
1783612255214,1,POST get_bancos,200,OK,Benchmark - Operaciones Normales 1-54,text,true,,1344,254,1,1,http://localhost:3500/query/empresa_simulada,1,0,0
1783612255216,1,POST get_monedas,200,OK,Benchmark - Operaciones Normales 1-54,text,true,,1572,255,1,1,http://localhost:3500/query/empresa_simulada,1,0,0
1783612255217,2,POST get_empresa,200,OK,Benchmark - Operaciones Normales 1-54,text,true,,1456,255,1,1,http://localhost:3500/query/empresa_simulada,2,0,0
1783612255219,2,POST get_cuentas_cobrar,200,OK,Benchmark - Operaciones Normales 1-54,text,true,,1981,311,1,1,http://localhost:3500/query/empresa_simulada,2,0,0
1783612255222,2,POST get_bancos,200,OK,Benchmark - Operaciones Normales 1-54,text,true,,1344,254,1,1,http://localhost:3500/query/empresa_simulada,2,0,0
1783612255225,2,POST get_monedas,200,OK,Benchmark - Operaciones Normales 1-54,text,true,,1572,255,1,1,http://localhost:3500/query/empresa_simulada,2,0,0
1783612255228,2,POST get_empresa,200,OK,Benchmark - Operaciones Normales 1-54,text,true,,1456,255,1,1,http://localhost:3500/query/empresa_simulada,2,0,0
1783612255230,3,POST get_cuentas_cobrar,200,OK,Benchmark - Operaciones Normales 1-54,text,true,,1981,311,1,1,http://localhost:3500/query/empresa_simulada,2,0,0
1783612255233,2,POST get_bancos,200,OK,Benchmark - Operaciones Normales 1-54,text,true,,1344,254,1,1,http://localhost:3500/query/empresa_simulada,2,0,0
1783612255235,2,POST get_monedas,200,OK,Benchmark - Operaciones Normales 1-54,text,true,,1572,255,1,1,http://localhost:3500/query/empresa_simulada,2,0,0
1783612255237,2,POST get_empresa,200,OK,Benchmark - Operaciones Normales 1-54,text,true,,1456,255,1,1,http://localhost:3500/query/empresa_simulada,2,0,0
1783612255239,3,POST get_cuentas_cobrar,200,OK,Benchmark - Operaciones Normales 1-54,text,true,,1981,311,1,1,http://localhost:3500/query/empresa_simulada,3,0,0
1783612255242,2,POST get_bancos,200,OK,Benchmark - Operaciones Normales 1-54,text,true,,1344,254,1,1,http://localhost:3500/query/empresa_simulada,2,0,0
1783612255244,2,POST get_monedas,200,OK,Benchmark - Operaciones Normales 1-54,text,true,,1572,255,1,1,http://localhost:3500/query/empresa_simulada,2,0,0
1783612255246,2,POST get_empresa,200,OK,Benchmark - Operaciones Normales 1-54,text,true,,1456,255,1,1,http://localhost:3500/query/empresa_simulada,2,0,0
1783612255248,2,POST get_cuentas_cobrar,200,OK,Benchmark - Operaciones Normales 1-54,text,true,,1981,311,1,1,http://localhost:3500/query/empresa_simulada,2,0,0
1783612255250,2,POST get_bancos,200,OK,Benchmark - Operaciones Normales 1-54,text,true,,1344,254,1,1,http://localhost:3500/query/empresa_simulada,2,0,0
1783612255252,2,POST get_monedas,200,OK,Benchmark - Operaciones Normales 1-54,text,true,,1572,255,1,1,http://localhost:3500/query/empresa_simulada,2,0,0
1783612255254,2,POST get_empresa,200,OK,Benchmark - Operaciones Normales 1-54,text,true,,1456,255,1,1,http://localhost:3500/query/empresa_simulada,2,0,0
1783612255256,2,POST get_cuentas_cobrar,200,OK,Benchmark - Operaciones Normales 1-54,text,true,,1981,311,1,1,http://localhost:3500/query/empresa_simulada,2,0,0
1783612255258,4,POST get_bancos,200,OK,Benchmark - Operaciones Normales 1-54,text,true,,1344,254,1,1,http://localhost:3500/query/empresa_simulada,4,0,0
1783612255262,2,POST get_monedas,200,OK,Benchmark - Operaciones Normales 1-54,text,true,,1572,255,1,1,http://localhost:3500/query/empresa_simulada,2,0,0
1783612255264,2,POST get_empresa,200,OK,Benchmark - Operaciones Normales 1-54,text,true,,1456,255,1,1,http://localhost:3500/query/empresa_simulada,2,0,0
1783612255266,2,POST get_cuentas_cobrar,200,OK,Benchmark - Operaciones Normales 1-54,text,true,,1981,311,1,1,http://localhost:3500/query/empresa_simulada,2,0,0
1783612255268,2,POST get_bancos,200,OK,Benchmark - Operaciones Normales 1-54,text,true,,1344,254,1,1,http://localhost:3500/query/empresa_simulada,2,0,0
1783612255271,2,POST get_monedas,200,OK,Benchmark - Operaciones Normales 1-54,text,true,,1572,255,1,1,http://localhost:3500/query/empresa_simulada,2,0,0
1783612255273,2,POST get_empresa,200,OK,Benchmark - Operaciones Normales 1-54,text,true,,1456,255,1,1,http://localhost:3500/query/empresa_simulada,2,0,0
1783612255292,5,POST get_cuentas_cobrar,200,OK,Benchmark - Operaciones Normales 1-55,text,true,,1981,311,1,1,http://localhost:3500/query/empresa_simulada,5,0,1
1783612255297,3,POST get_bancos,200,OK,Benchmark - Operaciones Normales 1-55,text,true,,1344,254,1,1,http://localhost:3500/query/empresa_simulada,3,0,0
1783612255300,2,POST get_monedas,200,OK,Benchmark - Operaciones Normales 1-55,text,true,,1572,255,1,1,http://localhost:3500/query/empresa_simulada,2,0,0
1783612255302,4,POST get_empresa,200,OK,Benchmark - Operaciones Normales 1-55,text,true,,1456,255,1,1,http://localhost:3500/query/empresa_simulada,4,0,0
1783612255306,3,POST get_cuentas_cobrar,200,OK,Benchmark - Operaciones Normales 1-55,text,true,,1981,311,1,1,http://localhost:3500/query/empresa_simulada,3,0,0
1783612255309,4,POST get_bancos,200,OK,Benchmark - Operaciones Normales 1-55,text,true,,1344,254,1,1,http://localhost:3500/query/empresa_simulada,4,0,0
1783612255313,3,POST get_monedas,200,OK,Benchmark - Operaciones Normales 1-55,text,true,,1572,255,1,1,http://localhost:3500/query/empresa_simulada,3,0,0
1783612255316,3,POST get_empresa,200,OK,Benchmark - Operaciones Normales 1-55,text,true,,1456,255,1,1,http://localhost:3500/query/empresa_simulada,3,0,0
1783612255319,2,POST get_cuentas_cobrar,200,OK,Benchmark - Operaciones Normales 1-55,text,true,,1981,311,1,1,http://localhost:3500/query/empresa_simulada,2,0,0
1783612255322,1,POST get_bancos,200,OK,Benchmark - Operaciones Normales 1-55,text,true,,1344,254,1,1,http://localhost:3500/query/empresa_simulada,1,0,0
1783612255324,2,POST get_monedas,200,OK,Benchmark - Operaciones Normales 1-55,text,true,,1572,255,1,1,http://localhost:3500/query/empresa_simulada,2,0,0
1783612255326,2,POST get_empresa,200,OK,Benchmark - Operaciones Normales 1-55,text,true,,1456,255,1,1,http://localhost:3500/query/empresa_simulada,2,0,0
1783612255328,2,POST get_cuentas_cobrar,200,OK,Benchmark - Operaciones Normales 1-55,text,true,,1981,311,1,1,http://localhost:3500/query/empresa_simulada,2,0,0
1783612255330,2,POST get_bancos,200,OK,Benchmark - Operaciones Normales 1-55,text,true,,1344,254,1,1,http://localhost:3500/query/empresa_simulada,2,0,0
1783612255332,2,POST get_monedas,200,OK,Benchmark - Operaciones Normales 1-55,text,true,,1572,255,1,1,http://localhost:3500/query/empresa_simulada,2,0,0
1783612255334,2,POST get_empresa,200,OK,Benchmark - Operaciones Normales 1-55,text,true,,1456,255,1,1,http://localhost:3500/query/empresa_simulada,2,0,0
1783612255336,2,POST get_cuentas_cobrar,200,OK,Benchmark - Operaciones Normales 1-55,text,true,,1981,311,1,1,http://localhost:3500/query/empresa_simulada,2,0,0
1783612255338,2,POST get_bancos,200,OK,Benchmark - Operaciones Normales 1-55,text,true,,1344,254,1,1,http://localhost:3500/query/empresa_simulada,2,0,0
1783612255340,3,POST get_monedas,200,OK,Benchmark - Operaciones Normales 1-55,text,true,,1572,255,1,1,http://localhost:3500/query/empresa_simulada,3,0,0
1783612255343,2,POST get_empresa,200,OK,Benchmark - Operaciones Normales 1-55,text,true,,1456,255,1,1,http://localhost:3500/query/empresa_simulada,2,0,0
1783612255345,2,POST get_cuentas_cobrar,200,OK,Benchmark - Operaciones Normales 1-55,text,true,,1981,311,1,1,http://localhost:3500/query/empresa_simulada,2,0,0
1783612255347,2,POST get_bancos,200,OK,Benchmark - Operaciones Normales 1-55,text,true,,1344,254,1,1,http://localhost:3500/query/empresa_simulada,2,0,0
1783612255350,1,POST get_monedas,200,OK,Benchmark - Operaciones Normales 1-55,text,true,,1572,255,1,1,http://localhost:3500/query/empresa_simulada,1,0,0
1783612255352,2,POST get_empresa,200,OK,Benchmark - Operaciones Normales 1-55,text,true,,1456,255,1,1,http://localhost:3500/query/empresa_simulada,2,0,0
1783612255354,3,POST get_cuentas_cobrar,200,OK,Benchmark - Operaciones Normales 1-55,text,true,,1981,311,1,1,http://localhost:3500/query/empresa_simulada,3,0,0
1783612255357,2,POST get_bancos,200,OK,Benchmark - Operaciones Normales 1-55,text,true,,1344,254,1,1,http://localhost:3500/query/empresa_simulada,2,0,0
1783612255360,2,POST get_monedas,200,OK,Benchmark - Operaciones Normales 1-55,text,true,,1572,255,1,1,http://localhost:3500/query/empresa_simulada,2,0,0
1783612255362,2,POST get_empresa,200,OK,Benchmark - Operaciones Normales 1-55,text,true,,1456,255,1,1,http://localhost:3500/query/empresa_simulada,2,0,0
1783612255364,2,POST get_cuentas_cobrar,200,OK,Benchmark - Operaciones Normales 1-55,text,true,,1981,311,1,1,http://localhost:3500/query/empresa_simulada,2,0,0
1783612255366,2,POST get_bancos,200,OK,Benchmark - Operaciones Normales 1-55,text,true,,1344,254,1,1,http://localhost:3500/query/empresa_simulada,2,0,0
1783612255368,2,POST get_monedas,200,OK,Benchmark - Operaciones Normales 1-55,text,true,,1572,255,1,1,http://localhost:3500/query/empresa_simulada,2,0,0
1783612255370,2,POST get_empresa,200,OK,Benchmark - Operaciones Normales 1-55,text,true,,1456,255,1,1,http://localhost:3500/query/empresa_simulada,2,0,0
1783612255372,2,POST get_cuentas_cobrar,200,OK,Benchmark - Operaciones Normales 1-55,text,true,,1981,311,1,1,http://localhost:3500/query/empresa_simulada,2,0,0
1783612255374,2,POST get_bancos,200,OK,Benchmark - Operaciones Normales 1-55,text,true,,1344,254,1,1,http://localhost:3500/query/empresa_simulada,2,0,0
1783612255376,2,POST get_monedas,200,OK,Benchmark - Operaciones Normales 1-55,text,true,,1572,255,1,1,http://localhost:3500/query/empresa_simulada,2,0,0
1783612255378,2,POST get_empresa,200,OK,Benchmark - Operaciones Normales 1-55,text,true,,1456,255,1,1,http://localhost:3500/query/empresa_simulada,2,0,0
1783612255380,2,POST get_cuentas_cobrar,200,OK,Benchmark - Operaciones Normales 1-55,text,true,,1981,311,1,1,http://localhost:3500/query/empresa_simulada,2,0,0
1783612255382,2,POST get_bancos,200,OK,Benchmark - Operaciones Normales 1-55,text,true,,1344,254,2,2,http://localhost:3500/query/empresa_simulada,2,0,0
1783612255385,2,POST get_monedas,200,OK,Benchmark - Operaciones Normales 1-55,text,true,,1572,255,2,2,http://localhost:3500/query/empresa_simulada,2,0,0
1783612255384,3,POST get_cuentas_cobrar,200,OK,Benchmark - Operaciones Normales 1-56,text,true,,1981,311,2,2,http://localhost:3500/query/empresa_simulada,3,0,1
1783612255387,2,POST get_empresa,200,OK,Benchmark - Operaciones Normales 1-55,text,true,,1456,255,2,2,http://localhost:3500/query/empresa_simulada,2,0,0
1783612255387,3,POST get_bancos,200,OK,Benchmark - Operaciones Normales 1-56,text,true,,1344,254,1,1,http://localhost:3500/query/empresa_simulada,3,0,0
1783612255390,4,POST get_monedas,200,OK,Benchmark - Operaciones Normales 1-56,text,true,,1572,255,1,1,http://localhost:3500/query/empresa_simulada,4,0,0
1783612255394,7,POST get_empresa,200,OK,Benchmark - Operaciones Normales 1-56,text,true,,1456,255,1,1,http://localhost:3500/query/empresa_simulada,7,0,0
1783612255401,3,POST get_cuentas_cobrar,200,OK,Benchmark - Operaciones Normales 1-56,text,true,,1981,311,1,1,http://localhost:3500/query/empresa_simulada,3,0,0
1783612255404,2,POST get_bancos,200,OK,Benchmark - Operaciones Normales 1-56,text,true,,1344,254,1,1,http://localhost:3500/query/empresa_simulada,2,0,0
1783612255407,2,POST get_monedas,200,OK,Benchmark - Operaciones Normales 1-56,text,true,,1572,255,1,1,http://localhost:3500/query/empresa_simulada,2,0,0
1783612255409,2,POST get_empresa,200,OK,Benchmark - Operaciones Normales 1-56,text,true,,1456,255,1,1,http://localhost:3500/query/empresa_simulada,2,0,0
1783612255411,1,POST get_cuentas_cobrar,200,OK,Benchmark - Operaciones Normales 1-56,text,true,,1981,311,1,1,http://localhost:3500/query/empresa_simulada,1,0,0
1783612255413,2,POST get_bancos,200,OK,Benchmark - Operaciones Normales 1-56,text,true,,1344,254,1,1,http://localhost:3500/query/empresa_simulada,2,0,0
1783612255415,2,POST get_monedas,200,OK,Benchmark - Operaciones Normales 1-56,text,true,,1572,255,1,1,http://localhost:3500/query/empresa_simulada,2,0,0
1783612255417,2,POST get_empresa,200,OK,Benchmark - Operaciones Normales 1-56,text,true,,1456,255,1,1,http://localhost:3500/query/empresa_simulada,2,0,0
1783612255419,2,POST get_cuentas_cobrar,200,OK,Benchmark - Operaciones Normales 1-56,text,true,,1981,311,1,1,http://localhost:3500/query/empresa_simulada,2,0,0
1783612255421,2,POST get_bancos,200,OK,Benchmark - Operaciones Normales 1-56,text,true,,1344,254,1,1,http://localhost:3500/query/empresa_simulada,2,0,0
1783612255423,2,POST get_monedas,200,OK,Benchmark - Operaciones Normales 1-56,text,true,,1572,255,1,1,http://localhost:3500/query/empresa_simulada,2,0,0
1783612255425,3,POST get_empresa,200,OK,Benchmark - Operaciones Normales 1-56,text,true,,1456,255,1,1,http://localhost:3500/query/empresa_simulada,3,0,0
1783612255428,2,POST get_cuentas_cobrar,200,OK,Benchmark - Operaciones Normales 1-56,text,true,,1981,311,1,1,http://localhost:3500/query/empresa_simulada,2,0,0
1783612255430,3,POST get_bancos,200,OK,Benchmark - Operaciones Normales 1-56,text,true,,1344,254,1,1,http://localhost:3500/query/empresa_simulada,3,0,0
1783612255433,2,POST get_monedas,200,OK,Benchmark - Operaciones Normales 1-56,text,true,,1572,255,1,1,http://localhost:3500/query/empresa_simulada,2,0,0
1783612255435,2,POST get_empresa,200,OK,Benchmark - Operaciones Normales 1-56,text,true,,1456,255,1,1,http://localhost:3500/query/empresa_simulada,2,0,0
1783612255437,2,POST get_cuentas_cobrar,200,OK,Benchmark - Operaciones Normales 1-56,text,true,,1981,311,1,1,http://localhost:3500/query/empresa_simulada,2,0,0
1783612255439,2,POST get_bancos,200,OK,Benchmark - Operaciones Normales 1-56,text,true,,1344,254,1,1,http://localhost:3500/query/empresa_simulada,2,0,0
1783612255441,2,POST get_monedas,200,OK,Benchmark - Operaciones Normales 1-56,text,true,,1572,255,1,1,http://localhost:3500/query/empresa_simulada,2,0,0
1783612255444,1,POST get_empresa,200,OK,Benchmark - Operaciones Normales 1-56,text,true,,1456,255,1,1,http://localhost:3500/query/empresa_simulada,1,0,0
1783612255445,2,POST get_cuentas_cobrar,200,OK,Benchmark - Operaciones Normales 1-56,text,true,,1981,311,1,1,http://localhost:3500/query/empresa_simulada,2,0,0
1783612255447,2,POST get_bancos,200,OK,Benchmark - Operaciones Normales 1-56,text,true,,1344,254,1,1,http://localhost:3500/query/empresa_simulada,2,0,0
1783612255449,2,POST get_monedas,200,OK,Benchmark - Operaciones Normales 1-56,text,true,,1572,255,1,1,http://localhost:3500/query/empresa_simulada,2,0,0
1783612255451,2,POST get_empresa,200,OK,Benchmark - Operaciones Normales 1-56,text,true,,1456,255,1,1,http://localhost:3500/query/empresa_simulada,2,0,0
1783612255453,2,POST get_cuentas_cobrar,200,OK,Benchmark - Operaciones Normales 1-56,text,true,,1981,311,1,1,http://localhost:3500/query/empresa_simulada,2,0,0
1783612255455,2,POST get_bancos,200,OK,Benchmark - Operaciones Normales 1-56,text,true,,1344,254,1,1,http://localhost:3500/query/empresa_simulada,2,0,0
1783612255457,2,POST get_monedas,200,OK,Benchmark - Operaciones Normales 1-56,text,true,,1572,255,1,1,http://localhost:3500/query/empresa_simulada,2,0,0
1783612255459,2,POST get_empresa,200,OK,Benchmark - Operaciones Normales 1-56,text,true,,1456,255,1,1,http://localhost:3500/query/empresa_simulada,2,0,0
1783612255461,2,POST get_cuentas_cobrar,200,OK,Benchmark - Operaciones Normales 1-56,text,true,,1981,311,1,1,http://localhost:3500/query/empresa_simulada,2,0,0
1783612255463,2,POST get_bancos,200,OK,Benchmark - Operaciones Normales 1-56,text,true,,1344,254,1,1,http://localhost:3500/query/empresa_simulada,2,0,0
1783612255465,2,POST get_monedas,200,OK,Benchmark - Operaciones Normales 1-56,text,true,,1572,255,1,1,http://localhost:3500/query/empresa_simulada,2,0,0
1783612255468,2,POST get_empresa,200,OK,Benchmark - Operaciones Normales 1-56,text,true,,1456,255,1,1,http://localhost:3500/query/empresa_simulada,2,0,0
1783612255470,1,POST get_cuentas_cobrar,200,OK,Benchmark - Operaciones Normales 1-56,text,true,,1981,311,1,1,http://localhost:3500/query/empresa_simulada,1,0,0
1783612255472,2,POST get_bancos,200,OK,Benchmark - Operaciones Normales 1-56,text,true,,1344,254,1,1,http://localhost:3500/query/empresa_simulada,2,0,0
1783612255474,3,POST get_monedas,200,OK,Benchmark - Operaciones Normales 1-56,text,true,,1572,255,1,1,http://localhost:3500/query/empresa_simulada,3,0,0
1783612255477,2,POST get_empresa,200,OK,Benchmark - Operaciones Normales 1-56,text,true,,1456,255,1,1,http://localhost:3500/query/empresa_simulada,2,0,0
1783612255484,4,POST get_cuentas_cobrar,200,OK,Benchmark - Operaciones Normales 1-57,text,true,,1981,311,1,1,http://localhost:3500/query/empresa_simulada,4,0,1
1783612255488,3,POST get_bancos,200,OK,Benchmark - Operaciones Normales 1-57,text,true,,1344,254,1,1,http://localhost:3500/query/empresa_simulada,3,0,0
1783612255491,3,POST get_monedas,200,OK,Benchmark - Operaciones Normales 1-57,text,true,,1572,255,1,1,http://localhost:3500/query/empresa_simulada,3,0,0
1783612255494,2,POST get_empresa,200,OK,Benchmark - Operaciones Normales 1-57,text,true,,1456,255,1,1,http://localhost:3500/query/empresa_simulada,2,0,0
1783612255497,2,POST get_cuentas_cobrar,200,OK,Benchmark - Operaciones Normales 1-57,text,true,,1981,311,1,1,http://localhost:3500/query/empresa_simulada,2,0,0
1783612255499,2,POST get_bancos,200,OK,Benchmark - Operaciones Normales 1-57,text,true,,1344,254,1,1,http://localhost:3500/query/empresa_simulada,2,0,0
1783612255501,2,POST get_monedas,200,OK,Benchmark - Operaciones Normales 1-57,text,true,,1572,255,1,1,http://localhost:3500/query/empresa_simulada,2,0,0
1783612255503,2,POST get_empresa,200,OK,Benchmark - Operaciones Normales 1-57,text,true,,1456,255,1,1,http://localhost:3500/query/empresa_simulada,2,0,0
1783612255505,2,POST get_cuentas_cobrar,200,OK,Benchmark - Operaciones Normales 1-57,text,true,,1981,311,1,1,http://localhost:3500/query/empresa_simulada,2,0,0
1783612255507,3,POST get_bancos,200,OK,Benchmark - Operaciones Normales 1-57,text,true,,1344,254,1,1,http://localhost:3500/query/empresa_simulada,3,0,0
1783612255510,2,POST get_monedas,200,OK,Benchmark - Operaciones Normales 1-57,text,true,,1572,255,1,1,http://localhost:3500/query/empresa_simulada,2,0,0
1783612255513,1,POST get_empresa,200,OK,Benchmark - Operaciones Normales 1-57,text,true,,1456,255,1,1,http://localhost:3500/query/empresa_simulada,1,0,0
1783612255515,3,POST get_cuentas_cobrar,200,OK,Benchmark - Operaciones Normales 1-57,text,true,,1981,311,1,1,http://localhost:3500/query/empresa_simulada,3,0,0
1783612255518,3,POST get_bancos,200,OK,Benchmark - Operaciones Normales 1-57,text,true,,1344,254,1,1,http://localhost:3500/query/empresa_simulada,3,0,0
1783612255521,2,POST get_monedas,200,OK,Benchmark - Operaciones Normales 1-57,text,true,,1572,255,1,1,http://localhost:3500/query/empresa_simulada,2,0,0
1783612255523,2,POST get_empresa,200,OK,Benchmark - Operaciones Normales 1-57,text,true,,1456,255,1,1,http://localhost:3500/query/empresa_simulada,2,0,0
1783612255525,2,POST get_cuentas_cobrar,200,OK,Benchmark - Operaciones Normales 1-57,text,true,,1981,311,1,1,http://localhost:3500/query/empresa_simulada,2,0,0
1783612255528,1,POST get_bancos,200,OK,Benchmark - Operaciones Normales 1-57,text,true,,1344,254,1,1,http://localhost:3500/query/empresa_simulada,1,0,0
1783612255529,2,POST get_monedas,200,OK,Benchmark - Operaciones Normales 1-57,text,true,,1572,255,1,1,http://localhost:3500/query/empresa_simulada,2,0,0
1783612255531,3,POST get_empresa,200,OK,Benchmark - Operaciones Normales 1-57,text,true,,1456,255,1,1,http://localhost:3500/query/empresa_simulada,3,0,0
1783612255534,2,POST get_cuentas_cobrar,200,OK,Benchmark - Operaciones Normales 1-57,text,true,,1981,311,1,1,http://localhost:3500/query/empresa_simulada,2,0,0
1783612255536,2,POST get_bancos,200,OK,Benchmark - Operaciones Normales 1-57,text,true,,1344,254,1,1,http://localhost:3500/query/empresa_simulada,2,0,0
1783612255538,3,POST get_monedas,200,OK,Benchmark - Operaciones Normales 1-57,text,true,,1572,255,1,1,http://localhost:3500/query/empresa_simulada,3,0,0
1783612255541,2,POST get_empresa,200,OK,Benchmark - Operaciones Normales 1-57,text,true,,1456,255,1,1,http://localhost:3500/query/empresa_simulada,2,0,0
1783612255543,2,POST get_cuentas_cobrar,200,OK,Benchmark - Operaciones Normales 1-57,text,true,,1981,311,1,1,http://localhost:3500/query/empresa_simulada,2,0,0
1783612255545,1,POST get_bancos,200,OK,Benchmark - Operaciones Normales 1-57,text,true,,1344,254,1,1,http://localhost:3500/query/empresa_simulada,1,0,0
1783612255547,1,POST get_monedas,200,OK,Benchmark - Operaciones Normales 1-57,text,true,,1572,255,1,1,http://localhost:3500/query/empresa_simulada,1,0,0
1783612255549,2,POST get_empresa,200,OK,Benchmark - Operaciones Normales 1-57,text,true,,1456,255,1,1,http://localhost:3500/query/empresa_simulada,2,0,0
1783612255551,3,POST get_cuentas_cobrar,200,OK,Benchmark - Operaciones Normales 1-57,text,true,,1981,311,1,1,http://localhost:3500/query/empresa_simulada,3,0,0
1783612255554,3,POST get_bancos,200,OK,Benchmark - Operaciones Normales 1-57,text,true,,1344,254,1,1,http://localhost:3500/query/empresa_simulada,3,0,0
1783612255557,2,POST get_monedas,200,OK,Benchmark - Operaciones Normales 1-57,text,true,,1572,255,1,1,http://localhost:3500/query/empresa_simulada,2,0,0
1783612255559,2,POST get_empresa,200,OK,Benchmark - Operaciones Normales 1-57,text,true,,1456,255,1,1,http://localhost:3500/query/empresa_simulada,2,0,0
1783612255561,2,POST get_cuentas_cobrar,200,OK,Benchmark - Operaciones Normales 1-57,text,true,,1981,311,1,1,http://localhost:3500/query/empresa_simulada,2,0,0
1783612255563,2,POST get_bancos,200,OK,Benchmark - Operaciones Normales 1-57,text,true,,1344,254,1,1,http://localhost:3500/query/empresa_simulada,2,0,0
1783612255565,2,POST get_monedas,200,OK,Benchmark - Operaciones Normales 1-57,text,true,,1572,255,1,1,http://localhost:3500/query/empresa_simulada,2,0,0
1783612255568,2,POST get_empresa,200,OK,Benchmark - Operaciones Normales 1-57,text,true,,1456,255,1,1,http://localhost:3500/query/empresa_simulada,2,0,0
1783612255570,2,POST get_cuentas_cobrar,200,OK,Benchmark - Operaciones Normales 1-57,text,true,,1981,311,1,1,http://localhost:3500/query/empresa_simulada,2,0,0
1783612255572,2,POST get_bancos,200,OK,Benchmark - Operaciones Normales 1-57,text,true,,1344,254,1,1,http://localhost:3500/query/empresa_simulada,2,0,0
1783612255574,2,POST get_monedas,200,OK,Benchmark - Operaciones Normales 1-57,text,true,,1572,255,1,1,http://localhost:3500/query/empresa_simulada,2,0,0
1783612255576,2,POST get_empresa,200,OK,Benchmark - Operaciones Normales 1-57,text,true,,1456,255,1,1,http://localhost:3500/query/empresa_simulada,2,0,0
1783612255584,3,POST get_cuentas_cobrar,200,OK,Benchmark - Operaciones Normales 1-58,text,true,,1981,311,1,1,http://localhost:3500/query/empresa_simulada,3,0,1
1783612255587,2,POST get_bancos,200,OK,Benchmark - Operaciones Normales 1-58,text,true,,1344,254,1,1,http://localhost:3500/query/empresa_simulada,2,0,0
1783612255589,2,POST get_monedas,200,OK,Benchmark - Operaciones Normales 1-58,text,true,,1572,255,1,1,http://localhost:3500/query/empresa_simulada,2,0,0
1783612255591,3,POST get_empresa,200,OK,Benchmark - Operaciones Normales 1-58,text,true,,1456,255,1,1,http://localhost:3500/query/empresa_simulada,3,0,0
1783612255594,2,POST get_cuentas_cobrar,200,OK,Benchmark - Operaciones Normales 1-58,text,true,,1981,311,1,1,http://localhost:3500/query/empresa_simulada,2,0,0
1783612255596,2,POST get_bancos,200,OK,Benchmark - Operaciones Normales 1-58,text,true,,1344,254,1,1,http://localhost:3500/query/empresa_simulada,2,0,0
1783612255599,3,POST get_monedas,200,OK,Benchmark - Operaciones Normales 1-58,text,true,,1572,255,1,1,http://localhost:3500/query/empresa_simulada,3,0,0
1783612255602,2,POST get_empresa,200,OK,Benchmark - Operaciones Normales 1-58,text,true,,1456,255,1,1,http://localhost:3500/query/empresa_simulada,2,0,0
1783612255604,2,POST get_cuentas_cobrar,200,OK,Benchmark - Operaciones Normales 1-58,text,true,,1981,311,1,1,http://localhost:3500/query/empresa_simulada,2,0,0
1783612255606,2,POST get_bancos,200,OK,Benchmark - Operaciones Normales 1-58,text,true,,1344,254,1,1,http://localhost:3500/query/empresa_simulada,2,0,0
1783612255608,3,POST get_monedas,200,OK,Benchmark - Operaciones Normales 1-58,text,true,,1572,255,1,1,http://localhost:3500/query/empresa_simulada,3,0,0
1783612255611,2,POST get_empresa,200,OK,Benchmark - Operaciones Normales 1-58,text,true,,1456,255,1,1,http://localhost:3500/query/empresa_simulada,2,0,0
1783612255613,2,POST get_cuentas_cobrar,200,OK,Benchmark - Operaciones Normales 1-58,text,true,,1981,311,1,1,http://localhost:3500/query/empresa_simulada,2,0,0
1783612255615,2,POST get_bancos,200,OK,Benchmark - Operaciones Normales 1-58,text,true,,1344,254,1,1,http://localhost:3500/query/empresa_simulada,2,0,0
1783612255617,2,POST get_monedas,200,OK,Benchmark - Operaciones Normales 1-58,text,true,,1572,255,1,1,http://localhost:3500/query/empresa_simulada,2,0,0
1783612255619,2,POST get_empresa,200,OK,Benchmark - Operaciones Normales 1-58,text,true,,1456,255,1,1,http://localhost:3500/query/empresa_simulada,2,0,0
1783612255621,1,POST get_cuentas_cobrar,200,OK,Benchmark - Operaciones Normales 1-58,text,true,,1981,311,1,1,http://localhost:3500/query/empresa_simulada,1,0,0
1783612255623,2,POST get_bancos,200,OK,Benchmark - Operaciones Normales 1-58,text,true,,1344,254,1,1,http://localhost:3500/query/empresa_simulada,2,0,0
1783612255625,2,POST get_monedas,200,OK,Benchmark - Operaciones Normales 1-58,text,true,,1572,255,1,1,http://localhost:3500/query/empresa_simulada,1,0,0
1783612255627,2,POST get_empresa,200,OK,Benchmark - Operaciones Normales 1-58,text,true,,1456,255,1,1,http://localhost:3500/query/empresa_simulada,2,0,0
1783612255629,4,POST get_cuentas_cobrar,200,OK,Benchmark - Operaciones Normales 1-58,text,true,,1981,311,1,1,http://localhost:3500/query/empresa_simulada,4,0,0
1783612255633,2,POST get_bancos,200,OK,Benchmark - Operaciones Normales 1-58,text,true,,1344,254,1,1,http://localhost:3500/query/empresa_simulada,2,0,0
1783612255635,1,POST get_monedas,200,OK,Benchmark - Operaciones Normales 1-58,text,true,,1572,255,1,1,http://localhost:3500/query/empresa_simulada,1,0,0
1783612255637,1,POST get_empresa,200,OK,Benchmark - Operaciones Normales 1-58,text,true,,1456,255,1,1,http://localhost:3500/query/empresa_simulada,1,0,0
1783612255639,1,POST get_cuentas_cobrar,200,OK,Benchmark - Operaciones Normales 1-58,text,true,,1981,311,1,1,http://localhost:3500/query/empresa_simulada,1,0,0
1783612255641,1,POST get_bancos,200,OK,Benchmark - Operaciones Normales 1-58,text,true,,1344,254,1,1,http://localhost:3500/query/empresa_simulada,1,0,0
1783612255643,2,POST get_monedas,200,OK,Benchmark - Operaciones Normales 1-58,text,true,,1572,255,1,1,http://localhost:3500/query/empresa_simulada,2,0,0
1783612255646,1,POST get_empresa,200,OK,Benchmark - Operaciones Normales 1-58,text,true,,1456,255,1,1,http://localhost:3500/query/empresa_simulada,1,0,0
1783612255648,2,POST get_cuentas_cobrar,200,OK,Benchmark - Operaciones Normales 1-58,text,true,,1981,311,1,1,http://localhost:3500/query/empresa_simulada,2,0,0
1783612255650,1,POST get_bancos,200,OK,Benchmark - Operaciones Normales 1-58,text,true,,1344,254,1,1,http://localhost:3500/query/empresa_simulada,1,0,0
1783612255652,1,POST get_monedas,200,OK,Benchmark - Operaciones Normales 1-58,text,true,,1572,255,1,1,http://localhost:3500/query/empresa_simulada,1,0,0
1783612255654,1,POST get_empresa,200,OK,Benchmark - Operaciones Normales 1-58,text,true,,1456,255,1,1,http://localhost:3500/query/empresa_simulada,1,0,0
1783612255656,2,POST get_cuentas_cobrar,200,OK,Benchmark - Operaciones Normales 1-58,text,true,,1981,311,1,1,http://localhost:3500/query/empresa_simulada,2,0,0
1783612255658,2,POST get_bancos,200,OK,Benchmark - Operaciones Normales 1-58,text,true,,1344,254,1,1,http://localhost:3500/query/empresa_simulada,2,0,0
1783612255660,2,POST get_monedas,200,OK,Benchmark - Operaciones Normales 1-58,text,true,,1572,255,1,1,http://localhost:3500/query/empresa_simulada,2,0,0
1783612255663,2,POST get_empresa,200,OK,Benchmark - Operaciones Normales 1-58,text,true,,1456,255,1,1,http://localhost:3500/query/empresa_simulada,2,0,0
1783612255665,2,POST get_cuentas_cobrar,200,OK,Benchmark - Operaciones Normales 1-58,text,true,,1981,311,1,1,http://localhost:3500/query/empresa_simulada,2,0,0
1783612255668,2,POST get_bancos,200,OK,Benchmark - Operaciones Normales 1-58,text,true,,1344,254,1,1,http://localhost:3500/query/empresa_simulada,2,0,0
1783612255670,4,POST get_monedas,200,OK,Benchmark - Operaciones Normales 1-58,text,true,,1572,255,1,1,http://localhost:3500/query/empresa_simulada,4,0,0
1783612255674,2,POST get_empresa,200,OK,Benchmark - Operaciones Normales 1-58,text,true,,1456,255,1,1,http://localhost:3500/query/empresa_simulada,2,0,0
1783612255683,4,POST get_cuentas_cobrar,200,OK,Benchmark - Operaciones Normales 1-59,text,true,,1981,311,1,1,http://localhost:3500/query/empresa_simulada,4,0,1
1783612255687,2,POST get_bancos,200,OK,Benchmark - Operaciones Normales 1-59,text,true,,1344,254,1,1,http://localhost:3500/query/empresa_simulada,2,0,0
1783612255689,3,POST get_monedas,200,OK,Benchmark - Operaciones Normales 1-59,text,true,,1572,255,1,1,http://localhost:3500/query/empresa_simulada,3,0,0
1783612255692,2,POST get_empresa,200,OK,Benchmark - Operaciones Normales 1-59,text,true,,1456,255,1,1,http://localhost:3500/query/empresa_simulada,2,0,0
1783612255694,2,POST get_cuentas_cobrar,200,OK,Benchmark - Operaciones Normales 1-59,text,true,,1981,311,1,1,http://localhost:3500/query/empresa_simulada,2,0,0
1783612255696,1,POST get_bancos,200,OK,Benchmark - Operaciones Normales 1-59,text,true,,1344,254,1,1,http://localhost:3500/query/empresa_simulada,1,0,0
1783612255698,1,POST get_monedas,200,OK,Benchmark - Operaciones Normales 1-59,text,true,,1572,255,1,1,http://localhost:3500/query/empresa_simulada,1,0,0
1783612255699,2,POST get_empresa,200,OK,Benchmark - Operaciones Normales 1-59,text,true,,1456,255,1,1,http://localhost:3500/query/empresa_simulada,2,0,0
1783612255701,2,POST get_cuentas_cobrar,200,OK,Benchmark - Operaciones Normales 1-59,text,true,,1981,311,1,1,http://localhost:3500/query/empresa_simulada,2,0,0
1783612255704,2,POST get_bancos,200,OK,Benchmark - Operaciones Normales 1-59,text,true,,1344,254,1,1,http://localhost:3500/query/empresa_simulada,2,0,0
1783612255706,3,POST get_monedas,200,OK,Benchmark - Operaciones Normales 1-59,text,true,,1572,255,1,1,http://localhost:3500/query/empresa_simulada,3,0,0
1783612255710,1,POST get_empresa,200,OK,Benchmark - Operaciones Normales 1-59,text,true,,1456,255,1,1,http://localhost:3500/query/empresa_simulada,1,0,0
1783612255711,3,POST get_cuentas_cobrar,200,OK,Benchmark - Operaciones Normales 1-59,text,true,,1981,311,1,1,http://localhost:3500/query/empresa_simulada,3,0,0
1783612255714,2,POST get_bancos,200,OK,Benchmark - Operaciones Normales 1-59,text,true,,1344,254,1,1,http://localhost:3500/query/empresa_simulada,2,0,0
1783612255716,3,POST get_monedas,200,OK,Benchmark - Operaciones Normales 1-59,text,true,,1572,255,1,1,http://localhost:3500/query/empresa_simulada,3,0,0
1783612255719,2,POST get_empresa,200,OK,Benchmark - Operaciones Normales 1-59,text,true,,1456,255,1,1,http://localhost:3500/query/empresa_simulada,2,0,0
1783612255721,2,POST get_cuentas_cobrar,200,OK,Benchmark - Operaciones Normales 1-59,text,true,,1981,311,1,1,http://localhost:3500/query/empresa_simulada,2,0,0
1783612255724,1,POST get_bancos,200,OK,Benchmark - Operaciones Normales 1-59,text,true,,1344,254,1,1,http://localhost:3500/query/empresa_simulada,1,0,0
1783612255726,1,POST get_monedas,200,OK,Benchmark - Operaciones Normales 1-59,text,true,,1572,255,1,1,http://localhost:3500/query/empresa_simulada,1,0,0
1783612255727,2,POST get_empresa,200,OK,Benchmark - Operaciones Normales 1-59,text,true,,1456,255,1,1,http://localhost:3500/query/empresa_simulada,2,0,0
1783612255729,2,POST get_cuentas_cobrar,200,OK,Benchmark - Operaciones Normales 1-59,text,true,,1981,311,1,1,http://localhost:3500/query/empresa_simulada,2,0,0
1783612255731,2,POST get_bancos,200,OK,Benchmark - Operaciones Normales 1-59,text,true,,1344,254,1,1,http://localhost:3500/query/empresa_simulada,2,0,0
1783612255733,2,POST get_monedas,200,OK,Benchmark - Operaciones Normales 1-59,text,true,,1572,255,1,1,http://localhost:3500/query/empresa_simulada,2,0,0
1783612255736,1,POST get_empresa,200,OK,Benchmark - Operaciones Normales 1-59,text,true,,1456,255,1,1,http://localhost:3500/query/empresa_simulada,1,0,0
1783612255738,2,POST get_cuentas_cobrar,200,OK,Benchmark - Operaciones Normales 1-59,text,true,,1981,311,1,1,http://localhost:3500/query/empresa_simulada,2,0,0
1783612255740,3,POST get_bancos,200,OK,Benchmark - Operaciones Normales 1-59,text,true,,1344,254,1,1,http://localhost:3500/query/empresa_simulada,3,0,0
1783612255743,2,POST get_monedas,200,OK,Benchmark - Operaciones Normales 1-59,text,true,,1572,255,1,1,http://localhost:3500/query/empresa_simulada,2,0,0
1783612255745,3,POST get_empresa,200,OK,Benchmark - Operaciones Normales 1-59,text,true,,1456,255,1,1,http://localhost:3500/query/empresa_simulada,3,0,0
1783612255748,2,POST get_cuentas_cobrar,200,OK,Benchmark - Operaciones Normales 1-59,text,true,,1981,311,1,1,http://localhost:3500/query/empresa_simulada,2,0,0
1783612255750,2,POST get_bancos,200,OK,Benchmark - Operaciones Normales 1-59,text,true,,1344,254,1,1,http://localhost:3500/query/empresa_simulada,2,0,0
1783612255752,2,POST get_monedas,200,OK,Benchmark - Operaciones Normales 1-59,text,true,,1572,255,1,1,http://localhost:3500/query/empresa_simulada,2,0,0
1783612255755,2,POST get_empresa,200,OK,Benchmark - Operaciones Normales 1-59,text,true,,1456,255,1,1,http://localhost:3500/query/empresa_simulada,2,0,0
1783612255758,2,POST get_cuentas_cobrar,200,OK,Benchmark - Operaciones Normales 1-59,text,true,,1981,311,1,1,http://localhost:3500/query/empresa_simulada,2,0,0
1783612255760,2,POST get_bancos,200,OK,Benchmark - Operaciones Normales 1-59,text,true,,1344,254,1,1,http://localhost:3500/query/empresa_simulada,2,0,0
1783612255762,2,POST get_monedas,200,OK,Benchmark - Operaciones Normales 1-59,text,true,,1572,255,1,1,http://localhost:3500/query/empresa_simulada,2,0,0
1783612255764,2,POST get_empresa,200,OK,Benchmark - Operaciones Normales 1-59,text,true,,1456,255,1,1,http://localhost:3500/query/empresa_simulada,2,0,0
1783612255766,2,POST get_cuentas_cobrar,200,OK,Benchmark - Operaciones Normales 1-59,text,true,,1981,311,1,1,http://localhost:3500/query/empresa_simulada,2,0,0
1783612255768,2,POST get_bancos,200,OK,Benchmark - Operaciones Normales 1-59,text,true,,1344,254,1,1,http://localhost:3500/query/empresa_simulada,2,0,0
1783612255770,2,POST get_monedas,200,OK,Benchmark - Operaciones Normales 1-59,text,true,,1572,255,1,1,http://localhost:3500/query/empresa_simulada,2,0,0
1783612255772,2,POST get_empresa,200,OK,Benchmark - Operaciones Normales 1-59,text,true,,1456,255,1,1,http://localhost:3500/query/empresa_simulada,2,0,0
1783612255785,4,POST get_cuentas_cobrar,200,OK,Benchmark - Operaciones Normales 1-60,text,true,,1981,311,1,1,http://localhost:3500/query/empresa_simulada,4,0,1
1783612255789,2,POST get_bancos,200,OK,Benchmark - Operaciones Normales 1-60,text,true,,1344,254,1,1,http://localhost:3500/query/empresa_simulada,2,0,0
1783612255792,2,POST get_monedas,200,OK,Benchmark - Operaciones Normales 1-60,text,true,,1572,255,1,1,http://localhost:3500/query/empresa_simulada,2,0,0
1783612255795,2,POST get_empresa,200,OK,Benchmark - Operaciones Normales 1-60,text,true,,1456,255,1,1,http://localhost:3500/query/empresa_simulada,2,0,0
1783612255797,3,POST get_cuentas_cobrar,200,OK,Benchmark - Operaciones Normales 1-60,text,true,,1981,311,1,1,http://localhost:3500/query/empresa_simulada,3,0,0
1783612255800,2,POST get_bancos,200,OK,Benchmark - Operaciones Normales 1-60,text,true,,1344,254,1,1,http://localhost:3500/query/empresa_simulada,2,0,0
1783612255803,1,POST get_monedas,200,OK,Benchmark - Operaciones Normales 1-60,text,true,,1572,255,1,1,http://localhost:3500/query/empresa_simulada,1,0,0
1783612255805,1,POST get_empresa,200,OK,Benchmark - Operaciones Normales 1-60,text,true,,1456,255,1,1,http://localhost:3500/query/empresa_simulada,1,0,0
1783612255807,2,POST get_cuentas_cobrar,200,OK,Benchmark - Operaciones Normales 1-60,text,true,,1981,311,1,1,http://localhost:3500/query/empresa_simulada,2,0,0
1783612255809,2,POST get_bancos,200,OK,Benchmark - Operaciones Normales 1-60,text,true,,1344,254,1,1,http://localhost:3500/query/empresa_simulada,2,0,0
1783612255811,2,POST get_monedas,200,OK,Benchmark - Operaciones Normales 1-60,text,true,,1572,255,1,1,http://localhost:3500/query/empresa_simulada,2,0,0
1783612255813,2,POST get_empresa,200,OK,Benchmark - Operaciones Normales 1-60,text,true,,1456,255,1,1,http://localhost:3500/query/empresa_simulada,2,0,0
1783612255815,2,POST get_cuentas_cobrar,200,OK,Benchmark - Operaciones Normales 1-60,text,true,,1981,311,1,1,http://localhost:3500/query/empresa_simulada,2,0,0
1783612255817,3,POST get_bancos,200,OK,Benchmark - Operaciones Normales 1-60,text,true,,1344,254,1,1,http://localhost:3500/query/empresa_simulada,3,0,0
1783612255820,2,POST get_monedas,200,OK,Benchmark - Operaciones Normales 1-60,text,true,,1572,255,1,1,http://localhost:3500/query/empresa_simulada,2,0,0
1783612255822,2,POST get_empresa,200,OK,Benchmark - Operaciones Normales 1-60,text,true,,1456,255,1,1,http://localhost:3500/query/empresa_simulada,2,0,0
1783612255824,2,POST get_cuentas_cobrar,200,OK,Benchmark - Operaciones Normales 1-60,text,true,,1981,311,1,1,http://localhost:3500/query/empresa_simulada,2,0,0
1783612255826,2,POST get_bancos,200,OK,Benchmark - Operaciones Normales 1-60,text,true,,1344,254,1,1,http://localhost:3500/query/empresa_simulada,2,0,0
1783612255828,2,POST get_monedas,200,OK,Benchmark - Operaciones Normales 1-60,text,true,,1572,255,1,1,http://localhost:3500/query/empresa_simulada,2,0,0
1783612255830,3,POST get_empresa,200,OK,Benchmark - Operaciones Normales 1-60,text,true,,1456,255,1,1,http://localhost:3500/query/empresa_simulada,3,0,0
1783612255833,3,POST get_cuentas_cobrar,200,OK,Benchmark - Operaciones Normales 1-60,text,true,,1981,311,1,1,http://localhost:3500/query/empresa_simulada,3,0,0
1783612255836,2,POST get_bancos,200,OK,Benchmark - Operaciones Normales 1-60,text,true,,1344,254,1,1,http://localhost:3500/query/empresa_simulada,2,0,0
1783612255839,2,POST get_monedas,200,OK,Benchmark - Operaciones Normales 1-60,text,true,,1572,255,1,1,http://localhost:3500/query/empresa_simulada,2,0,0
1783612255842,2,POST get_empresa,200,OK,Benchmark - Operaciones Normales 1-60,text,true,,1456,255,1,1,http://localhost:3500/query/empresa_simulada,1,0,0
1783612255844,2,POST get_cuentas_cobrar,200,OK,Benchmark - Operaciones Normales 1-60,text,true,,1981,311,1,1,http://localhost:3500/query/empresa_simulada,2,0,0
1783612255846,2,POST get_bancos,200,OK,Benchmark - Operaciones Normales 1-60,text,true,,1344,254,1,1,http://localhost:3500/query/empresa_simulada,2,0,0
1783612255848,2,POST get_monedas,200,OK,Benchmark - Operaciones Normales 1-60,text,true,,1572,255,1,1,http://localhost:3500/query/empresa_simulada,2,0,0
1783612255850,1,POST get_empresa,200,OK,Benchmark - Operaciones Normales 1-60,text,true,,1456,255,1,1,http://localhost:3500/query/empresa_simulada,1,0,0
1783612255852,2,POST get_cuentas_cobrar,200,OK,Benchmark - Operaciones Normales 1-60,text,true,,1981,311,1,1,http://localhost:3500/query/empresa_simulada,2,0,0
1783612255854,3,POST get_bancos,200,OK,Benchmark - Operaciones Normales 1-60,text,true,,1344,254,1,1,http://localhost:3500/query/empresa_simulada,3,0,0
1783612255857,2,POST get_monedas,200,OK,Benchmark - Operaciones Normales 1-60,text,true,,1572,255,1,1,http://localhost:3500/query/empresa_simulada,2,0,0
1783612255859,2,POST get_empresa,200,OK,Benchmark - Operaciones Normales 1-60,text,true,,1456,255,1,1,http://localhost:3500/query/empresa_simulada,2,0,0
1783612255861,2,POST get_cuentas_cobrar,200,OK,Benchmark - Operaciones Normales 1-60,text,true,,1981,311,1,1,http://localhost:3500/query/empresa_simulada,2,0,0
1783612255863,2,POST get_bancos,200,OK,Benchmark - Operaciones Normales 1-60,text,true,,1344,254,1,1,http://localhost:3500/query/empresa_simulada,2,0,0
1783612255865,2,POST get_monedas,200,OK,Benchmark - Operaciones Normales 1-60,text,true,,1572,255,1,1,http://localhost:3500/query/empresa_simulada,2,0,0
1783612255868,2,POST get_empresa,200,OK,Benchmark - Operaciones Normales 1-60,text,true,,1456,255,1,1,http://localhost:3500/query/empresa_simulada,2,0,0
1783612255870,2,POST get_cuentas_cobrar,200,OK,Benchmark - Operaciones Normales 1-60,text,true,,1981,311,1,1,http://localhost:3500/query/empresa_simulada,2,0,0
1783612255872,2,POST get_bancos,200,OK,Benchmark - Operaciones Normales 1-60,text,true,,1344,254,1,1,http://localhost:3500/query/empresa_simulada,2,0,0
1783612255874,2,POST get_monedas,200,OK,Benchmark - Operaciones Normales 1-60,text,true,,1572,255,1,1,http://localhost:3500/query/empresa_simulada,2,0,0
1783612255876,2,POST get_empresa,200,OK,Benchmark - Operaciones Normales 1-60,text,true,,1456,255,1,1,http://localhost:3500/query/empresa_simulada,2,0,0
1783612255883,4,POST get_cuentas_cobrar,200,OK,Benchmark - Operaciones Normales 1-61,text,true,,1981,311,1,1,http://localhost:3500/query/empresa_simulada,4,0,2
1783612255888,2,POST get_bancos,200,OK,Benchmark - Operaciones Normales 1-61,text,true,,1344,254,1,1,http://localhost:3500/query/empresa_simulada,2,0,0
1783612255890,3,POST get_monedas,200,OK,Benchmark - Operaciones Normales 1-61,text,true,,1572,255,1,1,http://localhost:3500/query/empresa_simulada,3,0,0
1783612255893,3,POST get_empresa,200,OK,Benchmark - Operaciones Normales 1-61,text,true,,1456,255,1,1,http://localhost:3500/query/empresa_simulada,3,0,0
1783612255896,5,POST get_cuentas_cobrar,200,OK,Benchmark - Operaciones Normales 1-61,text,true,,1981,311,1,1,http://localhost:3500/query/empresa_simulada,4,0,0
1783612255901,2,POST get_bancos,200,OK,Benchmark - Operaciones Normales 1-61,text,true,,1344,254,1,1,http://localhost:3500/query/empresa_simulada,2,0,0
1783612255903,2,POST get_monedas,200,OK,Benchmark - Operaciones Normales 1-61,text,true,,1572,255,1,1,http://localhost:3500/query/empresa_simulada,2,0,0
1783612255905,2,POST get_empresa,200,OK,Benchmark - Operaciones Normales 1-61,text,true,,1456,255,1,1,http://localhost:3500/query/empresa_simulada,2,0,0
1783612255908,2,POST get_cuentas_cobrar,200,OK,Benchmark - Operaciones Normales 1-61,text,true,,1981,311,1,1,http://localhost:3500/query/empresa_simulada,2,0,0
1783612255910,3,POST get_bancos,200,OK,Benchmark - Operaciones Normales 1-61,text,true,,1344,254,1,1,http://localhost:3500/query/empresa_simulada,3,0,0
1783612255913,2,POST get_monedas,200,OK,Benchmark - Operaciones Normales 1-61,text,true,,1572,255,1,1,http://localhost:3500/query/empresa_simulada,2,0,0
1783612255916,2,POST get_empresa,200,OK,Benchmark - Operaciones Normales 1-61,text,true,,1456,255,1,1,http://localhost:3500/query/empresa_simulada,2,0,0
1783612255918,2,POST get_cuentas_cobrar,200,OK,Benchmark - Operaciones Normales 1-61,text,true,,1981,311,1,1,http://localhost:3500/query/empresa_simulada,2,0,0
1783612255920,2,POST get_bancos,200,OK,Benchmark - Operaciones Normales 1-61,text,true,,1344,254,1,1,http://localhost:3500/query/empresa_simulada,2,0,0
1783612255922,2,POST get_monedas,200,OK,Benchmark - Operaciones Normales 1-61,text,true,,1572,255,1,1,http://localhost:3500/query/empresa_simulada,2,0,0
1783612255924,2,POST get_empresa,200,OK,Benchmark - Operaciones Normales 1-61,text,true,,1456,255,1,1,http://localhost:3500/query/empresa_simulada,2,0,0
1783612255926,2,POST get_cuentas_cobrar,200,OK,Benchmark - Operaciones Normales 1-61,text,true,,1981,311,1,1,http://localhost:3500/query/empresa_simulada,2,0,0
1783612255928,2,POST get_bancos,200,OK,Benchmark - Operaciones Normales 1-61,text,true,,1344,254,1,1,http://localhost:3500/query/empresa_simulada,2,0,0
1783612255930,3,POST get_monedas,200,OK,Benchmark - Operaciones Normales 1-61,text,true,,1572,255,1,1,http://localhost:3500/query/empresa_simulada,3,0,0
1783612255933,2,POST get_empresa,200,OK,Benchmark - Operaciones Normales 1-61,text,true,,1456,255,1,1,http://localhost:3500/query/empresa_simulada,2,0,0
1783612255935,2,POST get_cuentas_cobrar,200,OK,Benchmark - Operaciones Normales 1-61,text,true,,1981,311,1,1,http://localhost:3500/query/empresa_simulada,2,0,0
1783612255938,1,POST get_bancos,200,OK,Benchmark - Operaciones Normales 1-61,text,true,,1344,254,1,1,http://localhost:3500/query/empresa_simulada,1,0,0
1783612255939,3,POST get_monedas,200,OK,Benchmark - Operaciones Normales 1-61,text,true,,1572,255,1,1,http://localhost:3500/query/empresa_simulada,2,0,0
1783612255942,2,POST get_empresa,200,OK,Benchmark - Operaciones Normales 1-61,text,true,,1456,255,1,1,http://localhost:3500/query/empresa_simulada,2,0,0
1783612255944,2,POST get_cuentas_cobrar,200,OK,Benchmark - Operaciones Normales 1-61,text,true,,1981,311,1,1,http://localhost:3500/query/empresa_simulada,2,0,0
1783612255946,2,POST get_bancos,200,OK,Benchmark - Operaciones Normales 1-61,text,true,,1344,254,1,1,http://localhost:3500/query/empresa_simulada,2,0,0
1783612255948,2,POST get_monedas,200,OK,Benchmark - Operaciones Normales 1-61,text,true,,1572,255,1,1,http://localhost:3500/query/empresa_simulada,2,0,0
1783612255950,3,POST get_empresa,200,OK,Benchmark - Operaciones Normales 1-61,text,true,,1456,255,1,1,http://localhost:3500/query/empresa_simulada,3,0,0
1783612255953,2,POST get_cuentas_cobrar,200,OK,Benchmark - Operaciones Normales 1-61,text,true,,1981,311,1,1,http://localhost:3500/query/empresa_simulada,2,0,0
1783612255956,2,POST get_bancos,200,OK,Benchmark - Operaciones Normales 1-61,text,true,,1344,254,1,1,http://localhost:3500/query/empresa_simulada,2,0,0
1783612255958,2,POST get_monedas,200,OK,Benchmark - Operaciones Normales 1-61,text,true,,1572,255,1,1,http://localhost:3500/query/empresa_simulada,2,0,0
1783612255960,2,POST get_empresa,200,OK,Benchmark - Operaciones Normales 1-61,text,true,,1456,255,1,1,http://localhost:3500/query/empresa_simulada,2,0,0
1783612255962,2,POST get_cuentas_cobrar,200,OK,Benchmark - Operaciones Normales 1-61,text,true,,1981,311,1,1,http://localhost:3500/query/empresa_simulada,2,0,0
1783612255964,2,POST get_bancos,200,OK,Benchmark - Operaciones Normales 1-61,text,true,,1344,254,1,1,http://localhost:3500/query/empresa_simulada,2,0,0
1783612255966,2,POST get_monedas,200,OK,Benchmark - Operaciones Normales 1-61,text,true,,1572,255,1,1,http://localhost:3500/query/empresa_simulada,2,0,0
1783612255968,2,POST get_empresa,200,OK,Benchmark - Operaciones Normales 1-61,text,true,,1456,255,1,1,http://localhost:3500/query/empresa_simulada,2,0,0
1783612255970,2,POST get_cuentas_cobrar,200,OK,Benchmark - Operaciones Normales 1-61,text,true,,1981,311,1,1,http://localhost:3500/query/empresa_simulada,2,0,0
1783612255972,3,POST get_bancos,200,OK,Benchmark - Operaciones Normales 1-61,text,true,,1344,254,1,1,http://localhost:3500/query/empresa_simulada,3,0,0
1783612255975,3,POST get_monedas,200,OK,Benchmark - Operaciones Normales 1-61,text,true,,1572,255,1,1,http://localhost:3500/query/empresa_simulada,3,0,0
1783612255978,2,POST get_empresa,200,OK,Benchmark - Operaciones Normales 1-61,text,true,,1456,255,1,1,http://localhost:3500/query/empresa_simulada,2,0,0
1783612255984,4,POST get_cuentas_cobrar,200,OK,Benchmark - Operaciones Normales 1-62,text,true,,1981,311,1,1,http://localhost:3500/query/empresa_simulada,4,0,1
1783612255988,2,POST get_bancos,200,OK,Benchmark - Operaciones Normales 1-62,text,true,,1344,254,1,1,http://localhost:3500/query/empresa_simulada,1,0,0
1783612255990,2,POST get_monedas,200,OK,Benchmark - Operaciones Normales 1-62,text,true,,1572,255,1,1,http://localhost:3500/query/empresa_simulada,2,0,0
1783612255992,2,POST get_empresa,200,OK,Benchmark - Operaciones Normales 1-62,text,true,,1456,255,1,1,http://localhost:3500/query/empresa_simulada,2,0,0
1783612255994,2,POST get_cuentas_cobrar,200,OK,Benchmark - Operaciones Normales 1-62,text,true,,1981,311,1,1,http://localhost:3500/query/empresa_simulada,2,0,0
1783612255997,1,POST get_bancos,200,OK,Benchmark - Operaciones Normales 1-62,text,true,,1344,254,1,1,http://localhost:3500/query/empresa_simulada,1,0,0
1783612255999,1,POST get_monedas,200,OK,Benchmark - Operaciones Normales 1-62,text,true,,1572,255,1,1,http://localhost:3500/query/empresa_simulada,1,0,0
1783612256000,2,POST get_empresa,200,OK,Benchmark - Operaciones Normales 1-62,text,true,,1456,255,1,1,http://localhost:3500/query/empresa_simulada,2,0,0
1783612256002,2,POST get_cuentas_cobrar,200,OK,Benchmark - Operaciones Normales 1-62,text,true,,1981,311,1,1,http://localhost:3500/query/empresa_simulada,2,0,0
1783612256004,2,POST get_bancos,200,OK,Benchmark - Operaciones Normales 1-62,text,true,,1344,254,1,1,http://localhost:3500/query/empresa_simulada,2,0,0
1783612256006,3,POST get_monedas,200,OK,Benchmark - Operaciones Normales 1-62,text,true,,1572,255,1,1,http://localhost:3500/query/empresa_simulada,3,0,0
1783612256009,2,POST get_empresa,200,OK,Benchmark - Operaciones Normales 1-62,text,true,,1456,255,1,1,http://localhost:3500/query/empresa_simulada,2,0,0
1783612256011,2,POST get_cuentas_cobrar,200,OK,Benchmark - Operaciones Normales 1-62,text,true,,1981,311,1,1,http://localhost:3500/query/empresa_simulada,2,0,0
1783612256013,2,POST get_bancos,200,OK,Benchmark - Operaciones Normales 1-62,text,true,,1344,254,1,1,http://localhost:3500/query/empresa_simulada,2,0,0
1783612256015,2,POST get_monedas,200,OK,Benchmark - Operaciones Normales 1-62,text,true,,1572,255,1,1,http://localhost:3500/query/empresa_simulada,2,0,0
1783612256017,2,POST get_empresa,200,OK,Benchmark - Operaciones Normales 1-62,text,true,,1456,255,1,1,http://localhost:3500/query/empresa_simulada,2,0,0
1783612256019,2,POST get_cuentas_cobrar,200,OK,Benchmark - Operaciones Normales 1-62,text,true,,1981,311,1,1,http://localhost:3500/query/empresa_simulada,2,0,0
1783612256021,2,POST get_bancos,200,OK,Benchmark - Operaciones Normales 1-62,text,true,,1344,254,1,1,http://localhost:3500/query/empresa_simulada,2,0,0
1783612256023,2,POST get_monedas,200,OK,Benchmark - Operaciones Normales 1-62,text,true,,1572,255,1,1,http://localhost:3500/query/empresa_simulada,2,0,0
1783612256025,2,POST get_empresa,200,OK,Benchmark - Operaciones Normales 1-62,text,true,,1456,255,1,1,http://localhost:3500/query/empresa_simulada,2,0,0
1783612256027,2,POST get_cuentas_cobrar,200,OK,Benchmark - Operaciones Normales 1-62,text,true,,1981,311,1,1,http://localhost:3500/query/empresa_simulada,2,0,0
1783612256029,2,POST get_bancos,200,OK,Benchmark - Operaciones Normales 1-62,text,true,,1344,254,1,1,http://localhost:3500/query/empresa_simulada,2,0,0
1783612256031,2,POST get_monedas,200,OK,Benchmark - Operaciones Normales 1-62,text,true,,1572,255,1,1,http://localhost:3500/query/empresa_simulada,2,0,0
1783612256033,2,POST get_empresa,200,OK,Benchmark - Operaciones Normales 1-62,text,true,,1456,255,1,1,http://localhost:3500/query/empresa_simulada,2,0,0
1783612256035,2,POST get_cuentas_cobrar,200,OK,Benchmark - Operaciones Normales 1-62,text,true,,1981,311,1,1,http://localhost:3500/query/empresa_simulada,2,0,0
1783612256037,2,POST get_bancos,200,OK,Benchmark - Operaciones Normales 1-62,text,true,,1344,254,1,1,http://localhost:3500/query/empresa_simulada,2,0,0
1783612256039,2,POST get_monedas,200,OK,Benchmark - Operaciones Normales 1-62,text,true,,1572,255,1,1,http://localhost:3500/query/empresa_simulada,2,0,0
1783612256041,2,POST get_empresa,200,OK,Benchmark - Operaciones Normales 1-62,text,true,,1456,255,1,1,http://localhost:3500/query/empresa_simulada,2,0,0
1783612256043,2,POST get_cuentas_cobrar,200,OK,Benchmark - Operaciones Normales 1-62,text,true,,1981,311,1,1,http://localhost:3500/query/empresa_simulada,2,0,0
1783612256045,2,POST get_bancos,200,OK,Benchmark - Operaciones Normales 1-62,text,true,,1344,254,1,1,http://localhost:3500/query/empresa_simulada,2,0,0
1783612256047,3,POST get_monedas,200,OK,Benchmark - Operaciones Normales 1-62,text,true,,1572,255,1,1,http://localhost:3500/query/empresa_simulada,3,0,0
1783612256050,2,POST get_empresa,200,OK,Benchmark - Operaciones Normales 1-62,text,true,,1456,255,1,1,http://localhost:3500/query/empresa_simulada,2,0,0
1783612256052,2,POST get_cuentas_cobrar,200,OK,Benchmark - Operaciones Normales 1-62,text,true,,1981,311,1,1,http://localhost:3500/query/empresa_simulada,2,0,0
1783612256054,1,POST get_bancos,200,OK,Benchmark - Operaciones Normales 1-62,text,true,,1344,254,1,1,http://localhost:3500/query/empresa_simulada,1,0,0
1783612256056,2,POST get_monedas,200,OK,Benchmark - Operaciones Normales 1-62,text,true,,1572,255,1,1,http://localhost:3500/query/empresa_simulada,2,0,0
1783612256058,2,POST get_empresa,200,OK,Benchmark - Operaciones Normales 1-62,text,true,,1456,255,1,1,http://localhost:3500/query/empresa_simulada,2,0,0
1783612256060,1,POST get_cuentas_cobrar,200,OK,Benchmark - Operaciones Normales 1-62,text,true,,1981,311,1,1,http://localhost:3500/query/empresa_simulada,1,0,0
1783612256062,1,POST get_bancos,200,OK,Benchmark - Operaciones Normales 1-62,text,true,,1344,254,1,1,http://localhost:3500/query/empresa_simulada,1,0,0
1783612256064,1,POST get_monedas,200,OK,Benchmark - Operaciones Normales 1-62,text,true,,1572,255,1,1,http://localhost:3500/query/empresa_simulada,1,0,0
1783612256066,2,POST get_empresa,200,OK,Benchmark - Operaciones Normales 1-62,text,true,,1456,255,1,1,http://localhost:3500/query/empresa_simulada,2,0,0
1783612256084,6,POST get_cuentas_cobrar,200,OK,Benchmark - Operaciones Normales 1-63,text,true,,1981,311,1,1,http://localhost:3500/query/empresa_simulada,6,0,1
1783612256090,2,POST get_bancos,200,OK,Benchmark - Operaciones Normales 1-63,text,true,,1344,254,1,1,http://localhost:3500/query/empresa_simulada,2,0,0
1783612256092,2,POST get_monedas,200,OK,Benchmark - Operaciones Normales 1-63,text,true,,1572,255,1,1,http://localhost:3500/query/empresa_simulada,2,0,0
1783612256094,1,POST get_empresa,200,OK,Benchmark - Operaciones Normales 1-63,text,true,,1456,255,1,1,http://localhost:3500/query/empresa_simulada,1,0,0
1783612256096,1,POST get_cuentas_cobrar,200,OK,Benchmark - Operaciones Normales 1-63,text,true,,1981,311,1,1,http://localhost:3500/query/empresa_simulada,1,0,0
1783612256098,1,POST get_bancos,200,OK,Benchmark - Operaciones Normales 1-63,text,true,,1344,254,1,1,http://localhost:3500/query/empresa_simulada,1,0,0
1783612256100,1,POST get_monedas,200,OK,Benchmark - Operaciones Normales 1-63,text,true,,1572,255,1,1,http://localhost:3500/query/empresa_simulada,1,0,0
1783612256102,1,POST get_empresa,200,OK,Benchmark - Operaciones Normales 1-63,text,true,,1456,255,1,1,http://localhost:3500/query/empresa_simulada,1,0,0
1783612256104,1,POST get_cuentas_cobrar,200,OK,Benchmark - Operaciones Normales 1-63,text,true,,1981,311,1,1,http://localhost:3500/query/empresa_simulada,1,0,0
1783612256105,3,POST get_bancos,200,OK,Benchmark - Operaciones Normales 1-63,text,true,,1344,254,1,1,http://localhost:3500/query/empresa_simulada,3,0,0
1783612256108,2,POST get_monedas,200,OK,Benchmark - Operaciones Normales 1-63,text,true,,1572,255,1,1,http://localhost:3500/query/empresa_simulada,2,0,0
1783612256110,2,POST get_empresa,200,OK,Benchmark - Operaciones Normales 1-63,text,true,,1456,255,1,1,http://localhost:3500/query/empresa_simulada,2,0,0
1783612256112,2,POST get_cuentas_cobrar,200,OK,Benchmark - Operaciones Normales 1-63,text,true,,1981,311,1,1,http://localhost:3500/query/empresa_simulada,2,0,0
1783612256114,2,POST get_bancos,200,OK,Benchmark - Operaciones Normales 1-63,text,true,,1344,254,1,1,http://localhost:3500/query/empresa_simulada,2,0,0
1783612256116,3,POST get_monedas,200,OK,Benchmark - Operaciones Normales 1-63,text,true,,1572,255,1,1,http://localhost:3500/query/empresa_simulada,3,0,0
1783612256119,2,POST get_empresa,200,OK,Benchmark - Operaciones Normales 1-63,text,true,,1456,255,1,1,http://localhost:3500/query/empresa_simulada,2,0,0
1783612256121,2,POST get_cuentas_cobrar,200,OK,Benchmark - Operaciones Normales 1-63,text,true,,1981,311,1,1,http://localhost:3500/query/empresa_simulada,2,0,0
1783612256123,2,POST get_bancos,200,OK,Benchmark - Operaciones Normales 1-63,text,true,,1344,254,1,1,http://localhost:3500/query/empresa_simulada,2,0,0
1783612256125,2,POST get_monedas,200,OK,Benchmark - Operaciones Normales 1-63,text,true,,1572,255,1,1,http://localhost:3500/query/empresa_simulada,2,0,0
1783612256127,2,POST get_empresa,200,OK,Benchmark - Operaciones Normales 1-63,text,true,,1456,255,1,1,http://localhost:3500/query/empresa_simulada,2,0,0
1783612256129,1,POST get_cuentas_cobrar,200,OK,Benchmark - Operaciones Normales 1-63,text,true,,1981,311,1,1,http://localhost:3500/query/empresa_simulada,1,0,0
1783612256131,1,POST get_bancos,200,OK,Benchmark - Operaciones Normales 1-63,text,true,,1344,254,1,1,http://localhost:3500/query/empresa_simulada,1,0,0
1783612256133,1,POST get_monedas,200,OK,Benchmark - Operaciones Normales 1-63,text,true,,1572,255,1,1,http://localhost:3500/query/empresa_simulada,1,0,0
1783612256135,2,POST get_empresa,200,OK,Benchmark - Operaciones Normales 1-63,text,true,,1456,255,1,1,http://localhost:3500/query/empresa_simulada,2,0,0
1783612256137,2,POST get_cuentas_cobrar,200,OK,Benchmark - Operaciones Normales 1-63,text,true,,1981,311,1,1,http://localhost:3500/query/empresa_simulada,2,0,0
1783612256139,2,POST get_bancos,200,OK,Benchmark - Operaciones Normales 1-63,text,true,,1344,254,1,1,http://localhost:3500/query/empresa_simulada,2,0,0
1783612256141,2,POST get_monedas,200,OK,Benchmark - Operaciones Normales 1-63,text,true,,1572,255,1,1,http://localhost:3500/query/empresa_simulada,2,0,0
1783612256143,1,POST get_empresa,200,OK,Benchmark - Operaciones Normales 1-63,text,true,,1456,255,1,1,http://localhost:3500/query/empresa_simulada,1,0,0
1783612256145,2,POST get_cuentas_cobrar,200,OK,Benchmark - Operaciones Normales 1-63,text,true,,1981,311,1,1,http://localhost:3500/query/empresa_simulada,2,0,0
1783612256147,2,POST get_bancos,200,OK,Benchmark - Operaciones Normales 1-63,text,true,,1344,254,1,1,http://localhost:3500/query/empresa_simulada,2,0,0
1783612256149,2,POST get_monedas,200,OK,Benchmark - Operaciones Normales 1-63,text,true,,1572,255,1,1,http://localhost:3500/query/empresa_simulada,2,0,0
1783612256151,2,POST get_empresa,200,OK,Benchmark - Operaciones Normales 1-63,text,true,,1456,255,1,1,http://localhost:3500/query/empresa_simulada,2,0,0
1783612256153,2,POST get_cuentas_cobrar,200,OK,Benchmark - Operaciones Normales 1-63,text,true,,1981,311,1,1,http://localhost:3500/query/empresa_simulada,2,0,0
1783612256155,2,POST get_bancos,200,OK,Benchmark - Operaciones Normales 1-63,text,true,,1344,254,1,1,http://localhost:3500/query/empresa_simulada,2,0,0
1783612256157,2,POST get_monedas,200,OK,Benchmark - Operaciones Normales 1-63,text,true,,1572,255,1,1,http://localhost:3500/query/empresa_simulada,2,0,0
1783612256159,1,POST get_empresa,200,OK,Benchmark - Operaciones Normales 1-63,text,true,,1456,255,1,1,http://localhost:3500/query/empresa_simulada,1,0,0
1783612256161,1,POST get_cuentas_cobrar,200,OK,Benchmark - Operaciones Normales 1-63,text,true,,1981,311,1,1,http://localhost:3500/query/empresa_simulada,1,0,0
1783612256162,2,POST get_bancos,200,OK,Benchmark - Operaciones Normales 1-63,text,true,,1344,254,1,1,http://localhost:3500/query/empresa_simulada,2,0,0
1783612256164,2,POST get_monedas,200,OK,Benchmark - Operaciones Normales 1-63,text,true,,1572,255,1,1,http://localhost:3500/query/empresa_simulada,2,0,0
1783612256166,2,POST get_empresa,200,OK,Benchmark - Operaciones Normales 1-63,text,true,,1456,255,1,1,http://localhost:3500/query/empresa_simulada,2,0,0
1783612256183,4,POST get_cuentas_cobrar,200,OK,Benchmark - Operaciones Normales 1-64,text,true,,1981,311,1,1,http://localhost:3500/query/empresa_simulada,4,0,1
1783612256187,2,POST get_bancos,200,OK,Benchmark - Operaciones Normales 1-64,text,true,,1344,254,1,1,http://localhost:3500/query/empresa_simulada,2,0,0
1783612256189,2,POST get_monedas,200,OK,Benchmark - Operaciones Normales 1-64,text,true,,1572,255,1,1,http://localhost:3500/query/empresa_simulada,1,0,0
1783612256191,2,POST get_empresa,200,OK,Benchmark - Operaciones Normales 1-64,text,true,,1456,255,1,1,http://localhost:3500/query/empresa_simulada,1,0,0
1783612256193,1,POST get_cuentas_cobrar,200,OK,Benchmark - Operaciones Normales 1-64,text,true,,1981,311,1,1,http://localhost:3500/query/empresa_simulada,1,0,0
1783612256195,1,POST get_bancos,200,OK,Benchmark - Operaciones Normales 1-64,text,true,,1344,254,1,1,http://localhost:3500/query/empresa_simulada,1,0,0
1783612256197,3,POST get_monedas,200,OK,Benchmark - Operaciones Normales 1-64,text,true,,1572,255,1,1,http://localhost:3500/query/empresa_simulada,3,0,0
1783612256200,3,POST get_empresa,200,OK,Benchmark - Operaciones Normales 1-64,text,true,,1456,255,1,1,http://localhost:3500/query/empresa_simulada,3,0,0
1783612256203,2,POST get_cuentas_cobrar,200,OK,Benchmark - Operaciones Normales 1-64,text,true,,1981,311,1,1,http://localhost:3500/query/empresa_simulada,2,0,0
1783612256205,2,POST get_bancos,200,OK,Benchmark - Operaciones Normales 1-64,text,true,,1344,254,1,1,http://localhost:3500/query/empresa_simulada,2,0,0
1783612256207,2,POST get_monedas,200,OK,Benchmark - Operaciones Normales 1-64,text,true,,1572,255,1,1,http://localhost:3500/query/empresa_simulada,2,0,0
1783612256209,2,POST get_empresa,200,OK,Benchmark - Operaciones Normales 1-64,text,true,,1456,255,1,1,http://localhost:3500/query/empresa_simulada,2,0,0
1783612256211,3,POST get_cuentas_cobrar,200,OK,Benchmark - Operaciones Normales 1-64,text,true,,1981,311,1,1,http://localhost:3500/query/empresa_simulada,3,0,0
1783612256214,2,POST get_bancos,200,OK,Benchmark - Operaciones Normales 1-64,text,true,,1344,254,1,1,http://localhost:3500/query/empresa_simulada,2,0,0
1783612256216,2,POST get_monedas,200,OK,Benchmark - Operaciones Normales 1-64,text,true,,1572,255,1,1,http://localhost:3500/query/empresa_simulada,2,0,0
1783612256219,1,POST get_empresa,200,OK,Benchmark - Operaciones Normales 1-64,text,true,,1456,255,1,1,http://localhost:3500/query/empresa_simulada,1,0,0
1783612256220,2,POST get_cuentas_cobrar,200,OK,Benchmark - Operaciones Normales 1-64,text,true,,1981,311,1,1,http://localhost:3500/query/empresa_simulada,2,0,0
1783612256222,3,POST get_bancos,200,OK,Benchmark - Operaciones Normales 1-64,text,true,,1344,254,1,1,http://localhost:3500/query/empresa_simulada,3,0,0
1783612256225,2,POST get_monedas,200,OK,Benchmark - Operaciones Normales 1-64,text,true,,1572,255,1,1,http://localhost:3500/query/empresa_simulada,2,0,0
1783612256227,1,POST get_empresa,200,OK,Benchmark - Operaciones Normales 1-64,text,true,,1456,255,1,1,http://localhost:3500/query/empresa_simulada,1,0,0
1783612256229,2,POST get_cuentas_cobrar,200,OK,Benchmark - Operaciones Normales 1-64,text,true,,1981,311,1,1,http://localhost:3500/query/empresa_simulada,1,0,0
1783612256231,1,POST get_bancos,200,OK,Benchmark - Operaciones Normales 1-64,text,true,,1344,254,1,1,http://localhost:3500/query/empresa_simulada,1,0,0
1783612256233,2,POST get_monedas,200,OK,Benchmark - Operaciones Normales 1-64,text,true,,1572,255,1,1,http://localhost:3500/query/empresa_simulada,2,0,0
1783612256235,2,POST get_empresa,200,OK,Benchmark - Operaciones Normales 1-64,text,true,,1456,255,1,1,http://localhost:3500/query/empresa_simulada,2,0,0
1783612256237,2,POST get_cuentas_cobrar,200,OK,Benchmark - Operaciones Normales 1-64,text,true,,1981,311,1,1,http://localhost:3500/query/empresa_simulada,2,0,0
1783612256239,2,POST get_bancos,200,OK,Benchmark - Operaciones Normales 1-64,text,true,,1344,254,1,1,http://localhost:3500/query/empresa_simulada,2,0,0
1783612256241,2,POST get_monedas,200,OK,Benchmark - Operaciones Normales 1-64,text,true,,1572,255,1,1,http://localhost:3500/query/empresa_simulada,2,0,0
1783612256243,3,POST get_empresa,200,OK,Benchmark - Operaciones Normales 1-64,text,true,,1456,255,1,1,http://localhost:3500/query/empresa_simulada,3,0,0
1783612256246,2,POST get_cuentas_cobrar,200,OK,Benchmark - Operaciones Normales 1-64,text,true,,1981,311,1,1,http://localhost:3500/query/empresa_simulada,2,0,0
1783612256248,2,POST get_bancos,200,OK,Benchmark - Operaciones Normales 1-64,text,true,,1344,254,1,1,http://localhost:3500/query/empresa_simulada,2,0,0
1783612256250,2,POST get_monedas,200,OK,Benchmark - Operaciones Normales 1-64,text,true,,1572,255,1,1,http://localhost:3500/query/empresa_simulada,2,0,0
1783612256252,2,POST get_empresa,200,OK,Benchmark - Operaciones Normales 1-64,text,true,,1456,255,1,1,http://localhost:3500/query/empresa_simulada,2,0,0
1783612256254,2,POST get_cuentas_cobrar,200,OK,Benchmark - Operaciones Normales 1-64,text,true,,1981,311,1,1,http://localhost:3500/query/empresa_simulada,2,0,0
1783612256256,2,POST get_bancos,200,OK,Benchmark - Operaciones Normales 1-64,text,true,,1344,254,1,1,http://localhost:3500/query/empresa_simulada,2,0,0
1783612256258,2,POST get_monedas,200,OK,Benchmark - Operaciones Normales 1-64,text,true,,1572,255,1,1,http://localhost:3500/query/empresa_simulada,2,0,0
1783612256260,2,POST get_empresa,200,OK,Benchmark - Operaciones Normales 1-64,text,true,,1456,255,1,1,http://localhost:3500/query/empresa_simulada,2,0,0
1783612256263,1,POST get_cuentas_cobrar,200,OK,Benchmark - Operaciones Normales 1-64,text,true,,1981,311,1,1,http://localhost:3500/query/empresa_simulada,1,0,0
1783612256265,1,POST get_bancos,200,OK,Benchmark - Operaciones Normales 1-64,text,true,,1344,254,1,1,http://localhost:3500/query/empresa_simulada,1,0,0
1783612256266,2,POST get_monedas,200,OK,Benchmark - Operaciones Normales 1-64,text,true,,1572,255,1,1,http://localhost:3500/query/empresa_simulada,2,0,0
1783612256268,2,POST get_empresa,200,OK,Benchmark - Operaciones Normales 1-64,text,true,,1456,255,1,1,http://localhost:3500/query/empresa_simulada,2,0,0
1783612256283,4,POST get_cuentas_cobrar,200,OK,Benchmark - Operaciones Normales 1-65,text,true,,1981,311,1,1,http://localhost:3500/query/empresa_simulada,4,0,1
1783612256287,2,POST get_bancos,200,OK,Benchmark - Operaciones Normales 1-65,text,true,,1344,254,1,1,http://localhost:3500/query/empresa_simulada,2,0,0
1783612256290,4,POST get_monedas,200,OK,Benchmark - Operaciones Normales 1-65,text,true,,1572,255,1,1,http://localhost:3500/query/empresa_simulada,4,0,0
1783612256294,2,POST get_empresa,200,OK,Benchmark - Operaciones Normales 1-65,text,true,,1456,255,1,1,http://localhost:3500/query/empresa_simulada,2,0,0
1783612256296,3,POST get_cuentas_cobrar,200,OK,Benchmark - Operaciones Normales 1-65,text,true,,1981,311,1,1,http://localhost:3500/query/empresa_simulada,3,0,0
1783612256299,2,POST get_bancos,200,OK,Benchmark - Operaciones Normales 1-65,text,true,,1344,254,1,1,http://localhost:3500/query/empresa_simulada,2,0,0
1783612256301,2,POST get_monedas,200,OK,Benchmark - Operaciones Normales 1-65,text,true,,1572,255,1,1,http://localhost:3500/query/empresa_simulada,2,0,0
1783612256303,2,POST get_empresa,200,OK,Benchmark - Operaciones Normales 1-65,text,true,,1456,255,1,1,http://localhost:3500/query/empresa_simulada,2,0,0
1783612256305,2,POST get_cuentas_cobrar,200,OK,Benchmark - Operaciones Normales 1-65,text,true,,1981,311,1,1,http://localhost:3500/query/empresa_simulada,2,0,0
1783612256307,2,POST get_bancos,200,OK,Benchmark - Operaciones Normales 1-65,text,true,,1344,254,1,1,http://localhost:3500/query/empresa_simulada,2,0,0
1783612256309,3,POST get_monedas,200,OK,Benchmark - Operaciones Normales 1-65,text,true,,1572,255,1,1,http://localhost:3500/query/empresa_simulada,3,0,0
1783612256312,3,POST get_empresa,200,OK,Benchmark - Operaciones Normales 1-65,text,true,,1456,255,1,1,http://localhost:3500/query/empresa_simulada,3,0,0
1783612256315,2,POST get_cuentas_cobrar,200,OK,Benchmark - Operaciones Normales 1-65,text,true,,1981,311,1,1,http://localhost:3500/query/empresa_simulada,2,0,0
1783612256317,2,POST get_bancos,200,OK,Benchmark - Operaciones Normales 1-65,text,true,,1344,254,1,1,http://localhost:3500/query/empresa_simulada,2,0,0
1783612256320,1,POST get_monedas,200,OK,Benchmark - Operaciones Normales 1-65,text,true,,1572,255,1,1,http://localhost:3500/query/empresa_simulada,1,0,0
1783612256322,1,POST get_empresa,200,OK,Benchmark - Operaciones Normales 1-65,text,true,,1456,255,1,1,http://localhost:3500/query/empresa_simulada,1,0,0
1783612256324,2,POST get_cuentas_cobrar,200,OK,Benchmark - Operaciones Normales 1-65,text,true,,1981,311,1,1,http://localhost:3500/query/empresa_simulada,2,0,0
1783612256326,1,POST get_bancos,200,OK,Benchmark - Operaciones Normales 1-65,text,true,,1344,254,1,1,http://localhost:3500/query/empresa_simulada,1,0,0
1783612256328,1,POST get_monedas,200,OK,Benchmark - Operaciones Normales 1-65,text,true,,1572,255,1,1,http://localhost:3500/query/empresa_simulada,1,0,0
1783612256329,3,POST get_empresa,200,OK,Benchmark - Operaciones Normales 1-65,text,true,,1456,255,1,1,http://localhost:3500/query/empresa_simulada,3,0,0
1783612256332,2,POST get_cuentas_cobrar,200,OK,Benchmark - Operaciones Normales 1-65,text,true,,1981,311,1,1,http://localhost:3500/query/empresa_simulada,2,0,0
1783612256334,3,POST get_bancos,200,OK,Benchmark - Operaciones Normales 1-65,text,true,,1344,254,1,1,http://localhost:3500/query/empresa_simulada,3,0,0
1783612256337,1,POST get_monedas,200,OK,Benchmark - Operaciones Normales 1-65,text,true,,1572,255,1,1,http://localhost:3500/query/empresa_simulada,1,0,0
1783612256339,2,POST get_empresa,200,OK,Benchmark - Operaciones Normales 1-65,text,true,,1456,255,1,1,http://localhost:3500/query/empresa_simulada,2,0,0
1783612256341,2,POST get_cuentas_cobrar,200,OK,Benchmark - Operaciones Normales 1-65,text,true,,1981,311,1,1,http://localhost:3500/query/empresa_simulada,2,0,0
1783612256343,2,POST get_bancos,200,OK,Benchmark - Operaciones Normales 1-65,text,true,,1344,254,1,1,http://localhost:3500/query/empresa_simulada,2,0,0
1783612256346,2,POST get_monedas,200,OK,Benchmark - Operaciones Normales 1-65,text,true,,1572,255,1,1,http://localhost:3500/query/empresa_simulada,2,0,0
1783612256348,2,POST get_empresa,200,OK,Benchmark - Operaciones Normales 1-65,text,true,,1456,255,1,1,http://localhost:3500/query/empresa_simulada,2,0,0
1783612256350,2,POST get_cuentas_cobrar,200,OK,Benchmark - Operaciones Normales 1-65,text,true,,1981,311,1,1,http://localhost:3500/query/empresa_simulada,2,0,0
1783612256352,2,POST get_bancos,200,OK,Benchmark - Operaciones Normales 1-65,text,true,,1344,254,1,1,http://localhost:3500/query/empresa_simulada,2,0,0
1783612256354,2,POST get_monedas,200,OK,Benchmark - Operaciones Normales 1-65,text,true,,1572,255,1,1,http://localhost:3500/query/empresa_simulada,2,0,0
1783612256356,2,POST get_empresa,200,OK,Benchmark - Operaciones Normales 1-65,text,true,,1456,255,1,1,http://localhost:3500/query/empresa_simulada,2,0,0
1783612256358,4,POST get_cuentas_cobrar,200,OK,Benchmark - Operaciones Normales 1-65,text,true,,1981,311,1,1,http://localhost:3500/query/empresa_simulada,4,0,0
1783612256362,2,POST get_bancos,200,OK,Benchmark - Operaciones Normales 1-65,text,true,,1344,254,1,1,http://localhost:3500/query/empresa_simulada,2,0,0
1783612256364,2,POST get_monedas,200,OK,Benchmark - Operaciones Normales 1-65,text,true,,1572,255,1,1,http://localhost:3500/query/empresa_simulada,2,0,0
1783612256367,2,POST get_empresa,200,OK,Benchmark - Operaciones Normales 1-65,text,true,,1456,255,1,1,http://localhost:3500/query/empresa_simulada,2,0,0
1783612256369,2,POST get_cuentas_cobrar,200,OK,Benchmark - Operaciones Normales 1-65,text,true,,1981,311,1,1,http://localhost:3500/query/empresa_simulada,2,0,0
1783612256372,2,POST get_bancos,200,OK,Benchmark - Operaciones Normales 1-65,text,true,,1344,254,1,1,http://localhost:3500/query/empresa_simulada,2,0,0
1783612256374,3,POST get_monedas,200,OK,Benchmark - Operaciones Normales 1-65,text,true,,1572,255,1,1,http://localhost:3500/query/empresa_simulada,3,0,0
1783612256377,2,POST get_empresa,200,OK,Benchmark - Operaciones Normales 1-65,text,true,,1456,255,1,1,http://localhost:3500/query/empresa_simulada,1,0,0
1783612256383,4,POST get_cuentas_cobrar,200,OK,Benchmark - Operaciones Normales 1-66,text,true,,1981,311,1,1,http://localhost:3500/query/empresa_simulada,4,0,1
1783612256387,2,POST get_bancos,200,OK,Benchmark - Operaciones Normales 1-66,text,true,,1344,254,1,1,http://localhost:3500/query/empresa_simulada,2,0,0
1783612256389,2,POST get_monedas,200,OK,Benchmark - Operaciones Normales 1-66,text,true,,1572,255,1,1,http://localhost:3500/query/empresa_simulada,2,0,0
1783612256391,2,POST get_empresa,200,OK,Benchmark - Operaciones Normales 1-66,text,true,,1456,255,1,1,http://localhost:3500/query/empresa_simulada,2,0,0
1783612256393,2,POST get_cuentas_cobrar,200,OK,Benchmark - Operaciones Normales 1-66,text,true,,1981,311,1,1,http://localhost:3500/query/empresa_simulada,2,0,0
1783612256395,2,POST get_bancos,200,OK,Benchmark - Operaciones Normales 1-66,text,true,,1344,254,1,1,http://localhost:3500/query/empresa_simulada,2,0,0
1783612256397,2,POST get_monedas,200,OK,Benchmark - Operaciones Normales 1-66,text,true,,1572,255,1,1,http://localhost:3500/query/empresa_simulada,2,0,0
1783612256399,2,POST get_empresa,200,OK,Benchmark - Operaciones Normales 1-66,text,true,,1456,255,1,1,http://localhost:3500/query/empresa_simulada,2,0,0
1783612256402,3,POST get_cuentas_cobrar,200,OK,Benchmark - Operaciones Normales 1-66,text,true,,1981,311,1,1,http://localhost:3500/query/empresa_simulada,3,0,0
1783612256405,2,POST get_bancos,200,OK,Benchmark - Operaciones Normales 1-66,text,true,,1344,254,1,1,http://localhost:3500/query/empresa_simulada,2,0,0
1783612256407,2,POST get_monedas,200,OK,Benchmark - Operaciones Normales 1-66,text,true,,1572,255,1,1,http://localhost:3500/query/empresa_simulada,2,0,0
1783612256409,2,POST get_empresa,200,OK,Benchmark - Operaciones Normales 1-66,text,true,,1456,255,1,1,http://localhost:3500/query/empresa_simulada,2,0,0
1783612256411,3,POST get_cuentas_cobrar,200,OK,Benchmark - Operaciones Normales 1-66,text,true,,1981,311,1,1,http://localhost:3500/query/empresa_simulada,3,0,0
1783612256414,2,POST get_bancos,200,OK,Benchmark - Operaciones Normales 1-66,text,true,,1344,254,1,1,http://localhost:3500/query/empresa_simulada,2,0,0
1783612256416,2,POST get_monedas,200,OK,Benchmark - Operaciones Normales 1-66,text,true,,1572,255,1,1,http://localhost:3500/query/empresa_simulada,2,0,0
1783612256418,2,POST get_empresa,200,OK,Benchmark - Operaciones Normales 1-66,text,true,,1456,255,1,1,http://localhost:3500/query/empresa_simulada,2,0,0
1783612256420,2,POST get_cuentas_cobrar,200,OK,Benchmark - Operaciones Normales 1-66,text,true,,1981,311,1,1,http://localhost:3500/query/empresa_simulada,2,0,0
1783612256422,2,POST get_bancos,200,OK,Benchmark - Operaciones Normales 1-66,text,true,,1344,254,1,1,http://localhost:3500/query/empresa_simulada,2,0,0
1783612256424,3,POST get_monedas,200,OK,Benchmark - Operaciones Normales 1-66,text,true,,1572,255,1,1,http://localhost:3500/query/empresa_simulada,3,0,0
1783612256428,1,POST get_empresa,200,OK,Benchmark - Operaciones Normales 1-66,text,true,,1456,255,1,1,http://localhost:3500/query/empresa_simulada,1,0,0
1783612256430,2,POST get_cuentas_cobrar,200,OK,Benchmark - Operaciones Normales 1-66,text,true,,1981,311,1,1,http://localhost:3500/query/empresa_simulada,2,0,0
1783612256432,1,POST get_bancos,200,OK,Benchmark - Operaciones Normales 1-66,text,true,,1344,254,1,1,http://localhost:3500/query/empresa_simulada,1,0,0
1783612256433,2,POST get_monedas,200,OK,Benchmark - Operaciones Normales 1-66,text,true,,1572,255,1,1,http://localhost:3500/query/empresa_simulada,2,0,0
1783612256435,2,POST get_empresa,200,OK,Benchmark - Operaciones Normales 1-66,text,true,,1456,255,1,1,http://localhost:3500/query/empresa_simulada,2,0,0
1783612256437,2,POST get_cuentas_cobrar,200,OK,Benchmark - Operaciones Normales 1-66,text,true,,1981,311,1,1,http://localhost:3500/query/empresa_simulada,2,0,0
1783612256439,2,POST get_bancos,200,OK,Benchmark - Operaciones Normales 1-66,text,true,,1344,254,1,1,http://localhost:3500/query/empresa_simulada,2,0,0
1783612256441,2,POST get_monedas,200,OK,Benchmark - Operaciones Normales 1-66,text,true,,1572,255,1,1,http://localhost:3500/query/empresa_simulada,2,0,0
1783612256443,2,POST get_empresa,200,OK,Benchmark - Operaciones Normales 1-66,text,true,,1456,255,1,1,http://localhost:3500/query/empresa_simulada,2,0,0
1783612256446,2,POST get_cuentas_cobrar,200,OK,Benchmark - Operaciones Normales 1-66,text,true,,1981,311,1,1,http://localhost:3500/query/empresa_simulada,2,0,0
1783612256448,2,POST get_bancos,200,OK,Benchmark - Operaciones Normales 1-66,text,true,,1344,254,1,1,http://localhost:3500/query/empresa_simulada,2,0,0
1783612256450,2,POST get_monedas,200,OK,Benchmark - Operaciones Normales 1-66,text,true,,1572,255,1,1,http://localhost:3500/query/empresa_simulada,2,0,0
1783612256452,2,POST get_empresa,200,OK,Benchmark - Operaciones Normales 1-66,text,true,,1456,255,1,1,http://localhost:3500/query/empresa_simulada,2,0,0
1783612256454,2,POST get_cuentas_cobrar,200,OK,Benchmark - Operaciones Normales 1-66,text,true,,1981,311,1,1,http://localhost:3500/query/empresa_simulada,2,0,0
1783612256456,3,POST get_bancos,200,OK,Benchmark - Operaciones Normales 1-66,text,true,,1344,254,1,1,http://localhost:3500/query/empresa_simulada,3,0,0
1783612256459,2,POST get_monedas,200,OK,Benchmark - Operaciones Normales 1-66,text,true,,1572,255,1,1,http://localhost:3500/query/empresa_simulada,2,0,0
1783612256461,2,POST get_empresa,200,OK,Benchmark - Operaciones Normales 1-66,text,true,,1456,255,1,1,http://localhost:3500/query/empresa_simulada,2,0,0
1783612256464,3,POST get_cuentas_cobrar,200,OK,Benchmark - Operaciones Normales 1-66,text,true,,1981,311,1,1,http://localhost:3500/query/empresa_simulada,3,0,0
1783612256467,3,POST get_bancos,200,OK,Benchmark - Operaciones Normales 1-66,text,true,,1344,254,1,1,http://localhost:3500/query/empresa_simulada,3,0,0
1783612256470,2,POST get_monedas,200,OK,Benchmark - Operaciones Normales 1-66,text,true,,1572,255,1,1,http://localhost:3500/query/empresa_simulada,2,0,0
1783612256473,2,POST get_empresa,200,OK,Benchmark - Operaciones Normales 1-66,text,true,,1456,255,1,1,http://localhost:3500/query/empresa_simulada,2,0,0
1783612256482,4,POST get_cuentas_cobrar,200,OK,Benchmark - Operaciones Normales 1-67,text,true,,1981,311,1,1,http://localhost:3500/query/empresa_simulada,4,0,1
1783612256486,3,POST get_bancos,200,OK,Benchmark - Operaciones Normales 1-67,text,true,,1344,254,1,1,http://localhost:3500/query/empresa_simulada,3,0,0
1783612256489,3,POST get_monedas,200,OK,Benchmark - Operaciones Normales 1-67,text,true,,1572,255,1,1,http://localhost:3500/query/empresa_simulada,3,0,0
1783612256492,2,POST get_empresa,200,OK,Benchmark - Operaciones Normales 1-67,text,true,,1456,255,1,1,http://localhost:3500/query/empresa_simulada,2,0,0
1783612256494,2,POST get_cuentas_cobrar,200,OK,Benchmark - Operaciones Normales 1-67,text,true,,1981,311,1,1,http://localhost:3500/query/empresa_simulada,2,0,0
1783612256496,1,POST get_bancos,200,OK,Benchmark - Operaciones Normales 1-67,text,true,,1344,254,1,1,http://localhost:3500/query/empresa_simulada,1,0,0
1783612256498,2,POST get_monedas,200,OK,Benchmark - Operaciones Normales 1-67,text,true,,1572,255,1,1,http://localhost:3500/query/empresa_simulada,2,0,0
1783612256500,2,POST get_empresa,200,OK,Benchmark - Operaciones Normales 1-67,text,true,,1456,255,1,1,http://localhost:3500/query/empresa_simulada,2,0,0
1783612256502,2,POST get_cuentas_cobrar,200,OK,Benchmark - Operaciones Normales 1-67,text,true,,1981,311,1,1,http://localhost:3500/query/empresa_simulada,2,0,0
1783612256504,2,POST get_bancos,200,OK,Benchmark - Operaciones Normales 1-67,text,true,,1344,254,1,1,http://localhost:3500/query/empresa_simulada,2,0,0
1783612256506,2,POST get_monedas,200,OK,Benchmark - Operaciones Normales 1-67,text,true,,1572,255,1,1,http://localhost:3500/query/empresa_simulada,2,0,0
1783612256509,2,POST get_empresa,200,OK,Benchmark - Operaciones Normales 1-67,text,true,,1456,255,1,1,http://localhost:3500/query/empresa_simulada,2,0,0
1783612256512,3,POST get_cuentas_cobrar,200,OK,Benchmark - Operaciones Normales 1-67,text,true,,1981,311,1,1,http://localhost:3500/query/empresa_simulada,3,0,0
1783612256515,2,POST get_bancos,200,OK,Benchmark - Operaciones Normales 1-67,text,true,,1344,254,1,1,http://localhost:3500/query/empresa_simulada,2,0,0
1783612256517,2,POST get_monedas,200,OK,Benchmark - Operaciones Normales 1-67,text,true,,1572,255,1,1,http://localhost:3500/query/empresa_simulada,2,0,0
1783612256519,3,POST get_empresa,200,OK,Benchmark - Operaciones Normales 1-67,text,true,,1456,255,1,1,http://localhost:3500/query/empresa_simulada,3,0,0
1783612256522,2,POST get_cuentas_cobrar,200,OK,Benchmark - Operaciones Normales 1-67,text,true,,1981,311,1,1,http://localhost:3500/query/empresa_simulada,2,0,0
1783612256524,2,POST get_bancos,200,OK,Benchmark - Operaciones Normales 1-67,text,true,,1344,254,1,1,http://localhost:3500/query/empresa_simulada,2,0,0
1783612256526,1,POST get_monedas,200,OK,Benchmark - Operaciones Normales 1-67,text,true,,1572,255,1,1,http://localhost:3500/query/empresa_simulada,1,0,0
1783612256528,1,POST get_empresa,200,OK,Benchmark - Operaciones Normales 1-67,text,true,,1456,255,1,1,http://localhost:3500/query/empresa_simulada,1,0,0
1783612256530,2,POST get_cuentas_cobrar,200,OK,Benchmark - Operaciones Normales 1-67,text,true,,1981,311,1,1,http://localhost:3500/query/empresa_simulada,2,0,0
1783612256532,2,POST get_bancos,200,OK,Benchmark - Operaciones Normales 1-67,text,true,,1344,254,1,1,http://localhost:3500/query/empresa_simulada,2,0,0
1783612256534,2,POST get_monedas,200,OK,Benchmark - Operaciones Normales 1-67,text,true,,1572,255,1,1,http://localhost:3500/query/empresa_simulada,2,0,0
1783612256537,2,POST get_empresa,200,OK,Benchmark - Operaciones Normales 1-67,text,true,,1456,255,1,1,http://localhost:3500/query/empresa_simulada,2,0,0
1783612256539,2,POST get_cuentas_cobrar,200,OK,Benchmark - Operaciones Normales 1-67,text,true,,1981,311,1,1,http://localhost:3500/query/empresa_simulada,2,0,0
1783612256541,2,POST get_bancos,200,OK,Benchmark - Operaciones Normales 1-67,text,true,,1344,254,1,1,http://localhost:3500/query/empresa_simulada,2,0,0
1783612256543,2,POST get_monedas,200,OK,Benchmark - Operaciones Normales 1-67,text,true,,1572,255,1,1,http://localhost:3500/query/empresa_simulada,2,0,0
1783612256545,1,POST get_empresa,200,OK,Benchmark - Operaciones Normales 1-67,text,true,,1456,255,1,1,http://localhost:3500/query/empresa_simulada,1,0,0
1783612256547,2,POST get_cuentas_cobrar,200,OK,Benchmark - Operaciones Normales 1-67,text,true,,1981,311,1,1,http://localhost:3500/query/empresa_simulada,2,0,0
1783612256549,4,POST get_bancos,200,OK,Benchmark - Operaciones Normales 1-67,text,true,,1344,254,1,1,http://localhost:3500/query/empresa_simulada,4,0,0
1783612256553,2,POST get_monedas,200,OK,Benchmark - Operaciones Normales 1-67,text,true,,1572,255,1,1,http://localhost:3500/query/empresa_simulada,2,0,0
1783612256555,2,POST get_empresa,200,OK,Benchmark - Operaciones Normales 1-67,text,true,,1456,255,1,1,http://localhost:3500/query/empresa_simulada,2,0,0
1783612256557,2,POST get_cuentas_cobrar,200,OK,Benchmark - Operaciones Normales 1-67,text,true,,1981,311,1,1,http://localhost:3500/query/empresa_simulada,2,0,0
1783612256559,2,POST get_bancos,200,OK,Benchmark - Operaciones Normales 1-67,text,true,,1344,254,1,1,http://localhost:3500/query/empresa_simulada,2,0,0
1783612256561,2,POST get_monedas,200,OK,Benchmark - Operaciones Normales 1-67,text,true,,1572,255,1,1,http://localhost:3500/query/empresa_simulada,2,0,0
1783612256563,2,POST get_empresa,200,OK,Benchmark - Operaciones Normales 1-67,text,true,,1456,255,1,1,http://localhost:3500/query/empresa_simulada,2,0,0
1783612256565,3,POST get_cuentas_cobrar,200,OK,Benchmark - Operaciones Normales 1-67,text,true,,1981,311,1,1,http://localhost:3500/query/empresa_simulada,3,0,0
1783612256568,3,POST get_bancos,200,OK,Benchmark - Operaciones Normales 1-67,text,true,,1344,254,1,1,http://localhost:3500/query/empresa_simulada,3,0,0
1783612256571,1,POST get_monedas,200,OK,Benchmark - Operaciones Normales 1-67,text,true,,1572,255,1,1,http://localhost:3500/query/empresa_simulada,1,0,0
1783612256573,2,POST get_empresa,200,OK,Benchmark - Operaciones Normales 1-67,text,true,,1456,255,1,1,http://localhost:3500/query/empresa_simulada,2,0,0
1783612256583,4,POST get_cuentas_cobrar,200,OK,Benchmark - Operaciones Normales 1-68,text,true,,1981,311,1,1,http://localhost:3500/query/empresa_simulada,4,0,2
1783612256587,2,POST get_bancos,200,OK,Benchmark - Operaciones Normales 1-68,text,true,,1344,254,1,1,http://localhost:3500/query/empresa_simulada,2,0,0
1783612256589,2,POST get_monedas,200,OK,Benchmark - Operaciones Normales 1-68,text,true,,1572,255,1,1,http://localhost:3500/query/empresa_simulada,2,0,0
1783612256591,2,POST get_empresa,200,OK,Benchmark - Operaciones Normales 1-68,text,true,,1456,255,1,1,http://localhost:3500/query/empresa_simulada,2,0,0
1783612256593,2,POST get_cuentas_cobrar,200,OK,Benchmark - Operaciones Normales 1-68,text,true,,1981,311,1,1,http://localhost:3500/query/empresa_simulada,2,0,0
1783612256595,2,POST get_bancos,200,OK,Benchmark - Operaciones Normales 1-68,text,true,,1344,254,1,1,http://localhost:3500/query/empresa_simulada,2,0,0
1783612256597,2,POST get_monedas,200,OK,Benchmark - Operaciones Normales 1-68,text,true,,1572,255,1,1,http://localhost:3500/query/empresa_simulada,2,0,0
1783612256599,2,POST get_empresa,200,OK,Benchmark - Operaciones Normales 1-68,text,true,,1456,255,1,1,http://localhost:3500/query/empresa_simulada,2,0,0
1783612256602,3,POST get_cuentas_cobrar,200,OK,Benchmark - Operaciones Normales 1-68,text,true,,1981,311,1,1,http://localhost:3500/query/empresa_simulada,3,0,0
1783612256605,2,POST get_bancos,200,OK,Benchmark - Operaciones Normales 1-68,text,true,,1344,254,1,1,http://localhost:3500/query/empresa_simulada,2,0,0
1783612256607,2,POST get_monedas,200,OK,Benchmark - Operaciones Normales 1-68,text,true,,1572,255,1,1,http://localhost:3500/query/empresa_simulada,2,0,0
1783612256609,2,POST get_empresa,200,OK,Benchmark - Operaciones Normales 1-68,text,true,,1456,255,1,1,http://localhost:3500/query/empresa_simulada,2,0,0
1783612256612,2,POST get_cuentas_cobrar,200,OK,Benchmark - Operaciones Normales 1-68,text,true,,1981,311,1,1,http://localhost:3500/query/empresa_simulada,2,0,0
1783612256614,2,POST get_bancos,200,OK,Benchmark - Operaciones Normales 1-68,text,true,,1344,254,1,1,http://localhost:3500/query/empresa_simulada,2,0,0
1783612256616,2,POST get_monedas,200,OK,Benchmark - Operaciones Normales 1-68,text,true,,1572,255,1,1,http://localhost:3500/query/empresa_simulada,2,0,0
1783612256618,2,POST get_empresa,200,OK,Benchmark - Operaciones Normales 1-68,text,true,,1456,255,1,1,http://localhost:3500/query/empresa_simulada,2,0,0
1783612256620,2,POST get_cuentas_cobrar,200,OK,Benchmark - Operaciones Normales 1-68,text,true,,1981,311,1,1,http://localhost:3500/query/empresa_simulada,2,0,0
1783612256622,3,POST get_bancos,200,OK,Benchmark - Operaciones Normales 1-68,text,true,,1344,254,1,1,http://localhost:3500/query/empresa_simulada,3,0,0
1783612256625,2,POST get_monedas,200,OK,Benchmark - Operaciones Normales 1-68,text,true,,1572,255,1,1,http://localhost:3500/query/empresa_simulada,2,0,0
1783612256627,2,POST get_empresa,200,OK,Benchmark - Operaciones Normales 1-68,text,true,,1456,255,1,1,http://localhost:3500/query/empresa_simulada,2,0,0
1783612256629,2,POST get_cuentas_cobrar,200,OK,Benchmark - Operaciones Normales 1-68,text,true,,1981,311,1,1,http://localhost:3500/query/empresa_simulada,2,0,0
1783612256631,3,POST get_bancos,200,OK,Benchmark - Operaciones Normales 1-68,text,true,,1344,254,1,1,http://localhost:3500/query/empresa_simulada,3,0,0
1783612256634,2,POST get_monedas,200,OK,Benchmark - Operaciones Normales 1-68,text,true,,1572,255,1,1,http://localhost:3500/query/empresa_simulada,2,0,0
1783612256637,1,POST get_empresa,200,OK,Benchmark - Operaciones Normales 1-68,text,true,,1456,255,1,1,http://localhost:3500/query/empresa_simulada,1,0,0
1783612256638,2,POST get_cuentas_cobrar,200,OK,Benchmark - Operaciones Normales 1-68,text,true,,1981,311,1,1,http://localhost:3500/query/empresa_simulada,2,0,0
1783612256640,3,POST get_bancos,200,OK,Benchmark - Operaciones Normales 1-68,text,true,,1344,254,1,1,http://localhost:3500/query/empresa_simulada,3,0,0
1783612256643,2,POST get_monedas,200,OK,Benchmark - Operaciones Normales 1-68,text,true,,1572,255,1,1,http://localhost:3500/query/empresa_simulada,2,0,0
1783612256645,3,POST get_empresa,200,OK,Benchmark - Operaciones Normales 1-68,text,true,,1456,255,1,1,http://localhost:3500/query/empresa_simulada,3,0,0
1783612256648,2,POST get_cuentas_cobrar,200,OK,Benchmark - Operaciones Normales 1-68,text,true,,1981,311,1,1,http://localhost:3500/query/empresa_simulada,2,0,0
1783612256650,2,POST get_bancos,200,OK,Benchmark - Operaciones Normales 1-68,text,true,,1344,254,1,1,http://localhost:3500/query/empresa_simulada,2,0,0
1783612256652,2,POST get_monedas,200,OK,Benchmark - Operaciones Normales 1-68,text,true,,1572,255,1,1,http://localhost:3500/query/empresa_simulada,2,0,0
1783612256654,2,POST get_empresa,200,OK,Benchmark - Operaciones Normales 1-68,text,true,,1456,255,1,1,http://localhost:3500/query/empresa_simulada,2,0,0
1783612256656,2,POST get_cuentas_cobrar,200,OK,Benchmark - Operaciones Normales 1-68,text,true,,1981,311,1,1,http://localhost:3500/query/empresa_simulada,2,0,0
1783612256658,2,POST get_bancos,200,OK,Benchmark - Operaciones Normales 1-68,text,true,,1344,254,1,1,http://localhost:3500/query/empresa_simulada,2,0,0
1783612256661,2,POST get_monedas,200,OK,Benchmark - Operaciones Normales 1-68,text,true,,1572,255,1,1,http://localhost:3500/query/empresa_simulada,2,0,0
1783612256663,2,POST get_empresa,200,OK,Benchmark - Operaciones Normales 1-68,text,true,,1456,255,1,1,http://localhost:3500/query/empresa_simulada,2,0,0
1783612256666,2,POST get_cuentas_cobrar,200,OK,Benchmark - Operaciones Normales 1-68,text,true,,1981,311,1,1,http://localhost:3500/query/empresa_simulada,2,0,0
1783612256668,2,POST get_bancos,200,OK,Benchmark - Operaciones Normales 1-68,text,true,,1344,254,1,1,http://localhost:3500/query/empresa_simulada,2,0,0
1783612256670,2,POST get_monedas,200,OK,Benchmark - Operaciones Normales 1-68,text,true,,1572,255,1,1,http://localhost:3500/query/empresa_simulada,2,0,0
1783612256672,3,POST get_empresa,200,OK,Benchmark - Operaciones Normales 1-68,text,true,,1456,255,1,1,http://localhost:3500/query/empresa_simulada,3,0,0
1783612256684,4,POST get_cuentas_cobrar,200,OK,Benchmark - Operaciones Normales 1-69,text,true,,1981,311,1,1,http://localhost:3500/query/empresa_simulada,4,0,1
1783612256688,3,POST get_bancos,200,OK,Benchmark - Operaciones Normales 1-69,text,true,,1344,254,1,1,http://localhost:3500/query/empresa_simulada,3,0,0
1783612256691,3,POST get_monedas,200,OK,Benchmark - Operaciones Normales 1-69,text,true,,1572,255,1,1,http://localhost:3500/query/empresa_simulada,3,0,0
1783612256694,2,POST get_empresa,200,OK,Benchmark - Operaciones Normales 1-69,text,true,,1456,255,1,1,http://localhost:3500/query/empresa_simulada,2,0,0
1783612256696,3,POST get_cuentas_cobrar,200,OK,Benchmark - Operaciones Normales 1-69,text,true,,1981,311,1,1,http://localhost:3500/query/empresa_simulada,3,0,0
1783612256699,2,POST get_bancos,200,OK,Benchmark - Operaciones Normales 1-69,text,true,,1344,254,1,1,http://localhost:3500/query/empresa_simulada,2,0,0
1783612256701,2,POST get_monedas,200,OK,Benchmark - Operaciones Normales 1-69,text,true,,1572,255,1,1,http://localhost:3500/query/empresa_simulada,2,0,0
1783612256703,2,POST get_empresa,200,OK,Benchmark - Operaciones Normales 1-69,text,true,,1456,255,1,1,http://localhost:3500/query/empresa_simulada,2,0,0
1783612256705,2,POST get_cuentas_cobrar,200,OK,Benchmark - Operaciones Normales 1-69,text,true,,1981,311,1,1,http://localhost:3500/query/empresa_simulada,2,0,0
1783612256707,2,POST get_bancos,200,OK,Benchmark - Operaciones Normales 1-69,text,true,,1344,254,1,1,http://localhost:3500/query/empresa_simulada,2,0,0
1783612256709,2,POST get_monedas,200,OK,Benchmark - Operaciones Normales 1-69,text,true,,1572,255,1,1,http://localhost:3500/query/empresa_simulada,2,0,0
1783612256712,1,POST get_empresa,200,OK,Benchmark - Operaciones Normales 1-69,text,true,,1456,255,1,1,http://localhost:3500/query/empresa_simulada,1,0,0
1783612256713,2,POST get_cuentas_cobrar,200,OK,Benchmark - Operaciones Normales 1-69,text,true,,1981,311,1,1,http://localhost:3500/query/empresa_simulada,2,0,0
1783612256716,2,POST get_bancos,200,OK,Benchmark - Operaciones Normales 1-69,text,true,,1344,254,1,1,http://localhost:3500/query/empresa_simulada,2,0,0
1783612256718,2,POST get_monedas,200,OK,Benchmark - Operaciones Normales 1-69,text,true,,1572,255,1,1,http://localhost:3500/query/empresa_simulada,2,0,0
1783612256720,2,POST get_empresa,200,OK,Benchmark - Operaciones Normales 1-69,text,true,,1456,255,1,1,http://localhost:3500/query/empresa_simulada,2,0,0
1783612256722,2,POST get_cuentas_cobrar,200,OK,Benchmark - Operaciones Normales 1-69,text,true,,1981,311,1,1,http://localhost:3500/query/empresa_simulada,2,0,0
1783612256724,2,POST get_bancos,200,OK,Benchmark - Operaciones Normales 1-69,text,true,,1344,254,1,1,http://localhost:3500/query/empresa_simulada,2,0,0
1783612256726,2,POST get_monedas,200,OK,Benchmark - Operaciones Normales 1-69,text,true,,1572,255,1,1,http://localhost:3500/query/empresa_simulada,2,0,0
1783612256728,2,POST get_empresa,200,OK,Benchmark - Operaciones Normales 1-69,text,true,,1456,255,1,1,http://localhost:3500/query/empresa_simulada,2,0,0
1783612256730,3,POST get_cuentas_cobrar,200,OK,Benchmark - Operaciones Normales 1-69,text,true,,1981,311,1,1,http://localhost:3500/query/empresa_simulada,3,0,0
1783612256733,2,POST get_bancos,200,OK,Benchmark - Operaciones Normales 1-69,text,true,,1344,254,1,1,http://localhost:3500/query/empresa_simulada,2,0,0
1783612256735,2,POST get_monedas,200,OK,Benchmark - Operaciones Normales 1-69,text,true,,1572,255,1,1,http://localhost:3500/query/empresa_simulada,2,0,0
1783612256737,2,POST get_empresa,200,OK,Benchmark - Operaciones Normales 1-69,text,true,,1456,255,1,1,http://localhost:3500/query/empresa_simulada,2,0,0
1783612256739,2,POST get_cuentas_cobrar,200,OK,Benchmark - Operaciones Normales 1-69,text,true,,1981,311,1,1,http://localhost:3500/query/empresa_simulada,2,0,0
1783612256741,1,POST get_bancos,200,OK,Benchmark - Operaciones Normales 1-69,text,true,,1344,254,1,1,http://localhost:3500/query/empresa_simulada,1,0,0
1783612256743,1,POST get_monedas,200,OK,Benchmark - Operaciones Normales 1-69,text,true,,1572,255,1,1,http://localhost:3500/query/empresa_simulada,1,0,0
1783612256745,1,POST get_empresa,200,OK,Benchmark - Operaciones Normales 1-69,text,true,,1456,255,1,1,http://localhost:3500/query/empresa_simulada,1,0,0
1783612256747,1,POST get_cuentas_cobrar,200,OK,Benchmark - Operaciones Normales 1-69,text,true,,1981,311,1,1,http://localhost:3500/query/empresa_simulada,1,0,0
1783612256749,1,POST get_bancos,200,OK,Benchmark - Operaciones Normales 1-69,text,true,,1344,254,1,1,http://localhost:3500/query/empresa_simulada,1,0,0
1783612256750,2,POST get_monedas,200,OK,Benchmark - Operaciones Normales 1-69,text,true,,1572,255,1,1,http://localhost:3500/query/empresa_simulada,2,0,0
1783612256752,3,POST get_empresa,200,OK,Benchmark - Operaciones Normales 1-69,text,true,,1456,255,1,1,http://localhost:3500/query/empresa_simulada,3,0,0
1783612256755,2,POST get_cuentas_cobrar,200,OK,Benchmark - Operaciones Normales 1-69,text,true,,1981,311,1,1,http://localhost:3500/query/empresa_simulada,2,0,0
1783612256757,2,POST get_bancos,200,OK,Benchmark - Operaciones Normales 1-69,text,true,,1344,254,1,1,http://localhost:3500/query/empresa_simulada,2,0,0
1783612256759,2,POST get_monedas,200,OK,Benchmark - Operaciones Normales 1-69,text,true,,1572,255,1,1,http://localhost:3500/query/empresa_simulada,2,0,0
1783612256761,2,POST get_empresa,200,OK,Benchmark - Operaciones Normales 1-69,text,true,,1456,255,1,1,http://localhost:3500/query/empresa_simulada,2,0,0
1783612256763,3,POST get_cuentas_cobrar,200,OK,Benchmark - Operaciones Normales 1-69,text,true,,1981,311,1,1,http://localhost:3500/query/empresa_simulada,3,0,0
1783612256766,3,POST get_bancos,200,OK,Benchmark - Operaciones Normales 1-69,text,true,,1344,254,1,1,http://localhost:3500/query/empresa_simulada,2,0,0
1783612256769,2,POST get_monedas,200,OK,Benchmark - Operaciones Normales 1-69,text,true,,1572,255,1,1,http://localhost:3500/query/empresa_simulada,2,0,0
1783612256772,3,POST get_empresa,200,OK,Benchmark - Operaciones Normales 1-69,text,true,,1456,255,1,1,http://localhost:3500/query/empresa_simulada,3,0,0
1783612256783,4,POST get_cuentas_cobrar,200,OK,Benchmark - Operaciones Normales 1-70,text,true,,1981,311,1,1,http://localhost:3500/query/empresa_simulada,4,0,1
1783612256787,2,POST get_bancos,200,OK,Benchmark - Operaciones Normales 1-70,text,true,,1344,254,1,1,http://localhost:3500/query/empresa_simulada,2,0,0
1783612256789,2,POST get_monedas,200,OK,Benchmark - Operaciones Normales 1-70,text,true,,1572,255,1,1,http://localhost:3500/query/empresa_simulada,2,0,0
1783612256791,3,POST get_empresa,200,OK,Benchmark - Operaciones Normales 1-70,text,true,,1456,255,1,1,http://localhost:3500/query/empresa_simulada,3,0,0
1783612256794,2,POST get_cuentas_cobrar,200,OK,Benchmark - Operaciones Normales 1-70,text,true,,1981,311,1,1,http://localhost:3500/query/empresa_simulada,2,0,0
1783612256796,2,POST get_bancos,200,OK,Benchmark - Operaciones Normales 1-70,text,true,,1344,254,1,1,http://localhost:3500/query/empresa_simulada,2,0,0
1783612256798,2,POST get_monedas,200,OK,Benchmark - Operaciones Normales 1-70,text,true,,1572,255,1,1,http://localhost:3500/query/empresa_simulada,2,0,0
1783612256800,3,POST get_empresa,200,OK,Benchmark - Operaciones Normales 1-70,text,true,,1456,255,1,1,http://localhost:3500/query/empresa_simulada,3,0,0
1783612256803,2,POST get_cuentas_cobrar,200,OK,Benchmark - Operaciones Normales 1-70,text,true,,1981,311,1,1,http://localhost:3500/query/empresa_simulada,2,0,0
1783612256805,2,POST get_bancos,200,OK,Benchmark - Operaciones Normales 1-70,text,true,,1344,254,1,1,http://localhost:3500/query/empresa_simulada,2,0,0
1783612256807,2,POST get_monedas,200,OK,Benchmark - Operaciones Normales 1-70,text,true,,1572,255,1,1,http://localhost:3500/query/empresa_simulada,2,0,0
1783612256809,2,POST get_empresa,200,OK,Benchmark - Operaciones Normales 1-70,text,true,,1456,255,1,1,http://localhost:3500/query/empresa_simulada,2,0,0
1783612256811,2,POST get_cuentas_cobrar,200,OK,Benchmark - Operaciones Normales 1-70,text,true,,1981,311,1,1,http://localhost:3500/query/empresa_simulada,2,0,0
1783612256814,1,POST get_bancos,200,OK,Benchmark - Operaciones Normales 1-70,text,true,,1344,254,1,1,http://localhost:3500/query/empresa_simulada,1,0,0
1783612256816,1,POST get_monedas,200,OK,Benchmark - Operaciones Normales 1-70,text,true,,1572,255,1,1,http://localhost:3500/query/empresa_simulada,1,0,0
1783612256818,2,POST get_empresa,200,OK,Benchmark - Operaciones Normales 1-70,text,true,,1456,255,1,1,http://localhost:3500/query/empresa_simulada,2,0,0
1783612256820,2,POST get_cuentas_cobrar,200,OK,Benchmark - Operaciones Normales 1-70,text,true,,1981,311,1,1,http://localhost:3500/query/empresa_simulada,2,0,0
1783612256822,2,POST get_bancos,200,OK,Benchmark - Operaciones Normales 1-70,text,true,,1344,254,1,1,http://localhost:3500/query/empresa_simulada,2,0,0
1783612256824,3,POST get_monedas,200,OK,Benchmark - Operaciones Normales 1-70,text,true,,1572,255,1,1,http://localhost:3500/query/empresa_simulada,3,0,0
1783612256827,3,POST get_empresa,200,OK,Benchmark - Operaciones Normales 1-70,text,true,,1456,255,1,1,http://localhost:3500/query/empresa_simulada,2,0,0
1783612256830,2,POST get_cuentas_cobrar,200,OK,Benchmark - Operaciones Normales 1-70,text,true,,1981,311,1,1,http://localhost:3500/query/empresa_simulada,2,0,0
1783612256832,2,POST get_bancos,200,OK,Benchmark - Operaciones Normales 1-70,text,true,,1344,254,1,1,http://localhost:3500/query/empresa_simulada,2,0,0
1783612256834,2,POST get_monedas,200,OK,Benchmark - Operaciones Normales 1-70,text,true,,1572,255,1,1,http://localhost:3500/query/empresa_simulada,2,0,0
1783612256836,2,POST get_empresa,200,OK,Benchmark - Operaciones Normales 1-70,text,true,,1456,255,1,1,http://localhost:3500/query/empresa_simulada,2,0,0
1783612256838,2,POST get_cuentas_cobrar,200,OK,Benchmark - Operaciones Normales 1-70,text,true,,1981,311,1,1,http://localhost:3500/query/empresa_simulada,2,0,0
1783612256840,2,POST get_bancos,200,OK,Benchmark - Operaciones Normales 1-70,text,true,,1344,254,1,1,http://localhost:3500/query/empresa_simulada,2,0,0
1783612256843,2,POST get_monedas,200,OK,Benchmark - Operaciones Normales 1-70,text,true,,1572,255,1,1,http://localhost:3500/query/empresa_simulada,2,0,0
1783612256845,2,POST get_empresa,200,OK,Benchmark - Operaciones Normales 1-70,text,true,,1456,255,1,1,http://localhost:3500/query/empresa_simulada,2,0,0
1783612256848,1,POST get_cuentas_cobrar,200,OK,Benchmark - Operaciones Normales 1-70,text,true,,1981,311,1,1,http://localhost:3500/query/empresa_simulada,1,0,0
1783612256850,2,POST get_bancos,200,OK,Benchmark - Operaciones Normales 1-70,text,true,,1344,254,1,1,http://localhost:3500/query/empresa_simulada,2,0,0
1783612256852,2,POST get_monedas,200,OK,Benchmark - Operaciones Normales 1-70,text,true,,1572,255,1,1,http://localhost:3500/query/empresa_simulada,2,0,0
1783612256854,2,POST get_empresa,200,OK,Benchmark - Operaciones Normales 1-70,text,true,,1456,255,1,1,http://localhost:3500/query/empresa_simulada,2,0,0
1783612256856,2,POST get_cuentas_cobrar,200,OK,Benchmark - Operaciones Normales 1-70,text,true,,1981,311,1,1,http://localhost:3500/query/empresa_simulada,2,0,0
1783612256858,2,POST get_bancos,200,OK,Benchmark - Operaciones Normales 1-70,text,true,,1344,254,1,1,http://localhost:3500/query/empresa_simulada,2,0,0
1783612256860,2,POST get_monedas,200,OK,Benchmark - Operaciones Normales 1-70,text,true,,1572,255,1,1,http://localhost:3500/query/empresa_simulada,2,0,0
1783612256862,3,POST get_empresa,200,OK,Benchmark - Operaciones Normales 1-70,text,true,,1456,255,1,1,http://localhost:3500/query/empresa_simulada,3,0,0
1783612256865,3,POST get_cuentas_cobrar,200,OK,Benchmark - Operaciones Normales 1-70,text,true,,1981,311,1,1,http://localhost:3500/query/empresa_simulada,3,0,0
1783612256868,2,POST get_bancos,200,OK,Benchmark - Operaciones Normales 1-70,text,true,,1344,254,1,1,http://localhost:3500/query/empresa_simulada,2,0,0
1783612256870,2,POST get_monedas,200,OK,Benchmark - Operaciones Normales 1-70,text,true,,1572,255,1,1,http://localhost:3500/query/empresa_simulada,2,0,0
1783612256872,2,POST get_empresa,200,OK,Benchmark - Operaciones Normales 1-70,text,true,,1456,255,1,1,http://localhost:3500/query/empresa_simulada,2,0,0
1783612256884,3,POST get_cuentas_cobrar,200,OK,Benchmark - Operaciones Normales 1-71,text,true,,1981,311,1,1,http://localhost:3500/query/empresa_simulada,3,0,1
1783612256887,2,POST get_bancos,200,OK,Benchmark - Operaciones Normales 1-71,text,true,,1344,254,1,1,http://localhost:3500/query/empresa_simulada,2,0,0
1783612256889,3,POST get_monedas,200,OK,Benchmark - Operaciones Normales 1-71,text,true,,1572,255,1,1,http://localhost:3500/query/empresa_simulada,3,0,0
1783612256892,2,POST get_empresa,200,OK,Benchmark - Operaciones Normales 1-71,text,true,,1456,255,1,1,http://localhost:3500/query/empresa_simulada,2,0,0
1783612256894,2,POST get_cuentas_cobrar,200,OK,Benchmark - Operaciones Normales 1-71,text,true,,1981,311,1,1,http://localhost:3500/query/empresa_simulada,2,0,0
1783612256896,2,POST get_bancos,200,OK,Benchmark - Operaciones Normales 1-71,text,true,,1344,254,1,1,http://localhost:3500/query/empresa_simulada,2,0,0
1783612256898,2,POST get_monedas,200,OK,Benchmark - Operaciones Normales 1-71,text,true,,1572,255,1,1,http://localhost:3500/query/empresa_simulada,2,0,0
1783612256900,2,POST get_empresa,200,OK,Benchmark - Operaciones Normales 1-71,text,true,,1456,255,1,1,http://localhost:3500/query/empresa_simulada,2,0,0
1783612256902,2,POST get_cuentas_cobrar,200,OK,Benchmark - Operaciones Normales 1-71,text,true,,1981,311,1,1,http://localhost:3500/query/empresa_simulada,2,0,0
1783612256904,3,POST get_bancos,200,OK,Benchmark - Operaciones Normales 1-71,text,true,,1344,254,1,1,http://localhost:3500/query/empresa_simulada,3,0,0
1783612256907,2,POST get_monedas,200,OK,Benchmark - Operaciones Normales 1-71,text,true,,1572,255,1,1,http://localhost:3500/query/empresa_simulada,2,0,0
1783612256909,2,POST get_empresa,200,OK,Benchmark - Operaciones Normales 1-71,text,true,,1456,255,1,1,http://localhost:3500/query/empresa_simulada,2,0,0
1783612256911,2,POST get_cuentas_cobrar,200,OK,Benchmark - Operaciones Normales 1-71,text,true,,1981,311,1,1,http://localhost:3500/query/empresa_simulada,2,0,0
1783612256913,2,POST get_bancos,200,OK,Benchmark - Operaciones Normales 1-71,text,true,,1344,254,1,1,http://localhost:3500/query/empresa_simulada,2,0,0
1783612256915,2,POST get_monedas,200,OK,Benchmark - Operaciones Normales 1-71,text,true,,1572,255,1,1,http://localhost:3500/query/empresa_simulada,2,0,0
1783612256917,2,POST get_empresa,200,OK,Benchmark - Operaciones Normales 1-71,text,true,,1456,255,1,1,http://localhost:3500/query/empresa_simulada,2,0,0
1783612256919,3,POST get_cuentas_cobrar,200,OK,Benchmark - Operaciones Normales 1-71,text,true,,1981,311,1,1,http://localhost:3500/query/empresa_simulada,3,0,0
1783612256922,2,POST get_bancos,200,OK,Benchmark - Operaciones Normales 1-71,text,true,,1344,254,1,1,http://localhost:3500/query/empresa_simulada,2,0,0
1783612256924,2,POST get_monedas,200,OK,Benchmark - Operaciones Normales 1-71,text,true,,1572,255,1,1,http://localhost:3500/query/empresa_simulada,2,0,0
1783612256926,2,POST get_empresa,200,OK,Benchmark - Operaciones Normales 1-71,text,true,,1456,255,1,1,http://localhost:3500/query/empresa_simulada,2,0,0
1783612256928,2,POST get_cuentas_cobrar,200,OK,Benchmark - Operaciones Normales 1-71,text,true,,1981,311,1,1,http://localhost:3500/query/empresa_simulada,2,0,0
1783612256930,2,POST get_bancos,200,OK,Benchmark - Operaciones Normales 1-71,text,true,,1344,254,1,1,http://localhost:3500/query/empresa_simulada,2,0,0
1783612256932,2,POST get_monedas,200,OK,Benchmark - Operaciones Normales 1-71,text,true,,1572,255,1,1,http://localhost:3500/query/empresa_simulada,2,0,0
1783612256934,2,POST get_empresa,200,OK,Benchmark - Operaciones Normales 1-71,text,true,,1456,255,1,1,http://localhost:3500/query/empresa_simulada,2,0,0
1783612256936,2,POST get_cuentas_cobrar,200,OK,Benchmark - Operaciones Normales 1-71,text,true,,1981,311,1,1,http://localhost:3500/query/empresa_simulada,2,0,0
1783612256938,2,POST get_bancos,200,OK,Benchmark - Operaciones Normales 1-71,text,true,,1344,254,1,1,http://localhost:3500/query/empresa_simulada,2,0,0
1783612256941,2,POST get_monedas,200,OK,Benchmark - Operaciones Normales 1-71,text,true,,1572,255,1,1,http://localhost:3500/query/empresa_simulada,2,0,0
1783612256943,1,POST get_empresa,200,OK,Benchmark - Operaciones Normales 1-71,text,true,,1456,255,1,1,http://localhost:3500/query/empresa_simulada,1,0,0
1783612256945,1,POST get_cuentas_cobrar,200,OK,Benchmark - Operaciones Normales 1-71,text,true,,1981,311,1,1,http://localhost:3500/query/empresa_simulada,1,0,0
1783612256947,1,POST get_bancos,200,OK,Benchmark - Operaciones Normales 1-71,text,true,,1344,254,1,1,http://localhost:3500/query/empresa_simulada,1,0,0
1783612256949,1,POST get_monedas,200,OK,Benchmark - Operaciones Normales 1-71,text,true,,1572,255,1,1,http://localhost:3500/query/empresa_simulada,1,0,0
1783612256950,2,POST get_empresa,200,OK,Benchmark - Operaciones Normales 1-71,text,true,,1456,255,1,1,http://localhost:3500/query/empresa_simulada,2,0,0
1783612256952,2,POST get_cuentas_cobrar,200,OK,Benchmark - Operaciones Normales 1-71,text,true,,1981,311,1,1,http://localhost:3500/query/empresa_simulada,2,0,0
1783612256954,2,POST get_bancos,200,OK,Benchmark - Operaciones Normales 1-71,text,true,,1344,254,1,1,http://localhost:3500/query/empresa_simulada,2,0,0
1783612256956,2,POST get_monedas,200,OK,Benchmark - Operaciones Normales 1-71,text,true,,1572,255,1,1,http://localhost:3500/query/empresa_simulada,2,0,0
1783612256959,2,POST get_empresa,200,OK,Benchmark - Operaciones Normales 1-71,text,true,,1456,255,1,1,http://localhost:3500/query/empresa_simulada,2,0,0
1783612256961,2,POST get_cuentas_cobrar,200,OK,Benchmark - Operaciones Normales 1-71,text,true,,1981,311,1,1,http://localhost:3500/query/empresa_simulada,2,0,0
1783612256963,2,POST get_bancos,200,OK,Benchmark - Operaciones Normales 1-71,text,true,,1344,254,1,1,http://localhost:3500/query/empresa_simulada,2,0,0
1783612256965,5,POST get_monedas,200,OK,Benchmark - Operaciones Normales 1-71,text,true,,1572,255,1,1,http://localhost:3500/query/empresa_simulada,5,0,0
1783612256971,2,POST get_empresa,200,OK,Benchmark - Operaciones Normales 1-71,text,true,,1456,255,1,1,http://localhost:3500/query/empresa_simulada,2,0,0
1783612256984,4,POST get_cuentas_cobrar,200,OK,Benchmark - Operaciones Normales 1-72,text,true,,1981,311,1,1,http://localhost:3500/query/empresa_simulada,4,0,1
1783612256988,2,POST get_bancos,200,OK,Benchmark - Operaciones Normales 1-72,text,true,,1344,254,1,1,http://localhost:3500/query/empresa_simulada,2,0,0
1783612256990,2,POST get_monedas,200,OK,Benchmark - Operaciones Normales 1-72,text,true,,1572,255,1,1,http://localhost:3500/query/empresa_simulada,2,0,0
1783612256992,2,POST get_empresa,200,OK,Benchmark - Operaciones Normales 1-72,text,true,,1456,255,1,1,http://localhost:3500/query/empresa_simulada,1,0,0
1783612256994,1,POST get_cuentas_cobrar,200,OK,Benchmark - Operaciones Normales 1-72,text,true,,1981,311,1,1,http://localhost:3500/query/empresa_simulada,1,0,0
1783612256995,2,POST get_bancos,200,OK,Benchmark - Operaciones Normales 1-72,text,true,,1344,254,1,1,http://localhost:3500/query/empresa_simulada,2,0,0
1783612256997,3,POST get_monedas,200,OK,Benchmark - Operaciones Normales 1-72,text,true,,1572,255,1,1,http://localhost:3500/query/empresa_simulada,3,0,0
1783612257001,2,POST get_empresa,200,OK,Benchmark - Operaciones Normales 1-72,text,true,,1456,255,1,1,http://localhost:3500/query/empresa_simulada,2,0,0
1783612257003,1,POST get_cuentas_cobrar,200,OK,Benchmark - Operaciones Normales 1-72,text,true,,1981,311,1,1,http://localhost:3500/query/empresa_simulada,1,0,0
1783612257005,2,POST get_bancos,200,OK,Benchmark - Operaciones Normales 1-72,text,true,,1344,254,1,1,http://localhost:3500/query/empresa_simulada,2,0,0
1783612257007,2,POST get_monedas,200,OK,Benchmark - Operaciones Normales 1-72,text,true,,1572,255,1,1,http://localhost:3500/query/empresa_simulada,2,0,0
1783612257009,2,POST get_empresa,200,OK,Benchmark - Operaciones Normales 1-72,text,true,,1456,255,1,1,http://localhost:3500/query/empresa_simulada,2,0,0
1783612257011,2,POST get_cuentas_cobrar,200,OK,Benchmark - Operaciones Normales 1-72,text,true,,1981,311,1,1,http://localhost:3500/query/empresa_simulada,2,0,0
1783612257013,2,POST get_bancos,200,OK,Benchmark - Operaciones Normales 1-72,text,true,,1344,254,1,1,http://localhost:3500/query/empresa_simulada,2,0,0
1783612257015,2,POST get_monedas,200,OK,Benchmark - Operaciones Normales 1-72,text,true,,1572,255,1,1,http://localhost:3500/query/empresa_simulada,2,0,0
1783612257017,2,POST get_empresa,200,OK,Benchmark - Operaciones Normales 1-72,text,true,,1456,255,1,1,http://localhost:3500/query/empresa_simulada,2,0,0
1783612257019,2,POST get_cuentas_cobrar,200,OK,Benchmark - Operaciones Normales 1-72,text,true,,1981,311,1,1,http://localhost:3500/query/empresa_simulada,2,0,0
1783612257021,2,POST get_bancos,200,OK,Benchmark - Operaciones Normales 1-72,text,true,,1344,254,1,1,http://localhost:3500/query/empresa_simulada,2,0,0
1783612257023,2,POST get_monedas,200,OK,Benchmark - Operaciones Normales 1-72,text,true,,1572,255,1,1,http://localhost:3500/query/empresa_simulada,2,0,0
1783612257025,2,POST get_empresa,200,OK,Benchmark - Operaciones Normales 1-72,text,true,,1456,255,1,1,http://localhost:3500/query/empresa_simulada,2,0,0
1783612257027,2,POST get_cuentas_cobrar,200,OK,Benchmark - Operaciones Normales 1-72,text,true,,1981,311,1,1,http://localhost:3500/query/empresa_simulada,2,0,0
1783612257029,1,POST get_bancos,200,OK,Benchmark - Operaciones Normales 1-72,text,true,,1344,254,1,1,http://localhost:3500/query/empresa_simulada,1,0,0
1783612257031,2,POST get_monedas,200,OK,Benchmark - Operaciones Normales 1-72,text,true,,1572,255,1,1,http://localhost:3500/query/empresa_simulada,2,0,0
1783612257033,2,POST get_empresa,200,OK,Benchmark - Operaciones Normales 1-72,text,true,,1456,255,1,1,http://localhost:3500/query/empresa_simulada,2,0,0
1783612257036,1,POST get_cuentas_cobrar,200,OK,Benchmark - Operaciones Normales 1-72,text,true,,1981,311,1,1,http://localhost:3500/query/empresa_simulada,1,0,0
1783612257037,2,POST get_bancos,200,OK,Benchmark - Operaciones Normales 1-72,text,true,,1344,254,1,1,http://localhost:3500/query/empresa_simulada,2,0,0
1783612257039,2,POST get_monedas,200,OK,Benchmark - Operaciones Normales 1-72,text,true,,1572,255,1,1,http://localhost:3500/query/empresa_simulada,2,0,0
1783612257041,2,POST get_empresa,200,OK,Benchmark - Operaciones Normales 1-72,text,true,,1456,255,1,1,http://localhost:3500/query/empresa_simulada,2,0,0
1783612257043,2,POST get_cuentas_cobrar,200,OK,Benchmark - Operaciones Normales 1-72,text,true,,1981,311,1,1,http://localhost:3500/query/empresa_simulada,2,0,0
1783612257045,2,POST get_bancos,200,OK,Benchmark - Operaciones Normales 1-72,text,true,,1344,254,1,1,http://localhost:3500/query/empresa_simulada,2,0,0
1783612257047,2,POST get_monedas,200,OK,Benchmark - Operaciones Normales 1-72,text,true,,1572,255,1,1,http://localhost:3500/query/empresa_simulada,2,0,0
1783612257050,1,POST get_empresa,200,OK,Benchmark - Operaciones Normales 1-72,text,true,,1456,255,1,1,http://localhost:3500/query/empresa_simulada,1,0,0
1783612257051,2,POST get_cuentas_cobrar,200,OK,Benchmark - Operaciones Normales 1-72,text,true,,1981,311,1,1,http://localhost:3500/query/empresa_simulada,2,0,0
1783612257053,2,POST get_bancos,200,OK,Benchmark - Operaciones Normales 1-72,text,true,,1344,254,1,1,http://localhost:3500/query/empresa_simulada,2,0,0
1783612257055,2,POST get_monedas,200,OK,Benchmark - Operaciones Normales 1-72,text,true,,1572,255,1,1,http://localhost:3500/query/empresa_simulada,2,0,0
1783612257057,2,POST get_empresa,200,OK,Benchmark - Operaciones Normales 1-72,text,true,,1456,255,1,1,http://localhost:3500/query/empresa_simulada,2,0,0
1783612257059,2,POST get_cuentas_cobrar,200,OK,Benchmark - Operaciones Normales 1-72,text,true,,1981,311,1,1,http://localhost:3500/query/empresa_simulada,2,0,0
1783612257061,2,POST get_bancos,200,OK,Benchmark - Operaciones Normales 1-72,text,true,,1344,254,1,1,http://localhost:3500/query/empresa_simulada,2,0,0
1783612257063,2,POST get_monedas,200,OK,Benchmark - Operaciones Normales 1-72,text,true,,1572,255,1,1,http://localhost:3500/query/empresa_simulada,2,0,0
1783612257065,2,POST get_empresa,200,OK,Benchmark - Operaciones Normales 1-72,text,true,,1456,255,1,1,http://localhost:3500/query/empresa_simulada,2,0,0
1783612257084,4,POST get_cuentas_cobrar,200,OK,Benchmark - Operaciones Normales 1-73,text,true,,1981,311,1,1,http://localhost:3500/query/empresa_simulada,4,0,2
1783612257088,2,POST get_bancos,200,OK,Benchmark - Operaciones Normales 1-73,text,true,,1344,254,1,1,http://localhost:3500/query/empresa_simulada,2,0,0
1783612257090,3,POST get_monedas,200,OK,Benchmark - Operaciones Normales 1-73,text,true,,1572,255,1,1,http://localhost:3500/query/empresa_simulada,3,0,0
1783612257093,3,POST get_empresa,200,OK,Benchmark - Operaciones Normales 1-73,text,true,,1456,255,1,1,http://localhost:3500/query/empresa_simulada,3,0,0
1783612257096,2,POST get_cuentas_cobrar,200,OK,Benchmark - Operaciones Normales 1-73,text,true,,1981,311,1,1,http://localhost:3500/query/empresa_simulada,2,0,0
1783612257098,2,POST get_bancos,200,OK,Benchmark - Operaciones Normales 1-73,text,true,,1344,254,1,1,http://localhost:3500/query/empresa_simulada,2,0,0
1783612257100,2,POST get_monedas,200,OK,Benchmark - Operaciones Normales 1-73,text,true,,1572,255,1,1,http://localhost:3500/query/empresa_simulada,2,0,0
1783612257103,2,POST get_empresa,200,OK,Benchmark - Operaciones Normales 1-73,text,true,,1456,255,1,1,http://localhost:3500/query/empresa_simulada,2,0,0
1783612257105,2,POST get_cuentas_cobrar,200,OK,Benchmark - Operaciones Normales 1-73,text,true,,1981,311,1,1,http://localhost:3500/query/empresa_simulada,2,0,0
1783612257107,3,POST get_bancos,200,OK,Benchmark - Operaciones Normales 1-73,text,true,,1344,254,1,1,http://localhost:3500/query/empresa_simulada,3,0,0
1783612257110,3,POST get_monedas,200,OK,Benchmark - Operaciones Normales 1-73,text,true,,1572,255,1,1,http://localhost:3500/query/empresa_simulada,3,0,0
1783612257114,2,POST get_empresa,200,OK,Benchmark - Operaciones Normales 1-73,text,true,,1456,255,1,1,http://localhost:3500/query/empresa_simulada,2,0,0
1783612257116,2,POST get_cuentas_cobrar,200,OK,Benchmark - Operaciones Normales 1-73,text,true,,1981,311,1,1,http://localhost:3500/query/empresa_simulada,2,0,0
1783612257118,3,POST get_bancos,200,OK,Benchmark - Operaciones Normales 1-73,text,true,,1344,254,1,1,http://localhost:3500/query/empresa_simulada,3,0,0
1783612257121,3,POST get_monedas,200,OK,Benchmark - Operaciones Normales 1-73,text,true,,1572,255,1,1,http://localhost:3500/query/empresa_simulada,3,0,0
1783612257125,1,POST get_empresa,200,OK,Benchmark - Operaciones Normales 1-73,text,true,,1456,255,1,1,http://localhost:3500/query/empresa_simulada,1,0,0
1783612257127,2,POST get_cuentas_cobrar,200,OK,Benchmark - Operaciones Normales 1-73,text,true,,1981,311,1,1,http://localhost:3500/query/empresa_simulada,2,0,0
1783612257129,2,POST get_bancos,200,OK,Benchmark - Operaciones Normales 1-73,text,true,,1344,254,1,1,http://localhost:3500/query/empresa_simulada,2,0,0
1783612257131,2,POST get_monedas,200,OK,Benchmark - Operaciones Normales 1-73,text,true,,1572,255,1,1,http://localhost:3500/query/empresa_simulada,2,0,0
1783612257133,2,POST get_empresa,200,OK,Benchmark - Operaciones Normales 1-73,text,true,,1456,255,1,1,http://localhost:3500/query/empresa_simulada,2,0,0
1783612257135,2,POST get_cuentas_cobrar,200,OK,Benchmark - Operaciones Normales 1-73,text,true,,1981,311,1,1,http://localhost:3500/query/empresa_simulada,2,0,0
1783612257137,2,POST get_bancos,200,OK,Benchmark - Operaciones Normales 1-73,text,true,,1344,254,1,1,http://localhost:3500/query/empresa_simulada,2,0,0
1783612257139,3,POST get_monedas,200,OK,Benchmark - Operaciones Normales 1-73,text,true,,1572,255,1,1,http://localhost:3500/query/empresa_simulada,3,0,0
1783612257142,3,POST get_empresa,200,OK,Benchmark - Operaciones Normales 1-73,text,true,,1456,255,1,1,http://localhost:3500/query/empresa_simulada,3,0,0
1783612257145,2,POST get_cuentas_cobrar,200,OK,Benchmark - Operaciones Normales 1-73,text,true,,1981,311,1,1,http://localhost:3500/query/empresa_simulada,2,0,0
1783612257147,3,POST get_bancos,200,OK,Benchmark - Operaciones Normales 1-73,text,true,,1344,254,1,1,http://localhost:3500/query/empresa_simulada,3,0,0
1783612257150,3,POST get_monedas,200,OK,Benchmark - Operaciones Normales 1-73,text,true,,1572,255,1,1,http://localhost:3500/query/empresa_simulada,3,0,0
1783612257153,3,POST get_empresa,200,OK,Benchmark - Operaciones Normales 1-73,text,true,,1456,255,1,1,http://localhost:3500/query/empresa_simulada,3,0,0
1783612257156,2,POST get_cuentas_cobrar,200,OK,Benchmark - Operaciones Normales 1-73,text,true,,1981,311,1,1,http://localhost:3500/query/empresa_simulada,2,0,0
1783612257159,2,POST get_bancos,200,OK,Benchmark - Operaciones Normales 1-73,text,true,,1344,254,1,1,http://localhost:3500/query/empresa_simulada,2,0,0
1783612257161,2,POST get_monedas,200,OK,Benchmark - Operaciones Normales 1-73,text,true,,1572,255,1,1,http://localhost:3500/query/empresa_simulada,2,0,0
1783612257163,3,POST get_empresa,200,OK,Benchmark - Operaciones Normales 1-73,text,true,,1456,255,1,1,http://localhost:3500/query/empresa_simulada,3,0,0
1783612257166,2,POST get_cuentas_cobrar,200,OK,Benchmark - Operaciones Normales 1-73,text,true,,1981,311,1,1,http://localhost:3500/query/empresa_simulada,2,0,0
1783612257168,2,POST get_bancos,200,OK,Benchmark - Operaciones Normales 1-73,text,true,,1344,254,1,1,http://localhost:3500/query/empresa_simulada,2,0,0
1783612257171,2,POST get_monedas,200,OK,Benchmark - Operaciones Normales 1-73,text,true,,1572,255,1,1,http://localhost:3500/query/empresa_simulada,2,0,0
1783612257173,2,POST get_empresa,200,OK,Benchmark - Operaciones Normales 1-73,text,true,,1456,255,1,1,http://localhost:3500/query/empresa_simulada,2,0,0
1783612257176,3,POST get_cuentas_cobrar,200,OK,Benchmark - Operaciones Normales 1-73,text,true,,1981,311,1,1,http://localhost:3500/query/empresa_simulada,3,0,0
1783612257179,2,POST get_bancos,200,OK,Benchmark - Operaciones Normales 1-73,text,true,,1344,254,1,1,http://localhost:3500/query/empresa_simulada,2,0,0
1783612257181,3,POST get_monedas,200,OK,Benchmark - Operaciones Normales 1-73,text,true,,1572,255,2,2,http://localhost:3500/query/empresa_simulada,3,0,0
1783612257184,3,POST get_empresa,200,OK,Benchmark - Operaciones Normales 1-73,text,true,,1456,255,2,2,http://localhost:3500/query/empresa_simulada,3,0,0
1783612257184,6,POST get_cuentas_cobrar,200,OK,Benchmark - Operaciones Normales 1-74,text,true,,1981,311,1,1,http://localhost:3500/query/empresa_simulada,6,0,3
1783612257190,2,POST get_bancos,200,OK,Benchmark - Operaciones Normales 1-74,text,true,,1344,254,1,1,http://localhost:3500/query/empresa_simulada,2,0,0
1783612257192,3,POST get_monedas,200,OK,Benchmark - Operaciones Normales 1-74,text,true,,1572,255,1,1,http://localhost:3500/query/empresa_simulada,3,0,0
1783612257195,2,POST get_empresa,200,OK,Benchmark - Operaciones Normales 1-74,text,true,,1456,255,1,1,http://localhost:3500/query/empresa_simulada,2,0,0
1783612257198,2,POST get_cuentas_cobrar,200,OK,Benchmark - Operaciones Normales 1-74,text,true,,1981,311,1,1,http://localhost:3500/query/empresa_simulada,2,0,0
1783612257201,2,POST get_bancos,200,OK,Benchmark - Operaciones Normales 1-74,text,true,,1344,254,1,1,http://localhost:3500/query/empresa_simulada,1,0,0
1783612257203,2,POST get_monedas,200,OK,Benchmark - Operaciones Normales 1-74,text,true,,1572,255,1,1,http://localhost:3500/query/empresa_simulada,2,0,0
1783612257205,2,POST get_empresa,200,OK,Benchmark - Operaciones Normales 1-74,text,true,,1456,255,1,1,http://localhost:3500/query/empresa_simulada,2,0,0
1783612257207,2,POST get_cuentas_cobrar,200,OK,Benchmark - Operaciones Normales 1-74,text,true,,1981,311,1,1,http://localhost:3500/query/empresa_simulada,2,0,0
1783612257209,2,POST get_bancos,200,OK,Benchmark - Operaciones Normales 1-74,text,true,,1344,254,1,1,http://localhost:3500/query/empresa_simulada,2,0,0
1783612257211,2,POST get_monedas,200,OK,Benchmark - Operaciones Normales 1-74,text,true,,1572,255,1,1,http://localhost:3500/query/empresa_simulada,2,0,0
1783612257213,1,POST get_empresa,200,OK,Benchmark - Operaciones Normales 1-74,text,true,,1456,255,1,1,http://localhost:3500/query/empresa_simulada,1,0,0
1783612257215,2,POST get_cuentas_cobrar,200,OK,Benchmark - Operaciones Normales 1-74,text,true,,1981,311,1,1,http://localhost:3500/query/empresa_simulada,2,0,0
1783612257217,2,POST get_bancos,200,OK,Benchmark - Operaciones Normales 1-74,text,true,,1344,254,1,1,http://localhost:3500/query/empresa_simulada,2,0,0
1783612257219,3,POST get_monedas,200,OK,Benchmark - Operaciones Normales 1-74,text,true,,1572,255,1,1,http://localhost:3500/query/empresa_simulada,3,0,0
1783612257222,4,POST get_empresa,200,OK,Benchmark - Operaciones Normales 1-74,text,true,,1456,255,1,1,http://localhost:3500/query/empresa_simulada,4,0,0
1783612257226,2,POST get_cuentas_cobrar,200,OK,Benchmark - Operaciones Normales 1-74,text,true,,1981,311,1,1,http://localhost:3500/query/empresa_simulada,2,0,0
1783612257228,4,POST get_bancos,200,OK,Benchmark - Operaciones Normales 1-74,text,true,,1344,254,1,1,http://localhost:3500/query/empresa_simulada,3,0,0
1783612257232,2,POST get_monedas,200,OK,Benchmark - Operaciones Normales 1-74,text,true,,1572,255,1,1,http://localhost:3500/query/empresa_simulada,2,0,0
1783612257234,2,POST get_empresa,200,OK,Benchmark - Operaciones Normales 1-74,text,true,,1456,255,1,1,http://localhost:3500/query/empresa_simulada,2,0,0
1783612257237,2,POST get_cuentas_cobrar,200,OK,Benchmark - Operaciones Normales 1-74,text,true,,1981,311,1,1,http://localhost:3500/query/empresa_simulada,2,0,0
1783612257239,2,POST get_bancos,200,OK,Benchmark - Operaciones Normales 1-74,text,true,,1344,254,1,1,http://localhost:3500/query/empresa_simulada,2,0,0
1783612257241,2,POST get_monedas,200,OK,Benchmark - Operaciones Normales 1-74,text,true,,1572,255,1,1,http://localhost:3500/query/empresa_simulada,2,0,0
1783612257243,2,POST get_empresa,200,OK,Benchmark - Operaciones Normales 1-74,text,true,,1456,255,1,1,http://localhost:3500/query/empresa_simulada,2,0,0
1783612257245,2,POST get_cuentas_cobrar,200,OK,Benchmark - Operaciones Normales 1-74,text,true,,1981,311,1,1,http://localhost:3500/query/empresa_simulada,2,0,0
1783612257247,3,POST get_bancos,200,OK,Benchmark - Operaciones Normales 1-74,text,true,,1344,254,1,1,http://localhost:3500/query/empresa_simulada,3,0,0
1783612257250,3,POST get_monedas,200,OK,Benchmark - Operaciones Normales 1-74,text,true,,1572,255,1,1,http://localhost:3500/query/empresa_simulada,3,0,0
1783612257253,2,POST get_empresa,200,OK,Benchmark - Operaciones Normales 1-74,text,true,,1456,255,1,1,http://localhost:3500/query/empresa_simulada,2,0,0
1783612257255,3,POST get_cuentas_cobrar,200,OK,Benchmark - Operaciones Normales 1-74,text,true,,1981,311,1,1,http://localhost:3500/query/empresa_simulada,2,0,0
1783612257258,1,POST get_bancos,200,OK,Benchmark - Operaciones Normales 1-74,text,true,,1344,254,1,1,http://localhost:3500/query/empresa_simulada,1,0,0
1783612257260,1,POST get_monedas,200,OK,Benchmark - Operaciones Normales 1-74,text,true,,1572,255,1,1,http://localhost:3500/query/empresa_simulada,1,0,0
1783612257262,1,POST get_empresa,200,OK,Benchmark - Operaciones Normales 1-74,text,true,,1456,255,1,1,http://localhost:3500/query/empresa_simulada,1,0,0
1783612257264,1,POST get_cuentas_cobrar,200,OK,Benchmark - Operaciones Normales 1-74,text,true,,1981,311,1,1,http://localhost:3500/query/empresa_simulada,1,0,0
1783612257266,1,POST get_bancos,200,OK,Benchmark - Operaciones Normales 1-74,text,true,,1344,254,1,1,http://localhost:3500/query/empresa_simulada,1,0,0
1783612257268,2,POST get_monedas,200,OK,Benchmark - Operaciones Normales 1-74,text,true,,1572,255,1,1,http://localhost:3500/query/empresa_simulada,2,0,0
1783612257270,2,POST get_empresa,200,OK,Benchmark - Operaciones Normales 1-74,text,true,,1456,255,1,1,http://localhost:3500/query/empresa_simulada,2,0,0
1783612257272,3,POST get_cuentas_cobrar,200,OK,Benchmark - Operaciones Normales 1-74,text,true,,1981,311,1,1,http://localhost:3500/query/empresa_simulada,3,0,0
1783612257275,2,POST get_bancos,200,OK,Benchmark - Operaciones Normales 1-74,text,true,,1344,254,1,1,http://localhost:3500/query/empresa_simulada,2,0,0
1783612257277,2,POST get_monedas,200,OK,Benchmark - Operaciones Normales 1-74,text,true,,1572,255,1,1,http://localhost:3500/query/empresa_simulada,2,0,0
1783612257279,2,POST get_empresa,200,OK,Benchmark - Operaciones Normales 1-74,text,true,,1456,255,1,1,http://localhost:3500/query/empresa_simulada,2,0,0
1783612257283,3,POST get_cuentas_cobrar,200,OK,Benchmark - Operaciones Normales 1-75,text,true,,1981,311,1,1,http://localhost:3500/query/empresa_simulada,3,0,1
1783612257286,2,POST get_bancos,200,OK,Benchmark - Operaciones Normales 1-75,text,true,,1344,254,1,1,http://localhost:3500/query/empresa_simulada,2,0,0
1783612257288,2,POST get_monedas,200,OK,Benchmark - Operaciones Normales 1-75,text,true,,1572,255,1,1,http://localhost:3500/query/empresa_simulada,2,0,0
1783612257290,2,POST get_empresa,200,OK,Benchmark - Operaciones Normales 1-75,text,true,,1456,255,1,1,http://localhost:3500/query/empresa_simulada,2,0,0
1783612257292,2,POST get_cuentas_cobrar,200,OK,Benchmark - Operaciones Normales 1-75,text,true,,1981,311,1,1,http://localhost:3500/query/empresa_simulada,2,0,0
1783612257294,2,POST get_bancos,200,OK,Benchmark - Operaciones Normales 1-75,text,true,,1344,254,1,1,http://localhost:3500/query/empresa_simulada,2,0,0
1783612257296,2,POST get_monedas,200,OK,Benchmark - Operaciones Normales 1-75,text,true,,1572,255,1,1,http://localhost:3500/query/empresa_simulada,2,0,0
1783612257298,2,POST get_empresa,200,OK,Benchmark - Operaciones Normales 1-75,text,true,,1456,255,1,1,http://localhost:3500/query/empresa_simulada,2,0,0
1783612257300,3,POST get_cuentas_cobrar,200,OK,Benchmark - Operaciones Normales 1-75,text,true,,1981,311,1,1,http://localhost:3500/query/empresa_simulada,3,0,0
1783612257303,2,POST get_bancos,200,OK,Benchmark - Operaciones Normales 1-75,text,true,,1344,254,1,1,http://localhost:3500/query/empresa_simulada,2,0,0
1783612257305,2,POST get_monedas,200,OK,Benchmark - Operaciones Normales 1-75,text,true,,1572,255,1,1,http://localhost:3500/query/empresa_simulada,2,0,0
1783612257307,2,POST get_empresa,200,OK,Benchmark - Operaciones Normales 1-75,text,true,,1456,255,1,1,http://localhost:3500/query/empresa_simulada,2,0,0
1783612257309,2,POST get_cuentas_cobrar,200,OK,Benchmark - Operaciones Normales 1-75,text,true,,1981,311,1,1,http://localhost:3500/query/empresa_simulada,2,0,0
1783612257311,2,POST get_bancos,200,OK,Benchmark - Operaciones Normales 1-75,text,true,,1344,254,1,1,http://localhost:3500/query/empresa_simulada,2,0,0
1783612257313,2,POST get_monedas,200,OK,Benchmark - Operaciones Normales 1-75,text,true,,1572,255,1,1,http://localhost:3500/query/empresa_simulada,2,0,0
1783612257315,2,POST get_empresa,200,OK,Benchmark - Operaciones Normales 1-75,text,true,,1456,255,1,1,http://localhost:3500/query/empresa_simulada,2,0,0
1783612257317,2,POST get_cuentas_cobrar,200,OK,Benchmark - Operaciones Normales 1-75,text,true,,1981,311,1,1,http://localhost:3500/query/empresa_simulada,2,0,0
1783612257319,2,POST get_bancos,200,OK,Benchmark - Operaciones Normales 1-75,text,true,,1344,254,1,1,http://localhost:3500/query/empresa_simulada,2,0,0
1783612257321,3,POST get_monedas,200,OK,Benchmark - Operaciones Normales 1-75,text,true,,1572,255,1,1,http://localhost:3500/query/empresa_simulada,3,0,0
1783612257324,2,POST get_empresa,200,OK,Benchmark - Operaciones Normales 1-75,text,true,,1456,255,1,1,http://localhost:3500/query/empresa_simulada,2,0,0
1783612257326,2,POST get_cuentas_cobrar,200,OK,Benchmark - Operaciones Normales 1-75,text,true,,1981,311,1,1,http://localhost:3500/query/empresa_simulada,2,0,0
1783612257328,3,POST get_bancos,200,OK,Benchmark - Operaciones Normales 1-75,text,true,,1344,254,1,1,http://localhost:3500/query/empresa_simulada,3,0,0
1783612257331,2,POST get_monedas,200,OK,Benchmark - Operaciones Normales 1-75,text,true,,1572,255,1,1,http://localhost:3500/query/empresa_simulada,2,0,0
1783612257333,1,POST get_empresa,200,OK,Benchmark - Operaciones Normales 1-75,text,true,,1456,255,1,1,http://localhost:3500/query/empresa_simulada,1,0,0
1783612257335,1,POST get_cuentas_cobrar,200,OK,Benchmark - Operaciones Normales 1-75,text,true,,1981,311,1,1,http://localhost:3500/query/empresa_simulada,1,0,0
1783612257337,1,POST get_bancos,200,OK,Benchmark - Operaciones Normales 1-75,text,true,,1344,254,1,1,http://localhost:3500/query/empresa_simulada,1,0,0
1783612257338,2,POST get_monedas,200,OK,Benchmark - Operaciones Normales 1-75,text,true,,1572,255,1,1,http://localhost:3500/query/empresa_simulada,2,0,0
1783612257340,2,POST get_empresa,200,OK,Benchmark - Operaciones Normales 1-75,text,true,,1456,255,1,1,http://localhost:3500/query/empresa_simulada,2,0,0
1783612257342,2,POST get_cuentas_cobrar,200,OK,Benchmark - Operaciones Normales 1-75,text,true,,1981,311,1,1,http://localhost:3500/query/empresa_simulada,2,0,0
1783612257345,1,POST get_bancos,200,OK,Benchmark - Operaciones Normales 1-75,text,true,,1344,254,1,1,http://localhost:3500/query/empresa_simulada,1,0,0
1783612257346,3,POST get_monedas,200,OK,Benchmark - Operaciones Normales 1-75,text,true,,1572,255,1,1,http://localhost:3500/query/empresa_simulada,3,0,0
1783612257349,2,POST get_empresa,200,OK,Benchmark - Operaciones Normales 1-75,text,true,,1456,255,1,1,http://localhost:3500/query/empresa_simulada,2,0,0
1783612257351,2,POST get_cuentas_cobrar,200,OK,Benchmark - Operaciones Normales 1-75,text,true,,1981,311,1,1,http://localhost:3500/query/empresa_simulada,2,0,0
1783612257353,2,POST get_bancos,200,OK,Benchmark - Operaciones Normales 1-75,text,true,,1344,254,1,1,http://localhost:3500/query/empresa_simulada,2,0,0
1783612257356,3,POST get_monedas,200,OK,Benchmark - Operaciones Normales 1-75,text,true,,1572,255,1,1,http://localhost:3500/query/empresa_simulada,3,0,0
1783612257359,2,POST get_empresa,200,OK,Benchmark - Operaciones Normales 1-75,text,true,,1456,255,1,1,http://localhost:3500/query/empresa_simulada,2,0,0
1783612257361,2,POST get_cuentas_cobrar,200,OK,Benchmark - Operaciones Normales 1-75,text,true,,1981,311,1,1,http://localhost:3500/query/empresa_simulada,2,0,0
1783612257364,2,POST get_bancos,200,OK,Benchmark - Operaciones Normales 1-75,text,true,,1344,254,1,1,http://localhost:3500/query/empresa_simulada,2,0,0
1783612257366,3,POST get_monedas,200,OK,Benchmark - Operaciones Normales 1-75,text,true,,1572,255,1,1,http://localhost:3500/query/empresa_simulada,3,0,0
1783612257369,2,POST get_empresa,200,OK,Benchmark - Operaciones Normales 1-75,text,true,,1456,255,1,1,http://localhost:3500/query/empresa_simulada,2,0,0
1783612257385,3,POST get_cuentas_cobrar,200,OK,Benchmark - Operaciones Normales 1-76,text,true,,1981,311,1,1,http://localhost:3500/query/empresa_simulada,3,0,1
1783612257389,2,POST get_bancos,200,OK,Benchmark - Operaciones Normales 1-76,text,true,,1344,254,1,1,http://localhost:3500/query/empresa_simulada,2,0,0
1783612257391,1,POST get_monedas,200,OK,Benchmark - Operaciones Normales 1-76,text,true,,1572,255,1,1,http://localhost:3500/query/empresa_simulada,1,0,0
1783612257393,1,POST get_empresa,200,OK,Benchmark - Operaciones Normales 1-76,text,true,,1456,255,1,1,http://localhost:3500/query/empresa_simulada,1,0,0
1783612257395,2,POST get_cuentas_cobrar,200,OK,Benchmark - Operaciones Normales 1-76,text,true,,1981,311,1,1,http://localhost:3500/query/empresa_simulada,2,0,0
1783612257397,2,POST get_bancos,200,OK,Benchmark - Operaciones Normales 1-76,text,true,,1344,254,1,1,http://localhost:3500/query/empresa_simulada,2,0,0
1783612257399,2,POST get_monedas,200,OK,Benchmark - Operaciones Normales 1-76,text,true,,1572,255,1,1,http://localhost:3500/query/empresa_simulada,2,0,0
1783612257402,2,POST get_empresa,200,OK,Benchmark - Operaciones Normales 1-76,text,true,,1456,255,1,1,http://localhost:3500/query/empresa_simulada,2,0,0
1783612257404,2,POST get_cuentas_cobrar,200,OK,Benchmark - Operaciones Normales 1-76,text,true,,1981,311,1,1,http://localhost:3500/query/empresa_simulada,2,0,0
1783612257406,2,POST get_bancos,200,OK,Benchmark - Operaciones Normales 1-76,text,true,,1344,254,1,1,http://localhost:3500/query/empresa_simulada,2,0,0
1783612257408,2,POST get_monedas,200,OK,Benchmark - Operaciones Normales 1-76,text,true,,1572,255,1,1,http://localhost:3500/query/empresa_simulada,2,0,0
1783612257410,2,POST get_empresa,200,OK,Benchmark - Operaciones Normales 1-76,text,true,,1456,255,1,1,http://localhost:3500/query/empresa_simulada,2,0,0
1783612257412,2,POST get_cuentas_cobrar,200,OK,Benchmark - Operaciones Normales 1-76,text,true,,1981,311,1,1,http://localhost:3500/query/empresa_simulada,2,0,0
1783612257414,2,POST get_bancos,200,OK,Benchmark - Operaciones Normales 1-76,text,true,,1344,254,1,1,http://localhost:3500/query/empresa_simulada,2,0,0
1783612257416,3,POST get_monedas,200,OK,Benchmark - Operaciones Normales 1-76,text,true,,1572,255,1,1,http://localhost:3500/query/empresa_simulada,3,0,0
1783612257419,3,POST get_empresa,200,OK,Benchmark - Operaciones Normales 1-76,text,true,,1456,255,1,1,http://localhost:3500/query/empresa_simulada,3,0,0
1783612257423,2,POST get_cuentas_cobrar,200,OK,Benchmark - Operaciones Normales 1-76,text,true,,1981,311,1,1,http://localhost:3500/query/empresa_simulada,2,0,0
1783612257425,1,POST get_bancos,200,OK,Benchmark - Operaciones Normales 1-76,text,true,,1344,254,1,1,http://localhost:3500/query/empresa_simulada,1,0,0
1783612257427,1,POST get_monedas,200,OK,Benchmark - Operaciones Normales 1-76,text,true,,1572,255,1,1,http://localhost:3500/query/empresa_simulada,1,0,0
1783612257429,1,POST get_empresa,200,OK,Benchmark - Operaciones Normales 1-76,text,true,,1456,255,1,1,http://localhost:3500/query/empresa_simulada,1,0,0
1783612257430,2,POST get_cuentas_cobrar,200,OK,Benchmark - Operaciones Normales 1-76,text,true,,1981,311,1,1,http://localhost:3500/query/empresa_simulada,2,0,0
1783612257432,2,POST get_bancos,200,OK,Benchmark - Operaciones Normales 1-76,text,true,,1344,254,1,1,http://localhost:3500/query/empresa_simulada,2,0,0
1783612257434,2,POST get_monedas,200,OK,Benchmark - Operaciones Normales 1-76,text,true,,1572,255,1,1,http://localhost:3500/query/empresa_simulada,2,0,0
1783612257436,2,POST get_empresa,200,OK,Benchmark - Operaciones Normales 1-76,text,true,,1456,255,1,1,http://localhost:3500/query/empresa_simulada,2,0,0
1783612257438,3,POST get_cuentas_cobrar,200,OK,Benchmark - Operaciones Normales 1-76,text,true,,1981,311,1,1,http://localhost:3500/query/empresa_simulada,3,0,0
1783612257441,2,POST get_bancos,200,OK,Benchmark - Operaciones Normales 1-76,text,true,,1344,254,1,1,http://localhost:3500/query/empresa_simulada,2,0,0
1783612257443,2,POST get_monedas,200,OK,Benchmark - Operaciones Normales 1-76,text,true,,1572,255,1,1,http://localhost:3500/query/empresa_simulada,2,0,0
1783612257445,2,POST get_empresa,200,OK,Benchmark - Operaciones Normales 1-76,text,true,,1456,255,1,1,http://localhost:3500/query/empresa_simulada,2,0,0
1783612257447,2,POST get_cuentas_cobrar,200,OK,Benchmark - Operaciones Normales 1-76,text,true,,1981,311,1,1,http://localhost:3500/query/empresa_simulada,2,0,0
1783612257449,3,POST get_bancos,200,OK,Benchmark - Operaciones Normales 1-76,text,true,,1344,254,1,1,http://localhost:3500/query/empresa_simulada,3,0,0
1783612257452,2,POST get_monedas,200,OK,Benchmark - Operaciones Normales 1-76,text,true,,1572,255,1,1,http://localhost:3500/query/empresa_simulada,2,0,0
1783612257454,2,POST get_empresa,200,OK,Benchmark - Operaciones Normales 1-76,text,true,,1456,255,1,1,http://localhost:3500/query/empresa_simulada,1,0,0
1783612257456,2,POST get_cuentas_cobrar,200,OK,Benchmark - Operaciones Normales 1-76,text,true,,1981,311,1,1,http://localhost:3500/query/empresa_simulada,2,0,0
1783612257458,2,POST get_bancos,200,OK,Benchmark - Operaciones Normales 1-76,text,true,,1344,254,1,1,http://localhost:3500/query/empresa_simulada,2,0,0
1783612257460,2,POST get_monedas,200,OK,Benchmark - Operaciones Normales 1-76,text,true,,1572,255,1,1,http://localhost:3500/query/empresa_simulada,1,0,0
1783612257462,1,POST get_empresa,200,OK,Benchmark - Operaciones Normales 1-76,text,true,,1456,255,1,1,http://localhost:3500/query/empresa_simulada,1,0,0
1783612257464,1,POST get_cuentas_cobrar,200,OK,Benchmark - Operaciones Normales 1-76,text,true,,1981,311,1,1,http://localhost:3500/query/empresa_simulada,1,0,0
1783612257465,2,POST get_bancos,200,OK,Benchmark - Operaciones Normales 1-76,text,true,,1344,254,1,1,http://localhost:3500/query/empresa_simulada,2,0,0
1783612257467,2,POST get_monedas,200,OK,Benchmark - Operaciones Normales 1-76,text,true,,1572,255,1,1,http://localhost:3500/query/empresa_simulada,2,0,0
1783612257469,2,POST get_empresa,200,OK,Benchmark - Operaciones Normales 1-76,text,true,,1456,255,1,1,http://localhost:3500/query/empresa_simulada,2,0,0
1783612257486,4,POST get_cuentas_cobrar,200,OK,Benchmark - Operaciones Normales 1-77,text,true,,1981,311,1,1,http://localhost:3500/query/empresa_simulada,4,0,1
1783612257490,3,POST get_bancos,200,OK,Benchmark - Operaciones Normales 1-77,text,true,,1344,254,1,1,http://localhost:3500/query/empresa_simulada,3,0,0
1783612257493,3,POST get_monedas,200,OK,Benchmark - Operaciones Normales 1-77,text,true,,1572,255,1,1,http://localhost:3500/query/empresa_simulada,3,0,0
1783612257497,2,POST get_empresa,200,OK,Benchmark - Operaciones Normales 1-77,text,true,,1456,255,1,1,http://localhost:3500/query/empresa_simulada,2,0,0
1783612257500,2,POST get_cuentas_cobrar,200,OK,Benchmark - Operaciones Normales 1-77,text,true,,1981,311,1,1,http://localhost:3500/query/empresa_simulada,2,0,0
1783612257502,2,POST get_bancos,200,OK,Benchmark - Operaciones Normales 1-77,text,true,,1344,254,1,1,http://localhost:3500/query/empresa_simulada,2,0,0
1783612257505,1,POST get_monedas,200,OK,Benchmark - Operaciones Normales 1-77,text,true,,1572,255,1,1,http://localhost:3500/query/empresa_simulada,1,0,0
1783612257507,2,POST get_empresa,200,OK,Benchmark - Operaciones Normales 1-77,text,true,,1456,255,1,1,http://localhost:3500/query/empresa_simulada,2,0,0
1783612257509,2,POST get_cuentas_cobrar,200,OK,Benchmark - Operaciones Normales 1-77,text,true,,1981,311,1,1,http://localhost:3500/query/empresa_simulada,2,0,0
1783612257511,3,POST get_bancos,200,OK,Benchmark - Operaciones Normales 1-77,text,true,,1344,254,1,1,http://localhost:3500/query/empresa_simulada,2,0,0
1783612257514,2,POST get_monedas,200,OK,Benchmark - Operaciones Normales 1-77,text,true,,1572,255,1,1,http://localhost:3500/query/empresa_simulada,2,0,0
1783612257517,2,POST get_empresa,200,OK,Benchmark - Operaciones Normales 1-77,text,true,,1456,255,1,1,http://localhost:3500/query/empresa_simulada,2,0,0
1783612257519,2,POST get_cuentas_cobrar,200,OK,Benchmark - Operaciones Normales 1-77,text,true,,1981,311,1,1,http://localhost:3500/query/empresa_simulada,2,0,0
1783612257521,2,POST get_bancos,200,OK,Benchmark - Operaciones Normales 1-77,text,true,,1344,254,1,1,http://localhost:3500/query/empresa_simulada,2,0,0
1783612257523,2,POST get_monedas,200,OK,Benchmark - Operaciones Normales 1-77,text,true,,1572,255,1,1,http://localhost:3500/query/empresa_simulada,2,0,0
1783612257526,1,POST get_empresa,200,OK,Benchmark - Operaciones Normales 1-77,text,true,,1456,255,1,1,http://localhost:3500/query/empresa_simulada,1,0,0
1783612257528,1,POST get_cuentas_cobrar,200,OK,Benchmark - Operaciones Normales 1-77,text,true,,1981,311,1,1,http://localhost:3500/query/empresa_simulada,1,0,0
1783612257529,3,POST get_bancos,200,OK,Benchmark - Operaciones Normales 1-77,text,true,,1344,254,1,1,http://localhost:3500/query/empresa_simulada,3,0,0
1783612257532,2,POST get_monedas,200,OK,Benchmark - Operaciones Normales 1-77,text,true,,1572,255,1,1,http://localhost:3500/query/empresa_simulada,2,0,0
1783612257534,2,POST get_empresa,200,OK,Benchmark - Operaciones Normales 1-77,text,true,,1456,255,1,1,http://localhost:3500/query/empresa_simulada,2,0,0
1783612257536,2,POST get_cuentas_cobrar,200,OK,Benchmark - Operaciones Normales 1-77,text,true,,1981,311,1,1,http://localhost:3500/query/empresa_simulada,2,0,0
1783612257538,2,POST get_bancos,200,OK,Benchmark - Operaciones Normales 1-77,text,true,,1344,254,1,1,http://localhost:3500/query/empresa_simulada,2,0,0
1783612257540,2,POST get_monedas,200,OK,Benchmark - Operaciones Normales 1-77,text,true,,1572,255,1,1,http://localhost:3500/query/empresa_simulada,2,0,0
1783612257542,2,POST get_empresa,200,OK,Benchmark - Operaciones Normales 1-77,text,true,,1456,255,1,1,http://localhost:3500/query/empresa_simulada,2,0,0
1783612257544,2,POST get_cuentas_cobrar,200,OK,Benchmark - Operaciones Normales 1-77,text,true,,1981,311,1,1,http://localhost:3500/query/empresa_simulada,2,0,0
1783612257546,2,POST get_bancos,200,OK,Benchmark - Operaciones Normales 1-77,text,true,,1344,254,1,1,http://localhost:3500/query/empresa_simulada,2,0,0
1783612257548,2,POST get_monedas,200,OK,Benchmark - Operaciones Normales 1-77,text,true,,1572,255,1,1,http://localhost:3500/query/empresa_simulada,2,0,0
1783612257550,1,POST get_empresa,200,OK,Benchmark - Operaciones Normales 1-77,text,true,,1456,255,1,1,http://localhost:3500/query/empresa_simulada,1,0,0
1783612257552,1,POST get_cuentas_cobrar,200,OK,Benchmark - Operaciones Normales 1-77,text,true,,1981,311,1,1,http://localhost:3500/query/empresa_simulada,1,0,0
1783612257553,2,POST get_bancos,200,OK,Benchmark - Operaciones Normales 1-77,text,true,,1344,254,1,1,http://localhost:3500/query/empresa_simulada,2,0,0
1783612257556,2,POST get_monedas,200,OK,Benchmark - Operaciones Normales 1-77,text,true,,1572,255,1,1,http://localhost:3500/query/empresa_simulada,1,0,0
1783612257558,1,POST get_empresa,200,OK,Benchmark - Operaciones Normales 1-77,text,true,,1456,255,1,1,http://localhost:3500/query/empresa_simulada,1,0,0
1783612257560,2,POST get_cuentas_cobrar,200,OK,Benchmark - Operaciones Normales 1-77,text,true,,1981,311,1,1,http://localhost:3500/query/empresa_simulada,2,0,0
1783612257562,2,POST get_bancos,200,OK,Benchmark - Operaciones Normales 1-77,text,true,,1344,254,1,1,http://localhost:3500/query/empresa_simulada,2,0,0
1783612257564,2,POST get_monedas,200,OK,Benchmark - Operaciones Normales 1-77,text,true,,1572,255,1,1,http://localhost:3500/query/empresa_simulada,2,0,0
1783612257566,4,POST get_empresa,200,OK,Benchmark - Operaciones Normales 1-77,text,true,,1456,255,1,1,http://localhost:3500/query/empresa_simulada,4,0,0
1783612257570,3,POST get_cuentas_cobrar,200,OK,Benchmark - Operaciones Normales 1-77,text,true,,1981,311,1,1,http://localhost:3500/query/empresa_simulada,3,0,0
1783612257573,2,POST get_bancos,200,OK,Benchmark - Operaciones Normales 1-77,text,true,,1344,254,1,1,http://localhost:3500/query/empresa_simulada,2,0,0
1783612257575,2,POST get_monedas,200,OK,Benchmark - Operaciones Normales 1-77,text,true,,1572,255,1,1,http://localhost:3500/query/empresa_simulada,2,0,0
1783612257577,2,POST get_empresa,200,OK,Benchmark - Operaciones Normales 1-77,text,true,,1456,255,1,1,http://localhost:3500/query/empresa_simulada,2,0,0
1783612257585,4,POST get_cuentas_cobrar,200,OK,Benchmark - Operaciones Normales 1-78,text,true,,1981,311,1,1,http://localhost:3500/query/empresa_simulada,4,0,2
1783612257589,2,POST get_bancos,200,OK,Benchmark - Operaciones Normales 1-78,text,true,,1344,254,1,1,http://localhost:3500/query/empresa_simulada,2,0,0
1783612257592,2,POST get_monedas,200,OK,Benchmark - Operaciones Normales 1-78,text,true,,1572,255,1,1,http://localhost:3500/query/empresa_simulada,2,0,0
1783612257594,2,POST get_empresa,200,OK,Benchmark - Operaciones Normales 1-78,text,true,,1456,255,1,1,http://localhost:3500/query/empresa_simulada,2,0,0
1783612257596,2,POST get_cuentas_cobrar,200,OK,Benchmark - Operaciones Normales 1-78,text,true,,1981,311,1,1,http://localhost:3500/query/empresa_simulada,2,0,0
1783612257598,2,POST get_bancos,200,OK,Benchmark - Operaciones Normales 1-78,text,true,,1344,254,1,1,http://localhost:3500/query/empresa_simulada,2,0,0
1783612257600,2,POST get_monedas,200,OK,Benchmark - Operaciones Normales 1-78,text,true,,1572,255,1,1,http://localhost:3500/query/empresa_simulada,2,0,0
1783612257602,2,POST get_empresa,200,OK,Benchmark - Operaciones Normales 1-78,text,true,,1456,255,1,1,http://localhost:3500/query/empresa_simulada,2,0,0
1783612257604,2,POST get_cuentas_cobrar,200,OK,Benchmark - Operaciones Normales 1-78,text,true,,1981,311,1,1,http://localhost:3500/query/empresa_simulada,2,0,0
1783612257607,1,POST get_bancos,200,OK,Benchmark - Operaciones Normales 1-78,text,true,,1344,254,1,1,http://localhost:3500/query/empresa_simulada,1,0,0
1783612257609,3,POST get_monedas,200,OK,Benchmark - Operaciones Normales 1-78,text,true,,1572,255,1,1,http://localhost:3500/query/empresa_simulada,3,0,0
1783612257613,2,POST get_empresa,200,OK,Benchmark - Operaciones Normales 1-78,text,true,,1456,255,1,1,http://localhost:3500/query/empresa_simulada,2,0,0
1783612257615,2,POST get_cuentas_cobrar,200,OK,Benchmark - Operaciones Normales 1-78,text,true,,1981,311,1,1,http://localhost:3500/query/empresa_simulada,2,0,0
1783612257617,2,POST get_bancos,200,OK,Benchmark - Operaciones Normales 1-78,text,true,,1344,254,1,1,http://localhost:3500/query/empresa_simulada,2,0,0
1783612257619,3,POST get_monedas,200,OK,Benchmark - Operaciones Normales 1-78,text,true,,1572,255,1,1,http://localhost:3500/query/empresa_simulada,3,0,0
1783612257622,2,POST get_empresa,200,OK,Benchmark - Operaciones Normales 1-78,text,true,,1456,255,1,1,http://localhost:3500/query/empresa_simulada,2,0,0
1783612257625,2,POST get_cuentas_cobrar,200,OK,Benchmark - Operaciones Normales 1-78,text,true,,1981,311,1,1,http://localhost:3500/query/empresa_simulada,2,0,0
1783612257627,2,POST get_bancos,200,OK,Benchmark - Operaciones Normales 1-78,text,true,,1344,254,1,1,http://localhost:3500/query/empresa_simulada,2,0,0
1783612257629,2,POST get_monedas,200,OK,Benchmark - Operaciones Normales 1-78,text,true,,1572,255,1,1,http://localhost:3500/query/empresa_simulada,2,0,0
1783612257631,3,POST get_empresa,200,OK,Benchmark - Operaciones Normales 1-78,text,true,,1456,255,1,1,http://localhost:3500/query/empresa_simulada,3,0,0
1783612257634,2,POST get_cuentas_cobrar,200,OK,Benchmark - Operaciones Normales 1-78,text,true,,1981,311,1,1,http://localhost:3500/query/empresa_simulada,2,0,0
1783612257636,3,POST get_bancos,200,OK,Benchmark - Operaciones Normales 1-78,text,true,,1344,254,1,1,http://localhost:3500/query/empresa_simulada,2,0,0
1783612257639,3,POST get_monedas,200,OK,Benchmark - Operaciones Normales 1-78,text,true,,1572,255,1,1,http://localhost:3500/query/empresa_simulada,3,0,0
1783612257642,2,POST get_empresa,200,OK,Benchmark - Operaciones Normales 1-78,text,true,,1456,255,1,1,http://localhost:3500/query/empresa_simulada,2,0,0
1783612257644,2,POST get_cuentas_cobrar,200,OK,Benchmark - Operaciones Normales 1-78,text,true,,1981,311,1,1,http://localhost:3500/query/empresa_simulada,2,0,0
1783612257646,2,POST get_bancos,200,OK,Benchmark - Operaciones Normales 1-78,text,true,,1344,254,1,1,http://localhost:3500/query/empresa_simulada,2,0,0
1783612257648,2,POST get_monedas,200,OK,Benchmark - Operaciones Normales 1-78,text,true,,1572,255,1,1,http://localhost:3500/query/empresa_simulada,2,0,0
1783612257651,1,POST get_empresa,200,OK,Benchmark - Operaciones Normales 1-78,text,true,,1456,255,1,1,http://localhost:3500/query/empresa_simulada,1,0,0
1783612257653,1,POST get_cuentas_cobrar,200,OK,Benchmark - Operaciones Normales 1-78,text,true,,1981,311,1,1,http://localhost:3500/query/empresa_simulada,1,0,0
1783612257655,1,POST get_bancos,200,OK,Benchmark - Operaciones Normales 1-78,text,true,,1344,254,1,1,http://localhost:3500/query/empresa_simulada,1,0,0
1783612257656,2,POST get_monedas,200,OK,Benchmark - Operaciones Normales 1-78,text,true,,1572,255,1,1,http://localhost:3500/query/empresa_simulada,2,0,0
1783612257659,2,POST get_empresa,200,OK,Benchmark - Operaciones Normales 1-78,text,true,,1456,255,1,1,http://localhost:3500/query/empresa_simulada,2,0,0
1783612257661,2,POST get_cuentas_cobrar,200,OK,Benchmark - Operaciones Normales 1-78,text,true,,1981,311,1,1,http://localhost:3500/query/empresa_simulada,2,0,0
1783612257663,3,POST get_bancos,200,OK,Benchmark - Operaciones Normales 1-78,text,true,,1344,254,1,1,http://localhost:3500/query/empresa_simulada,3,0,0
1783612257666,2,POST get_monedas,200,OK,Benchmark - Operaciones Normales 1-78,text,true,,1572,255,1,1,http://localhost:3500/query/empresa_simulada,2,0,0
1783612257668,2,POST get_empresa,200,OK,Benchmark - Operaciones Normales 1-78,text,true,,1456,255,1,1,http://localhost:3500/query/empresa_simulada,2,0,0
1783612257670,2,POST get_cuentas_cobrar,200,OK,Benchmark - Operaciones Normales 1-78,text,true,,1981,311,1,1,http://localhost:3500/query/empresa_simulada,2,0,0
1783612257672,2,POST get_bancos,200,OK,Benchmark - Operaciones Normales 1-78,text,true,,1344,254,1,1,http://localhost:3500/query/empresa_simulada,2,0,0
1783612257674,2,POST get_monedas,200,OK,Benchmark - Operaciones Normales 1-78,text,true,,1572,255,1,1,http://localhost:3500/query/empresa_simulada,2,0,0
1783612257676,2,POST get_empresa,200,OK,Benchmark - Operaciones Normales 1-78,text,true,,1456,255,1,1,http://localhost:3500/query/empresa_simulada,2,0,0
1783612257684,3,POST get_cuentas_cobrar,200,OK,Benchmark - Operaciones Normales 1-79,text,true,,1981,311,1,1,http://localhost:3500/query/empresa_simulada,3,0,1
1783612257687,2,POST get_bancos,200,OK,Benchmark - Operaciones Normales 1-79,text,true,,1344,254,1,1,http://localhost:3500/query/empresa_simulada,2,0,0
1783612257689,2,POST get_monedas,200,OK,Benchmark - Operaciones Normales 1-79,text,true,,1572,255,1,1,http://localhost:3500/query/empresa_simulada,2,0,0
1783612257692,3,POST get_empresa,200,OK,Benchmark - Operaciones Normales 1-79,text,true,,1456,255,1,1,http://localhost:3500/query/empresa_simulada,3,0,0
1783612257695,2,POST get_cuentas_cobrar,200,OK,Benchmark - Operaciones Normales 1-79,text,true,,1981,311,1,1,http://localhost:3500/query/empresa_simulada,2,0,0
1783612257697,3,POST get_bancos,200,OK,Benchmark - Operaciones Normales 1-79,text,true,,1344,254,1,1,http://localhost:3500/query/empresa_simulada,3,0,0
1783612257700,2,POST get_monedas,200,OK,Benchmark - Operaciones Normales 1-79,text,true,,1572,255,1,1,http://localhost:3500/query/empresa_simulada,2,0,0
1783612257702,2,POST get_empresa,200,OK,Benchmark - Operaciones Normales 1-79,text,true,,1456,255,1,1,http://localhost:3500/query/empresa_simulada,2,0,0
1783612257704,2,POST get_cuentas_cobrar,200,OK,Benchmark - Operaciones Normales 1-79,text,true,,1981,311,1,1,http://localhost:3500/query/empresa_simulada,2,0,0
1783612257707,2,POST get_bancos,200,OK,Benchmark - Operaciones Normales 1-79,text,true,,1344,254,1,1,http://localhost:3500/query/empresa_simulada,2,0,0
1783612257710,3,POST get_monedas,200,OK,Benchmark - Operaciones Normales 1-79,text,true,,1572,255,1,1,http://localhost:3500/query/empresa_simulada,3,0,0
1783612257713,4,POST get_empresa,200,OK,Benchmark - Operaciones Normales 1-79,text,true,,1456,255,1,1,http://localhost:3500/query/empresa_simulada,4,0,0
1783612257717,2,POST get_cuentas_cobrar,200,OK,Benchmark - Operaciones Normales 1-79,text,true,,1981,311,1,1,http://localhost:3500/query/empresa_simulada,2,0,0
1783612257719,2,POST get_bancos,200,OK,Benchmark - Operaciones Normales 1-79,text,true,,1344,254,1,1,http://localhost:3500/query/empresa_simulada,2,0,0
1783612257721,2,POST get_monedas,200,OK,Benchmark - Operaciones Normales 1-79,text,true,,1572,255,1,1,http://localhost:3500/query/empresa_simulada,2,0,0
1783612257723,2,POST get_empresa,200,OK,Benchmark - Operaciones Normales 1-79,text,true,,1456,255,1,1,http://localhost:3500/query/empresa_simulada,2,0,0
1783612257725,2,POST get_cuentas_cobrar,200,OK,Benchmark - Operaciones Normales 1-79,text,true,,1981,311,1,1,http://localhost:3500/query/empresa_simulada,2,0,0
1783612257727,2,POST get_bancos,200,OK,Benchmark - Operaciones Normales 1-79,text,true,,1344,254,1,1,http://localhost:3500/query/empresa_simulada,2,0,0
1783612257729,2,POST get_monedas,200,OK,Benchmark - Operaciones Normales 1-79,text,true,,1572,255,1,1,http://localhost:3500/query/empresa_simulada,2,0,0
1783612257731,3,POST get_empresa,200,OK,Benchmark - Operaciones Normales 1-79,text,true,,1456,255,1,1,http://localhost:3500/query/empresa_simulada,3,0,0
1783612257734,2,POST get_cuentas_cobrar,200,OK,Benchmark - Operaciones Normales 1-79,text,true,,1981,311,1,1,http://localhost:3500/query/empresa_simulada,2,0,0
1783612257736,2,POST get_bancos,200,OK,Benchmark - Operaciones Normales 1-79,text,true,,1344,254,1,1,http://localhost:3500/query/empresa_simulada,2,0,0
1783612257738,2,POST get_monedas,200,OK,Benchmark - Operaciones Normales 1-79,text,true,,1572,255,1,1,http://localhost:3500/query/empresa_simulada,2,0,0
1783612257740,2,POST get_empresa,200,OK,Benchmark - Operaciones Normales 1-79,text,true,,1456,255,1,1,http://localhost:3500/query/empresa_simulada,2,0,0
1783612257742,2,POST get_cuentas_cobrar,200,OK,Benchmark - Operaciones Normales 1-79,text,true,,1981,311,1,1,http://localhost:3500/query/empresa_simulada,2,0,0
1783612257744,1,POST get_bancos,200,OK,Benchmark - Operaciones Normales 1-79,text,true,,1344,254,1,1,http://localhost:3500/query/empresa_simulada,1,0,0
1783612257746,1,POST get_monedas,200,OK,Benchmark - Operaciones Normales 1-79,text,true,,1572,255,1,1,http://localhost:3500/query/empresa_simulada,1,0,0
1783612257747,2,POST get_empresa,200,OK,Benchmark - Operaciones Normales 1-79,text,true,,1456,255,1,1,http://localhost:3500/query/empresa_simulada,2,0,0
1783612257749,2,POST get_cuentas_cobrar,200,OK,Benchmark - Operaciones Normales 1-79,text,true,,1981,311,1,1,http://localhost:3500/query/empresa_simulada,2,0,0
1783612257751,2,POST get_bancos,200,OK,Benchmark - Operaciones Normales 1-79,text,true,,1344,254,1,1,http://localhost:3500/query/empresa_simulada,2,0,0
1783612257753,2,POST get_monedas,200,OK,Benchmark - Operaciones Normales 1-79,text,true,,1572,255,1,1,http://localhost:3500/query/empresa_simulada,2,0,0
1783612257756,2,POST get_empresa,200,OK,Benchmark - Operaciones Normales 1-79,text,true,,1456,255,1,1,http://localhost:3500/query/empresa_simulada,2,0,0
1783612257758,1,POST get_cuentas_cobrar,200,OK,Benchmark - Operaciones Normales 1-79,text,true,,1981,311,1,1,http://localhost:3500/query/empresa_simulada,1,0,0
1783612257760,1,POST get_bancos,200,OK,Benchmark - Operaciones Normales 1-79,text,true,,1344,254,1,1,http://localhost:3500/query/empresa_simulada,1,0,0
1783612257761,2,POST get_monedas,200,OK,Benchmark - Operaciones Normales 1-79,text,true,,1572,255,1,1,http://localhost:3500/query/empresa_simulada,2,0,0
1783612257763,2,POST get_empresa,200,OK,Benchmark - Operaciones Normales 1-79,text,true,,1456,255,1,1,http://localhost:3500/query/empresa_simulada,2,0,0
1783612257765,2,POST get_cuentas_cobrar,200,OK,Benchmark - Operaciones Normales 1-79,text,true,,1981,311,1,1,http://localhost:3500/query/empresa_simulada,2,0,0
1783612257767,3,POST get_bancos,200,OK,Benchmark - Operaciones Normales 1-79,text,true,,1344,254,1,1,http://localhost:3500/query/empresa_simulada,3,0,0
1783612257770,2,POST get_monedas,200,OK,Benchmark - Operaciones Normales 1-79,text,true,,1572,255,1,1,http://localhost:3500/query/empresa_simulada,2,0,0
1783612257772,2,POST get_empresa,200,OK,Benchmark - Operaciones Normales 1-79,text,true,,1456,255,1,1,http://localhost:3500/query/empresa_simulada,2,0,0
1783612257784,4,POST get_cuentas_cobrar,200,OK,Benchmark - Operaciones Normales 1-80,text,true,,1981,311,1,1,http://localhost:3500/query/empresa_simulada,4,0,1
1783612257788,2,POST get_bancos,200,OK,Benchmark - Operaciones Normales 1-80,text,true,,1344,254,1,1,http://localhost:3500/query/empresa_simulada,2,0,0
1783612257790,3,POST get_monedas,200,OK,Benchmark - Operaciones Normales 1-80,text,true,,1572,255,1,1,http://localhost:3500/query/empresa_simulada,3,0,0
1783612257793,2,POST get_empresa,200,OK,Benchmark - Operaciones Normales 1-80,text,true,,1456,255,1,1,http://localhost:3500/query/empresa_simulada,2,0,0
1783612257795,2,POST get_cuentas_cobrar,200,OK,Benchmark - Operaciones Normales 1-80,text,true,,1981,311,1,1,http://localhost:3500/query/empresa_simulada,2,0,0
1783612257797,2,POST get_bancos,200,OK,Benchmark - Operaciones Normales 1-80,text,true,,1344,254,1,1,http://localhost:3500/query/empresa_simulada,2,0,0
1783612257799,2,POST get_monedas,200,OK,Benchmark - Operaciones Normales 1-80,text,true,,1572,255,1,1,http://localhost:3500/query/empresa_simulada,2,0,0
1783612257801,2,POST get_empresa,200,OK,Benchmark - Operaciones Normales 1-80,text,true,,1456,255,1,1,http://localhost:3500/query/empresa_simulada,2,0,0
1783612257803,2,POST get_cuentas_cobrar,200,OK,Benchmark - Operaciones Normales 1-80,text,true,,1981,311,1,1,http://localhost:3500/query/empresa_simulada,2,0,0
1783612257805,3,POST get_bancos,200,OK,Benchmark - Operaciones Normales 1-80,text,true,,1344,254,1,1,http://localhost:3500/query/empresa_simulada,3,0,0
1783612257808,3,POST get_monedas,200,OK,Benchmark - Operaciones Normales 1-80,text,true,,1572,255,1,1,http://localhost:3500/query/empresa_simulada,3,0,0
1783612257811,3,POST get_empresa,200,OK,Benchmark - Operaciones Normales 1-80,text,true,,1456,255,1,1,http://localhost:3500/query/empresa_simulada,3,0,0
1783612257814,3,POST get_cuentas_cobrar,200,OK,Benchmark - Operaciones Normales 1-80,text,true,,1981,311,1,1,http://localhost:3500/query/empresa_simulada,3,0,0
1783612257817,3,POST get_bancos,200,OK,Benchmark - Operaciones Normales 1-80,text,true,,1344,254,1,1,http://localhost:3500/query/empresa_simulada,3,0,0
1783612257820,3,POST get_monedas,200,OK,Benchmark - Operaciones Normales 1-80,text,true,,1572,255,1,1,http://localhost:3500/query/empresa_simulada,3,0,0
1783612257823,3,POST get_empresa,200,OK,Benchmark - Operaciones Normales 1-80,text,true,,1456,255,1,1,http://localhost:3500/query/empresa_simulada,3,0,0
1783612257826,2,POST get_cuentas_cobrar,200,OK,Benchmark - Operaciones Normales 1-80,text,true,,1981,311,1,1,http://localhost:3500/query/empresa_simulada,2,0,0
1783612257828,2,POST get_bancos,200,OK,Benchmark - Operaciones Normales 1-80,text,true,,1344,254,1,1,http://localhost:3500/query/empresa_simulada,2,0,0
1783612257830,2,POST get_monedas,200,OK,Benchmark - Operaciones Normales 1-80,text,true,,1572,255,1,1,http://localhost:3500/query/empresa_simulada,2,0,0
1783612257832,2,POST get_empresa,200,OK,Benchmark - Operaciones Normales 1-80,text,true,,1456,255,1,1,http://localhost:3500/query/empresa_simulada,2,0,0
1783612257834,4,POST get_cuentas_cobrar,200,OK,Benchmark - Operaciones Normales 1-80,text,true,,1981,311,1,1,http://localhost:3500/query/empresa_simulada,4,0,0
1783612257838,3,POST get_bancos,200,OK,Benchmark - Operaciones Normales 1-80,text,true,,1344,254,1,1,http://localhost:3500/query/empresa_simulada,3,0,0
1783612257841,2,POST get_monedas,200,OK,Benchmark - Operaciones Normales 1-80,text,true,,1572,255,1,1,http://localhost:3500/query/empresa_simulada,2,0,0
1783612257844,2,POST get_empresa,200,OK,Benchmark - Operaciones Normales 1-80,text,true,,1456,255,1,1,http://localhost:3500/query/empresa_simulada,2,0,0
1783612257846,2,POST get_cuentas_cobrar,200,OK,Benchmark - Operaciones Normales 1-80,text,true,,1981,311,1,1,http://localhost:3500/query/empresa_simulada,2,0,0
1783612257849,2,POST get_bancos,200,OK,Benchmark - Operaciones Normales 1-80,text,true,,1344,254,1,1,http://localhost:3500/query/empresa_simulada,2,0,0
1783612257851,2,POST get_monedas,200,OK,Benchmark - Operaciones Normales 1-80,text,true,,1572,255,1,1,http://localhost:3500/query/empresa_simulada,2,0,0
1783612257853,3,POST get_empresa,200,OK,Benchmark - Operaciones Normales 1-80,text,true,,1456,255,1,1,http://localhost:3500/query/empresa_simulada,3,0,0
1783612257856,3,POST get_cuentas_cobrar,200,OK,Benchmark - Operaciones Normales 1-80,text,true,,1981,311,1,1,http://localhost:3500/query/empresa_simulada,3,0,0
1783612257859,2,POST get_bancos,200,OK,Benchmark - Operaciones Normales 1-80,text,true,,1344,254,1,1,http://localhost:3500/query/empresa_simulada,2,0,0
1783612257861,2,POST get_monedas,200,OK,Benchmark - Operaciones Normales 1-80,text,true,,1572,255,1,1,http://localhost:3500/query/empresa_simulada,2,0,0
1783612257863,2,POST get_empresa,200,OK,Benchmark - Operaciones Normales 1-80,text,true,,1456,255,1,1,http://localhost:3500/query/empresa_simulada,2,0,0
1783612257865,2,POST get_cuentas_cobrar,200,OK,Benchmark - Operaciones Normales 1-80,text,true,,1981,311,1,1,http://localhost:3500/query/empresa_simulada,2,0,0
1783612257867,2,POST get_bancos,200,OK,Benchmark - Operaciones Normales 1-80,text,true,,1344,254,1,1,http://localhost:3500/query/empresa_simulada,2,0,0
1783612257869,2,POST get_monedas,200,OK,Benchmark - Operaciones Normales 1-80,text,true,,1572,255,1,1,http://localhost:3500/query/empresa_simulada,2,0,0
1783612257871,2,POST get_empresa,200,OK,Benchmark - Operaciones Normales 1-80,text,true,,1456,255,1,1,http://localhost:3500/query/empresa_simulada,2,0,0
1783612257873,2,POST get_cuentas_cobrar,200,OK,Benchmark - Operaciones Normales 1-80,text,true,,1981,311,1,1,http://localhost:3500/query/empresa_simulada,2,0,0
1783612257875,2,POST get_bancos,200,OK,Benchmark - Operaciones Normales 1-80,text,true,,1344,254,1,1,http://localhost:3500/query/empresa_simulada,2,0,0
1783612257877,3,POST get_monedas,200,OK,Benchmark - Operaciones Normales 1-80,text,true,,1572,255,1,1,http://localhost:3500/query/empresa_simulada,3,0,0
1783612257880,2,POST get_empresa,200,OK,Benchmark - Operaciones Normales 1-80,text,true,,1456,255,1,1,http://localhost:3500/query/empresa_simulada,2,0,0
1783612257883,3,POST get_cuentas_cobrar,200,OK,Benchmark - Operaciones Normales 1-81,text,true,,1981,311,1,1,http://localhost:3500/query/empresa_simulada,3,0,1
1783612257886,2,POST get_bancos,200,OK,Benchmark - Operaciones Normales 1-81,text,true,,1344,254,1,1,http://localhost:3500/query/empresa_simulada,2,0,0
1783612257889,1,POST get_monedas,200,OK,Benchmark - Operaciones Normales 1-81,text,true,,1572,255,1,1,http://localhost:3500/query/empresa_simulada,1,0,0
1783612257891,2,POST get_empresa,200,OK,Benchmark - Operaciones Normales 1-81,text,true,,1456,255,1,1,http://localhost:3500/query/empresa_simulada,2,0,0
1783612257893,2,POST get_cuentas_cobrar,200,OK,Benchmark - Operaciones Normales 1-81,text,true,,1981,311,1,1,http://localhost:3500/query/empresa_simulada,2,0,0
1783612257895,4,POST get_bancos,200,OK,Benchmark - Operaciones Normales 1-81,text,true,,1344,254,1,1,http://localhost:3500/query/empresa_simulada,4,0,0
1783612257899,3,POST get_monedas,200,OK,Benchmark - Operaciones Normales 1-81,text,true,,1572,255,1,1,http://localhost:3500/query/empresa_simulada,3,0,0
1783612257902,2,POST get_empresa,200,OK,Benchmark - Operaciones Normales 1-81,text,true,,1456,255,1,1,http://localhost:3500/query/empresa_simulada,2,0,0
1783612257904,2,POST get_cuentas_cobrar,200,OK,Benchmark - Operaciones Normales 1-81,text,true,,1981,311,1,1,http://localhost:3500/query/empresa_simulada,2,0,0
1783612257906,2,POST get_bancos,200,OK,Benchmark - Operaciones Normales 1-81,text,true,,1344,254,1,1,http://localhost:3500/query/empresa_simulada,2,0,0
1783612257909,2,POST get_monedas,200,OK,Benchmark - Operaciones Normales 1-81,text,true,,1572,255,1,1,http://localhost:3500/query/empresa_simulada,2,0,0
1783612257911,2,POST get_empresa,200,OK,Benchmark - Operaciones Normales 1-81,text,true,,1456,255,1,1,http://localhost:3500/query/empresa_simulada,2,0,0
1783612257913,2,POST get_cuentas_cobrar,200,OK,Benchmark - Operaciones Normales 1-81,text,true,,1981,311,1,1,http://localhost:3500/query/empresa_simulada,2,0,0
1783612257915,3,POST get_bancos,200,OK,Benchmark - Operaciones Normales 1-81,text,true,,1344,254,1,1,http://localhost:3500/query/empresa_simulada,3,0,0
1783612257918,2,POST get_monedas,200,OK,Benchmark - Operaciones Normales 1-81,text,true,,1572,255,1,1,http://localhost:3500/query/empresa_simulada,2,0,0
1783612257920,2,POST get_empresa,200,OK,Benchmark - Operaciones Normales 1-81,text,true,,1456,255,1,1,http://localhost:3500/query/empresa_simulada,2,0,0
1783612257922,2,POST get_cuentas_cobrar,200,OK,Benchmark - Operaciones Normales 1-81,text,true,,1981,311,1,1,http://localhost:3500/query/empresa_simulada,2,0,0
1783612257924,2,POST get_bancos,200,OK,Benchmark - Operaciones Normales 1-81,text,true,,1344,254,1,1,http://localhost:3500/query/empresa_simulada,2,0,0
1783612257926,2,POST get_monedas,200,OK,Benchmark - Operaciones Normales 1-81,text,true,,1572,255,1,1,http://localhost:3500/query/empresa_simulada,2,0,0
1783612257928,2,POST get_empresa,200,OK,Benchmark - Operaciones Normales 1-81,text,true,,1456,255,1,1,http://localhost:3500/query/empresa_simulada,2,0,0
1783612257930,2,POST get_cuentas_cobrar,200,OK,Benchmark - Operaciones Normales 1-81,text,true,,1981,311,1,1,http://localhost:3500/query/empresa_simulada,2,0,0
1783612257932,3,POST get_bancos,200,OK,Benchmark - Operaciones Normales 1-81,text,true,,1344,254,1,1,http://localhost:3500/query/empresa_simulada,3,0,0
1783612257935,2,POST get_monedas,200,OK,Benchmark - Operaciones Normales 1-81,text,true,,1572,255,1,1,http://localhost:3500/query/empresa_simulada,2,0,0
1783612257937,2,POST get_empresa,200,OK,Benchmark - Operaciones Normales 1-81,text,true,,1456,255,1,1,http://localhost:3500/query/empresa_simulada,2,0,0
1783612257939,2,POST get_cuentas_cobrar,200,OK,Benchmark - Operaciones Normales 1-81,text,true,,1981,311,1,1,http://localhost:3500/query/empresa_simulada,2,0,0
1783612257941,1,POST get_bancos,200,OK,Benchmark - Operaciones Normales 1-81,text,true,,1344,254,1,1,http://localhost:3500/query/empresa_simulada,1,0,0
1783612257943,2,POST get_monedas,200,OK,Benchmark - Operaciones Normales 1-81,text,true,,1572,255,1,1,http://localhost:3500/query/empresa_simulada,2,0,0
1783612257945,2,POST get_empresa,200,OK,Benchmark - Operaciones Normales 1-81,text,true,,1456,255,1,1,http://localhost:3500/query/empresa_simulada,2,0,0
1783612257947,2,POST get_cuentas_cobrar,200,OK,Benchmark - Operaciones Normales 1-81,text,true,,1981,311,1,1,http://localhost:3500/query/empresa_simulada,2,0,0
1783612257949,2,POST get_bancos,200,OK,Benchmark - Operaciones Normales 1-81,text,true,,1344,254,1,1,http://localhost:3500/query/empresa_simulada,2,0,0
1783612257951,2,POST get_monedas,200,OK,Benchmark - Operaciones Normales 1-81,text,true,,1572,255,1,1,http://localhost:3500/query/empresa_simulada,2,0,0
1783612257953,2,POST get_empresa,200,OK,Benchmark - Operaciones Normales 1-81,text,true,,1456,255,1,1,http://localhost:3500/query/empresa_simulada,2,0,0
1783612257955,2,POST get_cuentas_cobrar,200,OK,Benchmark - Operaciones Normales 1-81,text,true,,1981,311,1,1,http://localhost:3500/query/empresa_simulada,2,0,0
1783612257958,1,POST get_bancos,200,OK,Benchmark - Operaciones Normales 1-81,text,true,,1344,254,1,1,http://localhost:3500/query/empresa_simulada,1,0,0
1783612257960,1,POST get_monedas,200,OK,Benchmark - Operaciones Normales 1-81,text,true,,1572,255,1,1,http://localhost:3500/query/empresa_simulada,1,0,0
1783612257962,1,POST get_empresa,200,OK,Benchmark - Operaciones Normales 1-81,text,true,,1456,255,1,1,http://localhost:3500/query/empresa_simulada,1,0,0
1783612257963,5,POST get_cuentas_cobrar,200,OK,Benchmark - Operaciones Normales 1-81,text,true,,1981,311,1,1,http://localhost:3500/query/empresa_simulada,5,0,0
1783612257968,2,POST get_bancos,200,OK,Benchmark - Operaciones Normales 1-81,text,true,,1344,254,1,1,http://localhost:3500/query/empresa_simulada,2,0,0
1783612257970,4,POST get_monedas,200,OK,Benchmark - Operaciones Normales 1-81,text,true,,1572,255,1,1,http://localhost:3500/query/empresa_simulada,4,0,0
1783612257974,5,POST get_empresa,200,OK,Benchmark - Operaciones Normales 1-81,text,true,,1456,255,1,1,http://localhost:3500/query/empresa_simulada,5,0,0
1783612257983,4,POST get_cuentas_cobrar,200,OK,Benchmark - Operaciones Normales 1-82,text,true,,1981,311,1,1,http://localhost:3500/query/empresa_simulada,4,0,2
1783612257987,2,POST get_bancos,200,OK,Benchmark - Operaciones Normales 1-82,text,true,,1344,254,1,1,http://localhost:3500/query/empresa_simulada,2,0,0
1783612257990,3,POST get_monedas,200,OK,Benchmark - Operaciones Normales 1-82,text,true,,1572,255,1,1,http://localhost:3500/query/empresa_simulada,3,0,0
1783612257994,1,POST get_empresa,200,OK,Benchmark - Operaciones Normales 1-82,text,true,,1456,255,1,1,http://localhost:3500/query/empresa_simulada,1,0,0
1783612257996,1,POST get_cuentas_cobrar,200,OK,Benchmark - Operaciones Normales 1-82,text,true,,1981,311,1,1,http://localhost:3500/query/empresa_simulada,1,0,0
1783612257997,3,POST get_bancos,200,OK,Benchmark - Operaciones Normales 1-82,text,true,,1344,254,1,1,http://localhost:3500/query/empresa_simulada,2,0,0
1783612258000,2,POST get_monedas,200,OK,Benchmark - Operaciones Normales 1-82,text,true,,1572,255,1,1,http://localhost:3500/query/empresa_simulada,2,0,0
1783612258002,2,POST get_empresa,200,OK,Benchmark - Operaciones Normales 1-82,text,true,,1456,255,1,1,http://localhost:3500/query/empresa_simulada,2,0,0
1783612258004,2,POST get_cuentas_cobrar,200,OK,Benchmark - Operaciones Normales 1-82,text,true,,1981,311,1,1,http://localhost:3500/query/empresa_simulada,2,0,0
1783612258006,1,POST get_bancos,200,OK,Benchmark - Operaciones Normales 1-82,text,true,,1344,254,1,1,http://localhost:3500/query/empresa_simulada,1,0,0
1783612258008,1,POST get_monedas,200,OK,Benchmark - Operaciones Normales 1-82,text,true,,1572,255,1,1,http://localhost:3500/query/empresa_simulada,1,0,0
1783612258010,2,POST get_empresa,200,OK,Benchmark - Operaciones Normales 1-82,text,true,,1456,255,1,1,http://localhost:3500/query/empresa_simulada,2,0,0
1783612258012,2,POST get_cuentas_cobrar,200,OK,Benchmark - Operaciones Normales 1-82,text,true,,1981,311,1,1,http://localhost:3500/query/empresa_simulada,2,0,0
1783612258014,2,POST get_bancos,200,OK,Benchmark - Operaciones Normales 1-82,text,true,,1344,254,1,1,http://localhost:3500/query/empresa_simulada,2,0,0
1783612258016,2,POST get_monedas,200,OK,Benchmark - Operaciones Normales 1-82,text,true,,1572,255,1,1,http://localhost:3500/query/empresa_simulada,2,0,0
1783612258018,2,POST get_empresa,200,OK,Benchmark - Operaciones Normales 1-82,text,true,,1456,255,1,1,http://localhost:3500/query/empresa_simulada,2,0,0
1783612258021,1,POST get_cuentas_cobrar,200,OK,Benchmark - Operaciones Normales 1-82,text,true,,1981,311,1,1,http://localhost:3500/query/empresa_simulada,1,0,0
1783612258022,2,POST get_bancos,200,OK,Benchmark - Operaciones Normales 1-82,text,true,,1344,254,1,1,http://localhost:3500/query/empresa_simulada,2,0,0
1783612258025,2,POST get_monedas,200,OK,Benchmark - Operaciones Normales 1-82,text,true,,1572,255,1,1,http://localhost:3500/query/empresa_simulada,2,0,0
1783612258027,2,POST get_empresa,200,OK,Benchmark - Operaciones Normales 1-82,text,true,,1456,255,1,1,http://localhost:3500/query/empresa_simulada,2,0,0
1783612258029,2,POST get_cuentas_cobrar,200,OK,Benchmark - Operaciones Normales 1-82,text,true,,1981,311,1,1,http://localhost:3500/query/empresa_simulada,2,0,0
1783612258032,3,POST get_bancos,200,OK,Benchmark - Operaciones Normales 1-82,text,true,,1344,254,1,1,http://localhost:3500/query/empresa_simulada,3,0,0
1783612258035,2,POST get_monedas,200,OK,Benchmark - Operaciones Normales 1-82,text,true,,1572,255,1,1,http://localhost:3500/query/empresa_simulada,2,0,0
1783612258037,1,POST get_empresa,200,OK,Benchmark - Operaciones Normales 1-82,text,true,,1456,255,1,1,http://localhost:3500/query/empresa_simulada,1,0,0
1783612258039,1,POST get_cuentas_cobrar,200,OK,Benchmark - Operaciones Normales 1-82,text,true,,1981,311,1,1,http://localhost:3500/query/empresa_simulada,1,0,0
1783612258041,1,POST get_bancos,200,OK,Benchmark - Operaciones Normales 1-82,text,true,,1344,254,1,1,http://localhost:3500/query/empresa_simulada,1,0,0
1783612258043,1,POST get_monedas,200,OK,Benchmark - Operaciones Normales 1-82,text,true,,1572,255,1,1,http://localhost:3500/query/empresa_simulada,1,0,0
1783612258044,3,POST get_empresa,200,OK,Benchmark - Operaciones Normales 1-82,text,true,,1456,255,1,1,http://localhost:3500/query/empresa_simulada,3,0,0
1783612258047,2,POST get_cuentas_cobrar,200,OK,Benchmark - Operaciones Normales 1-82,text,true,,1981,311,1,1,http://localhost:3500/query/empresa_simulada,2,0,0
1783612258049,2,POST get_bancos,200,OK,Benchmark - Operaciones Normales 1-82,text,true,,1344,254,1,1,http://localhost:3500/query/empresa_simulada,2,0,0
1783612258052,2,POST get_monedas,200,OK,Benchmark - Operaciones Normales 1-82,text,true,,1572,255,1,1,http://localhost:3500/query/empresa_simulada,2,0,0
1783612258054,2,POST get_empresa,200,OK,Benchmark - Operaciones Normales 1-82,text,true,,1456,255,1,1,http://localhost:3500/query/empresa_simulada,2,0,0
1783612258056,2,POST get_cuentas_cobrar,200,OK,Benchmark - Operaciones Normales 1-82,text,true,,1981,311,1,1,http://localhost:3500/query/empresa_simulada,2,0,0
1783612258058,2,POST get_bancos,200,OK,Benchmark - Operaciones Normales 1-82,text,true,,1344,254,1,1,http://localhost:3500/query/empresa_simulada,2,0,0
1783612258060,3,POST get_monedas,200,OK,Benchmark - Operaciones Normales 1-82,text,true,,1572,255,1,1,http://localhost:3500/query/empresa_simulada,3,0,0
1783612258063,2,POST get_empresa,200,OK,Benchmark - Operaciones Normales 1-82,text,true,,1456,255,1,1,http://localhost:3500/query/empresa_simulada,2,0,0
1783612258065,2,POST get_cuentas_cobrar,200,OK,Benchmark - Operaciones Normales 1-82,text,true,,1981,311,1,1,http://localhost:3500/query/empresa_simulada,2,0,0
1783612258068,1,POST get_bancos,200,OK,Benchmark - Operaciones Normales 1-82,text,true,,1344,254,1,1,http://localhost:3500/query/empresa_simulada,1,0,0
1783612258070,2,POST get_monedas,200,OK,Benchmark - Operaciones Normales 1-82,text,true,,1572,255,1,1,http://localhost:3500/query/empresa_simulada,2,0,0
1783612258072,2,POST get_empresa,200,OK,Benchmark - Operaciones Normales 1-82,text,true,,1456,255,1,1,http://localhost:3500/query/empresa_simulada,2,0,0
1783612258094,4,POST get_cuentas_cobrar,200,OK,Benchmark - Operaciones Normales 1-83,text,true,,1981,311,1,1,http://localhost:3500/query/empresa_simulada,4,0,1
1783612258098,3,POST get_bancos,200,OK,Benchmark - Operaciones Normales 1-83,text,true,,1344,254,1,1,http://localhost:3500/query/empresa_simulada,3,0,0
1783612258101,2,POST get_monedas,200,OK,Benchmark - Operaciones Normales 1-83,text,true,,1572,255,1,1,http://localhost:3500/query/empresa_simulada,2,0,0
1783612258104,1,POST get_empresa,200,OK,Benchmark - Operaciones Normales 1-83,text,true,,1456,255,1,1,http://localhost:3500/query/empresa_simulada,1,0,0
1783612258106,2,POST get_cuentas_cobrar,200,OK,Benchmark - Operaciones Normales 1-83,text,true,,1981,311,1,1,http://localhost:3500/query/empresa_simulada,2,0,0
1783612258108,2,POST get_bancos,200,OK,Benchmark - Operaciones Normales 1-83,text,true,,1344,254,1,1,http://localhost:3500/query/empresa_simulada,2,0,0
1783612258110,2,POST get_monedas,200,OK,Benchmark - Operaciones Normales 1-83,text,true,,1572,255,1,1,http://localhost:3500/query/empresa_simulada,2,0,0
1783612258112,2,POST get_empresa,200,OK,Benchmark - Operaciones Normales 1-83,text,true,,1456,255,1,1,http://localhost:3500/query/empresa_simulada,2,0,0
1783612258114,2,POST get_cuentas_cobrar,200,OK,Benchmark - Operaciones Normales 1-83,text,true,,1981,311,1,1,http://localhost:3500/query/empresa_simulada,2,0,0
1783612258116,2,POST get_bancos,200,OK,Benchmark - Operaciones Normales 1-83,text,true,,1344,254,1,1,http://localhost:3500/query/empresa_simulada,2,0,0
1783612258118,2,POST get_monedas,200,OK,Benchmark - Operaciones Normales 1-83,text,true,,1572,255,1,1,http://localhost:3500/query/empresa_simulada,2,0,0
1783612258120,2,POST get_empresa,200,OK,Benchmark - Operaciones Normales 1-83,text,true,,1456,255,1,1,http://localhost:3500/query/empresa_simulada,2,0,0
1783612258123,2,POST get_cuentas_cobrar,200,OK,Benchmark - Operaciones Normales 1-83,text,true,,1981,311,1,1,http://localhost:3500/query/empresa_simulada,2,0,0
1783612258125,2,POST get_bancos,200,OK,Benchmark - Operaciones Normales 1-83,text,true,,1344,254,1,1,http://localhost:3500/query/empresa_simulada,2,0,0
1783612258127,2,POST get_monedas,200,OK,Benchmark - Operaciones Normales 1-83,text,true,,1572,255,1,1,http://localhost:3500/query/empresa_simulada,2,0,0
1783612258129,2,POST get_empresa,200,OK,Benchmark - Operaciones Normales 1-83,text,true,,1456,255,1,1,http://localhost:3500/query/empresa_simulada,2,0,0
1783612258132,2,POST get_cuentas_cobrar,200,OK,Benchmark - Operaciones Normales 1-83,text,true,,1981,311,1,1,http://localhost:3500/query/empresa_simulada,2,0,0
1783612258134,1,POST get_bancos,200,OK,Benchmark - Operaciones Normales 1-83,text,true,,1344,254,1,1,http://localhost:3500/query/empresa_simulada,1,0,0
1783612258136,2,POST get_monedas,200,OK,Benchmark - Operaciones Normales 1-83,text,true,,1572,255,1,1,http://localhost:3500/query/empresa_simulada,2,0,0
1783612258138,3,POST get_empresa,200,OK,Benchmark - Operaciones Normales 1-83,text,true,,1456,255,1,1,http://localhost:3500/query/empresa_simulada,3,0,0
1783612258141,2,POST get_cuentas_cobrar,200,OK,Benchmark - Operaciones Normales 1-83,text,true,,1981,311,1,1,http://localhost:3500/query/empresa_simulada,2,0,0
1783612258143,2,POST get_bancos,200,OK,Benchmark - Operaciones Normales 1-83,text,true,,1344,254,1,1,http://localhost:3500/query/empresa_simulada,2,0,0
1783612258145,2,POST get_monedas,200,OK,Benchmark - Operaciones Normales 1-83,text,true,,1572,255,1,1,http://localhost:3500/query/empresa_simulada,2,0,0
1783612258148,2,POST get_empresa,200,OK,Benchmark - Operaciones Normales 1-83,text,true,,1456,255,1,1,http://localhost:3500/query/empresa_simulada,2,0,0
1783612258150,2,POST get_cuentas_cobrar,200,OK,Benchmark - Operaciones Normales 1-83,text,true,,1981,311,1,1,http://localhost:3500/query/empresa_simulada,2,0,0
1783612258152,2,POST get_bancos,200,OK,Benchmark - Operaciones Normales 1-83,text,true,,1344,254,1,1,http://localhost:3500/query/empresa_simulada,2,0,0
1783612258154,2,POST get_monedas,200,OK,Benchmark - Operaciones Normales 1-83,text,true,,1572,255,1,1,http://localhost:3500/query/empresa_simulada,2,0,0
1783612258156,2,POST get_empresa,200,OK,Benchmark - Operaciones Normales 1-83,text,true,,1456,255,1,1,http://localhost:3500/query/empresa_simulada,2,0,0
1783612258158,2,POST get_cuentas_cobrar,200,OK,Benchmark - Operaciones Normales 1-83,text,true,,1981,311,1,1,http://localhost:3500/query/empresa_simulada,2,0,0
1783612258160,2,POST get_bancos,200,OK,Benchmark - Operaciones Normales 1-83,text,true,,1344,254,1,1,http://localhost:3500/query/empresa_simulada,2,0,0
1783612258162,2,POST get_monedas,200,OK,Benchmark - Operaciones Normales 1-83,text,true,,1572,255,1,1,http://localhost:3500/query/empresa_simulada,2,0,0
1783612258164,2,POST get_empresa,200,OK,Benchmark - Operaciones Normales 1-83,text,true,,1456,255,1,1,http://localhost:3500/query/empresa_simulada,2,0,0
1783612258166,2,POST get_cuentas_cobrar,200,OK,Benchmark - Operaciones Normales 1-83,text,true,,1981,311,1,1,http://localhost:3500/query/empresa_simulada,2,0,0
1783612258168,2,POST get_bancos,200,OK,Benchmark - Operaciones Normales 1-83,text,true,,1344,254,1,1,http://localhost:3500/query/empresa_simulada,2,0,0
1783612258170,2,POST get_monedas,200,OK,Benchmark - Operaciones Normales 1-83,text,true,,1572,255,1,1,http://localhost:3500/query/empresa_simulada,2,0,0
1783612258172,2,POST get_empresa,200,OK,Benchmark - Operaciones Normales 1-83,text,true,,1456,255,1,1,http://localhost:3500/query/empresa_simulada,2,0,0
1783612258174,3,POST get_cuentas_cobrar,200,OK,Benchmark - Operaciones Normales 1-83,text,true,,1981,311,1,1,http://localhost:3500/query/empresa_simulada,3,0,0
1783612258177,3,POST get_bancos,200,OK,Benchmark - Operaciones Normales 1-83,text,true,,1344,254,1,1,http://localhost:3500/query/empresa_simulada,3,0,0
1783612258180,2,POST get_monedas,200,OK,Benchmark - Operaciones Normales 1-83,text,true,,1572,255,1,1,http://localhost:3500/query/empresa_simulada,2,0,0
1783612258182,2,POST get_empresa,200,OK,Benchmark - Operaciones Normales 1-83,text,true,,1456,255,1,1,http://localhost:3500/query/empresa_simulada,2,0,0
1783612258185,4,POST get_cuentas_cobrar,200,OK,Benchmark - Operaciones Normales 1-84,text,true,,1981,311,1,1,http://localhost:3500/query/empresa_simulada,4,0,1
1783612258189,2,POST get_bancos,200,OK,Benchmark - Operaciones Normales 1-84,text,true,,1344,254,1,1,http://localhost:3500/query/empresa_simulada,2,0,0
1783612258191,2,POST get_monedas,200,OK,Benchmark - Operaciones Normales 1-84,text,true,,1572,255,1,1,http://localhost:3500/query/empresa_simulada,2,0,0
1783612258193,2,POST get_empresa,200,OK,Benchmark - Operaciones Normales 1-84,text,true,,1456,255,1,1,http://localhost:3500/query/empresa_simulada,2,0,0
1783612258195,2,POST get_cuentas_cobrar,200,OK,Benchmark - Operaciones Normales 1-84,text,true,,1981,311,1,1,http://localhost:3500/query/empresa_simulada,2,0,0
1783612258197,2,POST get_bancos,200,OK,Benchmark - Operaciones Normales 1-84,text,true,,1344,254,1,1,http://localhost:3500/query/empresa_simulada,2,0,0
1783612258199,2,POST get_monedas,200,OK,Benchmark - Operaciones Normales 1-84,text,true,,1572,255,1,1,http://localhost:3500/query/empresa_simulada,2,0,0
1783612258201,2,POST get_empresa,200,OK,Benchmark - Operaciones Normales 1-84,text,true,,1456,255,1,1,http://localhost:3500/query/empresa_simulada,2,0,0
1783612258203,1,POST get_cuentas_cobrar,200,OK,Benchmark - Operaciones Normales 1-84,text,true,,1981,311,1,1,http://localhost:3500/query/empresa_simulada,1,0,0
1783612258205,1,POST get_bancos,200,OK,Benchmark - Operaciones Normales 1-84,text,true,,1344,254,1,1,http://localhost:3500/query/empresa_simulada,1,0,0
1783612258207,1,POST get_monedas,200,OK,Benchmark - Operaciones Normales 1-84,text,true,,1572,255,1,1,http://localhost:3500/query/empresa_simulada,1,0,0
1783612258209,2,POST get_empresa,200,OK,Benchmark - Operaciones Normales 1-84,text,true,,1456,255,1,1,http://localhost:3500/query/empresa_simulada,2,0,0
1783612258211,2,POST get_cuentas_cobrar,200,OK,Benchmark - Operaciones Normales 1-84,text,true,,1981,311,1,1,http://localhost:3500/query/empresa_simulada,2,0,0
1783612258213,2,POST get_bancos,200,OK,Benchmark - Operaciones Normales 1-84,text,true,,1344,254,1,1,http://localhost:3500/query/empresa_simulada,2,0,0
1783612258215,2,POST get_monedas,200,OK,Benchmark - Operaciones Normales 1-84,text,true,,1572,255,1,1,http://localhost:3500/query/empresa_simulada,2,0,0
1783612258217,2,POST get_empresa,200,OK,Benchmark - Operaciones Normales 1-84,text,true,,1456,255,1,1,http://localhost:3500/query/empresa_simulada,2,0,0
1783612258219,3,POST get_cuentas_cobrar,200,OK,Benchmark - Operaciones Normales 1-84,text,true,,1981,311,1,1,http://localhost:3500/query/empresa_simulada,3,0,0
1783612258222,2,POST get_bancos,200,OK,Benchmark - Operaciones Normales 1-84,text,true,,1344,254,1,1,http://localhost:3500/query/empresa_simulada,2,0,0
1783612258224,2,POST get_monedas,200,OK,Benchmark - Operaciones Normales 1-84,text,true,,1572,255,1,1,http://localhost:3500/query/empresa_simulada,2,0,0
1783612258226,2,POST get_empresa,200,OK,Benchmark - Operaciones Normales 1-84,text,true,,1456,255,1,1,http://localhost:3500/query/empresa_simulada,2,0,0
1783612258228,2,POST get_cuentas_cobrar,200,OK,Benchmark - Operaciones Normales 1-84,text,true,,1981,311,1,1,http://localhost:3500/query/empresa_simulada,2,0,0
1783612258230,2,POST get_bancos,200,OK,Benchmark - Operaciones Normales 1-84,text,true,,1344,254,1,1,http://localhost:3500/query/empresa_simulada,2,0,0
1783612258232,2,POST get_monedas,200,OK,Benchmark - Operaciones Normales 1-84,text,true,,1572,255,1,1,http://localhost:3500/query/empresa_simulada,2,0,0
1783612258234,4,POST get_empresa,200,OK,Benchmark - Operaciones Normales 1-84,text,true,,1456,255,1,1,http://localhost:3500/query/empresa_simulada,4,0,0
1783612258238,2,POST get_cuentas_cobrar,200,OK,Benchmark - Operaciones Normales 1-84,text,true,,1981,311,1,1,http://localhost:3500/query/empresa_simulada,2,0,0
1783612258240,2,POST get_bancos,200,OK,Benchmark - Operaciones Normales 1-84,text,true,,1344,254,1,1,http://localhost:3500/query/empresa_simulada,2,0,0
1783612258243,2,POST get_monedas,200,OK,Benchmark - Operaciones Normales 1-84,text,true,,1572,255,1,1,http://localhost:3500/query/empresa_simulada,2,0,0
1783612258245,2,POST get_empresa,200,OK,Benchmark - Operaciones Normales 1-84,text,true,,1456,255,1,1,http://localhost:3500/query/empresa_simulada,2,0,0
1783612258247,2,POST get_cuentas_cobrar,200,OK,Benchmark - Operaciones Normales 1-84,text,true,,1981,311,1,1,http://localhost:3500/query/empresa_simulada,2,0,0
1783612258249,2,POST get_bancos,200,OK,Benchmark - Operaciones Normales 1-84,text,true,,1344,254,1,1,http://localhost:3500/query/empresa_simulada,2,0,0
1783612258251,2,POST get_monedas,200,OK,Benchmark - Operaciones Normales 1-84,text,true,,1572,255,1,1,http://localhost:3500/query/empresa_simulada,2,0,0
1783612258254,1,POST get_empresa,200,OK,Benchmark - Operaciones Normales 1-84,text,true,,1456,255,1,1,http://localhost:3500/query/empresa_simulada,1,0,0
1783612258255,2,POST get_cuentas_cobrar,200,OK,Benchmark - Operaciones Normales 1-84,text,true,,1981,311,1,1,http://localhost:3500/query/empresa_simulada,2,0,0
1783612258257,2,POST get_bancos,200,OK,Benchmark - Operaciones Normales 1-84,text,true,,1344,254,1,1,http://localhost:3500/query/empresa_simulada,2,0,0
1783612258259,2,POST get_monedas,200,OK,Benchmark - Operaciones Normales 1-84,text,true,,1572,255,1,1,http://localhost:3500/query/empresa_simulada,2,0,0
1783612258261,2,POST get_empresa,200,OK,Benchmark - Operaciones Normales 1-84,text,true,,1456,255,1,1,http://localhost:3500/query/empresa_simulada,2,0,0
1783612258264,1,POST get_cuentas_cobrar,200,OK,Benchmark - Operaciones Normales 1-84,text,true,,1981,311,1,1,http://localhost:3500/query/empresa_simulada,1,0,0
1783612258265,2,POST get_bancos,200,OK,Benchmark - Operaciones Normales 1-84,text,true,,1344,254,1,1,http://localhost:3500/query/empresa_simulada,2,0,0
1783612258267,2,POST get_monedas,200,OK,Benchmark - Operaciones Normales 1-84,text,true,,1572,255,1,1,http://localhost:3500/query/empresa_simulada,2,0,0
1783612258269,2,POST get_empresa,200,OK,Benchmark - Operaciones Normales 1-84,text,true,,1456,255,1,1,http://localhost:3500/query/empresa_simulada,2,0,0
1783612258290,6,POST get_cuentas_cobrar,200,OK,Benchmark - Operaciones Normales 1-85,text,true,,1981,311,1,1,http://localhost:3500/query/empresa_simulada,6,0,2
1783612258296,4,POST get_bancos,200,OK,Benchmark - Operaciones Normales 1-85,text,true,,1344,254,1,1,http://localhost:3500/query/empresa_simulada,4,0,0
1783612258300,3,POST get_monedas,200,OK,Benchmark - Operaciones Normales 1-85,text,true,,1572,255,1,1,http://localhost:3500/query/empresa_simulada,3,0,0
1783612258303,4,POST get_empresa,200,OK,Benchmark - Operaciones Normales 1-85,text,true,,1456,255,1,1,http://localhost:3500/query/empresa_simulada,4,0,0
1783612258308,2,POST get_cuentas_cobrar,200,OK,Benchmark - Operaciones Normales 1-85,text,true,,1981,311,1,1,http://localhost:3500/query/empresa_simulada,2,0,0
1783612258310,4,POST get_bancos,200,OK,Benchmark - Operaciones Normales 1-85,text,true,,1344,254,1,1,http://localhost:3500/query/empresa_simulada,4,0,0
1783612258314,3,POST get_monedas,200,OK,Benchmark - Operaciones Normales 1-85,text,true,,1572,255,1,1,http://localhost:3500/query/empresa_simulada,3,0,0
1783612258317,2,POST get_empresa,200,OK,Benchmark - Operaciones Normales 1-85,text,true,,1456,255,1,1,http://localhost:3500/query/empresa_simulada,2,0,0
1783612258319,3,POST get_cuentas_cobrar,200,OK,Benchmark - Operaciones Normales 1-85,text,true,,1981,311,1,1,http://localhost:3500/query/empresa_simulada,3,0,0
1783612258322,3,POST get_bancos,200,OK,Benchmark - Operaciones Normales 1-85,text,true,,1344,254,1,1,http://localhost:3500/query/empresa_simulada,3,0,0
1783612258325,2,POST get_monedas,200,OK,Benchmark - Operaciones Normales 1-85,text,true,,1572,255,1,1,http://localhost:3500/query/empresa_simulada,2,0,0
1783612258327,2,POST get_empresa,200,OK,Benchmark - Operaciones Normales 1-85,text,true,,1456,255,1,1,http://localhost:3500/query/empresa_simulada,2,0,0
1783612258329,3,POST get_cuentas_cobrar,200,OK,Benchmark - Operaciones Normales 1-85,text,true,,1981,311,1,1,http://localhost:3500/query/empresa_simulada,3,0,0
1783612258332,2,POST get_bancos,200,OK,Benchmark - Operaciones Normales 1-85,text,true,,1344,254,1,1,http://localhost:3500/query/empresa_simulada,2,0,0
1783612258334,2,POST get_monedas,200,OK,Benchmark - Operaciones Normales 1-85,text,true,,1572,255,1,1,http://localhost:3500/query/empresa_simulada,2,0,0
1783612258336,1,POST get_empresa,200,OK,Benchmark - Operaciones Normales 1-85,text,true,,1456,255,1,1,http://localhost:3500/query/empresa_simulada,1,0,0
1783612258338,1,POST get_cuentas_cobrar,200,OK,Benchmark - Operaciones Normales 1-85,text,true,,1981,311,1,1,http://localhost:3500/query/empresa_simulada,1,0,0
1783612258339,2,POST get_bancos,200,OK,Benchmark - Operaciones Normales 1-85,text,true,,1344,254,1,1,http://localhost:3500/query/empresa_simulada,2,0,0
1783612258341,2,POST get_monedas,200,OK,Benchmark - Operaciones Normales 1-85,text,true,,1572,255,1,1,http://localhost:3500/query/empresa_simulada,2,0,0
1783612258343,2,POST get_empresa,200,OK,Benchmark - Operaciones Normales 1-85,text,true,,1456,255,1,1,http://localhost:3500/query/empresa_simulada,2,0,0
1783612258345,2,POST get_cuentas_cobrar,200,OK,Benchmark - Operaciones Normales 1-85,text,true,,1981,311,1,1,http://localhost:3500/query/empresa_simulada,2,0,0
1783612258347,3,POST get_bancos,200,OK,Benchmark - Operaciones Normales 1-85,text,true,,1344,254,1,1,http://localhost:3500/query/empresa_simulada,3,0,0
1783612258350,2,POST get_monedas,200,OK,Benchmark - Operaciones Normales 1-85,text,true,,1572,255,1,1,http://localhost:3500/query/empresa_simulada,2,0,0
1783612258352,2,POST get_empresa,200,OK,Benchmark - Operaciones Normales 1-85,text,true,,1456,255,1,1,http://localhost:3500/query/empresa_simulada,2,0,0
1783612258354,2,POST get_cuentas_cobrar,200,OK,Benchmark - Operaciones Normales 1-85,text,true,,1981,311,1,1,http://localhost:3500/query/empresa_simulada,2,0,0
1783612258356,2,POST get_bancos,200,OK,Benchmark - Operaciones Normales 1-85,text,true,,1344,254,1,1,http://localhost:3500/query/empresa_simulada,2,0,0
1783612258358,2,POST get_monedas,200,OK,Benchmark - Operaciones Normales 1-85,text,true,,1572,255,1,1,http://localhost:3500/query/empresa_simulada,2,0,0
1783612258360,2,POST get_empresa,200,OK,Benchmark - Operaciones Normales 1-85,text,true,,1456,255,1,1,http://localhost:3500/query/empresa_simulada,2,0,0
1783612258362,2,POST get_cuentas_cobrar,200,OK,Benchmark - Operaciones Normales 1-85,text,true,,1981,311,1,1,http://localhost:3500/query/empresa_simulada,2,0,0
1783612258364,2,POST get_bancos,200,OK,Benchmark - Operaciones Normales 1-85,text,true,,1344,254,1,1,http://localhost:3500/query/empresa_simulada,2,0,0
1783612258366,2,POST get_monedas,200,OK,Benchmark - Operaciones Normales 1-85,text,true,,1572,255,1,1,http://localhost:3500/query/empresa_simulada,2,0,0
1783612258368,2,POST get_empresa,200,OK,Benchmark - Operaciones Normales 1-85,text,true,,1456,255,1,1,http://localhost:3500/query/empresa_simulada,2,0,0
1783612258370,2,POST get_cuentas_cobrar,200,OK,Benchmark - Operaciones Normales 1-85,text,true,,1981,311,1,1,http://localhost:3500/query/empresa_simulada,2,0,0
1783612258372,2,POST get_bancos,200,OK,Benchmark - Operaciones Normales 1-85,text,true,,1344,254,1,1,http://localhost:3500/query/empresa_simulada,2,0,0
1783612258374,2,POST get_monedas,200,OK,Benchmark - Operaciones Normales 1-85,text,true,,1572,255,1,1,http://localhost:3500/query/empresa_simulada,2,0,0
1783612258376,2,POST get_empresa,200,OK,Benchmark - Operaciones Normales 1-85,text,true,,1456,255,1,1,http://localhost:3500/query/empresa_simulada,2,0,0
1783612258378,2,POST get_cuentas_cobrar,200,OK,Benchmark - Operaciones Normales 1-85,text,true,,1981,311,1,1,http://localhost:3500/query/empresa_simulada,2,0,0
1783612258380,2,POST get_bancos,200,OK,Benchmark - Operaciones Normales 1-85,text,true,,1344,254,1,1,http://localhost:3500/query/empresa_simulada,2,0,0
1783612258382,2,POST get_monedas,200,OK,Benchmark - Operaciones Normales 1-85,text,true,,1572,255,2,2,http://localhost:3500/query/empresa_simulada,2,0,0
1783612258384,3,POST get_empresa,200,OK,Benchmark - Operaciones Normales 1-85,text,true,,1456,255,2,2,http://localhost:3500/query/empresa_simulada,3,0,0
1783612258383,4,POST get_cuentas_cobrar,200,OK,Benchmark - Operaciones Normales 1-86,text,true,,1981,311,2,2,http://localhost:3500/query/empresa_simulada,4,0,2
1783612258387,2,POST get_bancos,200,OK,Benchmark - Operaciones Normales 1-86,text,true,,1344,254,1,1,http://localhost:3500/query/empresa_simulada,2,0,0
1783612258389,2,POST get_monedas,200,OK,Benchmark - Operaciones Normales 1-86,text,true,,1572,255,1,1,http://localhost:3500/query/empresa_simulada,2,0,0
1783612258391,2,POST get_empresa,200,OK,Benchmark - Operaciones Normales 1-86,text,true,,1456,255,1,1,http://localhost:3500/query/empresa_simulada,2,0,0
1783612258393,2,POST get_cuentas_cobrar,200,OK,Benchmark - Operaciones Normales 1-86,text,true,,1981,311,1,1,http://localhost:3500/query/empresa_simulada,2,0,0
1783612258395,2,POST get_bancos,200,OK,Benchmark - Operaciones Normales 1-86,text,true,,1344,254,1,1,http://localhost:3500/query/empresa_simulada,2,0,0
1783612258397,2,POST get_monedas,200,OK,Benchmark - Operaciones Normales 1-86,text,true,,1572,255,1,1,http://localhost:3500/query/empresa_simulada,2,0,0
1783612258399,2,POST get_empresa,200,OK,Benchmark - Operaciones Normales 1-86,text,true,,1456,255,1,1,http://localhost:3500/query/empresa_simulada,2,0,0
1783612258401,2,POST get_cuentas_cobrar,200,OK,Benchmark - Operaciones Normales 1-86,text,true,,1981,311,1,1,http://localhost:3500/query/empresa_simulada,2,0,0
1783612258403,2,POST get_bancos,200,OK,Benchmark - Operaciones Normales 1-86,text,true,,1344,254,1,1,http://localhost:3500/query/empresa_simulada,2,0,0
1783612258405,3,POST get_monedas,200,OK,Benchmark - Operaciones Normales 1-86,text,true,,1572,255,1,1,http://localhost:3500/query/empresa_simulada,3,0,0
1783612258408,2,POST get_empresa,200,OK,Benchmark - Operaciones Normales 1-86,text,true,,1456,255,1,1,http://localhost:3500/query/empresa_simulada,2,0,0
1783612258410,2,POST get_cuentas_cobrar,200,OK,Benchmark - Operaciones Normales 1-86,text,true,,1981,311,1,1,http://localhost:3500/query/empresa_simulada,2,0,0
1783612258412,2,POST get_bancos,200,OK,Benchmark - Operaciones Normales 1-86,text,true,,1344,254,1,1,http://localhost:3500/query/empresa_simulada,2,0,0
1783612258414,2,POST get_monedas,200,OK,Benchmark - Operaciones Normales 1-86,text,true,,1572,255,1,1,http://localhost:3500/query/empresa_simulada,2,0,0
1783612258416,2,POST get_empresa,200,OK,Benchmark - Operaciones Normales 1-86,text,true,,1456,255,1,1,http://localhost:3500/query/empresa_simulada,2,0,0
1783612258418,2,POST get_cuentas_cobrar,200,OK,Benchmark - Operaciones Normales 1-86,text,true,,1981,311,1,1,http://localhost:3500/query/empresa_simulada,2,0,0
1783612258420,1,POST get_bancos,200,OK,Benchmark - Operaciones Normales 1-86,text,true,,1344,254,1,1,http://localhost:3500/query/empresa_simulada,1,0,0
1783612258422,1,POST get_monedas,200,OK,Benchmark - Operaciones Normales 1-86,text,true,,1572,255,1,1,http://localhost:3500/query/empresa_simulada,1,0,0
1783612258424,2,POST get_empresa,200,OK,Benchmark - Operaciones Normales 1-86,text,true,,1456,255,1,1,http://localhost:3500/query/empresa_simulada,2,0,0
1783612258426,2,POST get_cuentas_cobrar,200,OK,Benchmark - Operaciones Normales 1-86,text,true,,1981,311,1,1,http://localhost:3500/query/empresa_simulada,2,0,0
1783612258428,3,POST get_bancos,200,OK,Benchmark - Operaciones Normales 1-86,text,true,,1344,254,1,1,http://localhost:3500/query/empresa_simulada,3,0,0
1783612258431,2,POST get_monedas,200,OK,Benchmark - Operaciones Normales 1-86,text,true,,1572,255,1,1,http://localhost:3500/query/empresa_simulada,2,0,0
1783612258434,2,POST get_empresa,200,OK,Benchmark - Operaciones Normales 1-86,text,true,,1456,255,1,1,http://localhost:3500/query/empresa_simulada,1,0,0
1783612258436,1,POST get_cuentas_cobrar,200,OK,Benchmark - Operaciones Normales 1-86,text,true,,1981,311,1,1,http://localhost:3500/query/empresa_simulada,1,0,0
1783612258438,1,POST get_bancos,200,OK,Benchmark - Operaciones Normales 1-86,text,true,,1344,254,1,1,http://localhost:3500/query/empresa_simulada,1,0,0
1783612258439,2,POST get_monedas,200,OK,Benchmark - Operaciones Normales 1-86,text,true,,1572,255,1,1,http://localhost:3500/query/empresa_simulada,2,0,0
1783612258441,2,POST get_empresa,200,OK,Benchmark - Operaciones Normales 1-86,text,true,,1456,255,1,1,http://localhost:3500/query/empresa_simulada,2,0,0
1783612258443,2,POST get_cuentas_cobrar,200,OK,Benchmark - Operaciones Normales 1-86,text,true,,1981,311,1,1,http://localhost:3500/query/empresa_simulada,2,0,0
1783612258445,2,POST get_bancos,200,OK,Benchmark - Operaciones Normales 1-86,text,true,,1344,254,1,1,http://localhost:3500/query/empresa_simulada,2,0,0
1783612258448,7,POST get_monedas,200,OK,Benchmark - Operaciones Normales 1-86,text,true,,1572,255,1,1,http://localhost:3500/query/empresa_simulada,7,0,0
1783612258455,2,POST get_empresa,200,OK,Benchmark - Operaciones Normales 1-86,text,true,,1456,255,1,1,http://localhost:3500/query/empresa_simulada,2,0,0
1783612258457,2,POST get_cuentas_cobrar,200,OK,Benchmark - Operaciones Normales 1-86,text,true,,1981,311,1,1,http://localhost:3500/query/empresa_simulada,2,0,0
1783612258460,2,POST get_bancos,200,OK,Benchmark - Operaciones Normales 1-86,text,true,,1344,254,1,1,http://localhost:3500/query/empresa_simulada,1,0,0
1783612258462,2,POST get_monedas,200,OK,Benchmark - Operaciones Normales 1-86,text,true,,1572,255,1,1,http://localhost:3500/query/empresa_simulada,2,0,0
1783612258464,2,POST get_empresa,200,OK,Benchmark - Operaciones Normales 1-86,text,true,,1456,255,1,1,http://localhost:3500/query/empresa_simulada,2,0,0
1783612258466,2,POST get_cuentas_cobrar,200,OK,Benchmark - Operaciones Normales 1-86,text,true,,1981,311,1,1,http://localhost:3500/query/empresa_simulada,2,0,0
1783612258468,2,POST get_bancos,200,OK,Benchmark - Operaciones Normales 1-86,text,true,,1344,254,1,1,http://localhost:3500/query/empresa_simulada,2,0,0
1783612258470,2,POST get_monedas,200,OK,Benchmark - Operaciones Normales 1-86,text,true,,1572,255,1,1,http://localhost:3500/query/empresa_simulada,2,0,0
1783612258472,2,POST get_empresa,200,OK,Benchmark - Operaciones Normales 1-86,text,true,,1456,255,1,1,http://localhost:3500/query/empresa_simulada,2,0,0
1783612258483,4,POST get_cuentas_cobrar,200,OK,Benchmark - Operaciones Normales 1-87,text,true,,1981,311,1,1,http://localhost:3500/query/empresa_simulada,4,0,2
1783612258487,2,POST get_bancos,200,OK,Benchmark - Operaciones Normales 1-87,text,true,,1344,254,1,1,http://localhost:3500/query/empresa_simulada,2,0,0
1783612258489,2,POST get_monedas,200,OK,Benchmark - Operaciones Normales 1-87,text,true,,1572,255,1,1,http://localhost:3500/query/empresa_simulada,2,0,0
1783612258491,2,POST get_empresa,200,OK,Benchmark - Operaciones Normales 1-87,text,true,,1456,255,1,1,http://localhost:3500/query/empresa_simulada,2,0,0
1783612258493,2,POST get_cuentas_cobrar,200,OK,Benchmark - Operaciones Normales 1-87,text,true,,1981,311,1,1,http://localhost:3500/query/empresa_simulada,2,0,0
1783612258495,2,POST get_bancos,200,OK,Benchmark - Operaciones Normales 1-87,text,true,,1344,254,1,1,http://localhost:3500/query/empresa_simulada,2,0,0
1783612258497,2,POST get_monedas,200,OK,Benchmark - Operaciones Normales 1-87,text,true,,1572,255,1,1,http://localhost:3500/query/empresa_simulada,2,0,0
1783612258499,2,POST get_empresa,200,OK,Benchmark - Operaciones Normales 1-87,text,true,,1456,255,1,1,http://localhost:3500/query/empresa_simulada,2,0,0
1783612258501,2,POST get_cuentas_cobrar,200,OK,Benchmark - Operaciones Normales 1-87,text,true,,1981,311,1,1,http://localhost:3500/query/empresa_simulada,2,0,0
1783612258503,2,POST get_bancos,200,OK,Benchmark - Operaciones Normales 1-87,text,true,,1344,254,1,1,http://localhost:3500/query/empresa_simulada,2,0,0
1783612258505,2,POST get_monedas,200,OK,Benchmark - Operaciones Normales 1-87,text,true,,1572,255,1,1,http://localhost:3500/query/empresa_simulada,2,0,0
1783612258508,2,POST get_empresa,200,OK,Benchmark - Operaciones Normales 1-87,text,true,,1456,255,1,1,http://localhost:3500/query/empresa_simulada,2,0,0
1783612258511,1,POST get_cuentas_cobrar,200,OK,Benchmark - Operaciones Normales 1-87,text,true,,1981,311,1,1,http://localhost:3500/query/empresa_simulada,1,0,0
1783612258512,2,POST get_bancos,200,OK,Benchmark - Operaciones Normales 1-87,text,true,,1344,254,1,1,http://localhost:3500/query/empresa_simulada,2,0,0
1783612258514,2,POST get_monedas,200,OK,Benchmark - Operaciones Normales 1-87,text,true,,1572,255,1,1,http://localhost:3500/query/empresa_simulada,2,0,0
1783612258516,2,POST get_empresa,200,OK,Benchmark - Operaciones Normales 1-87,text,true,,1456,255,1,1,http://localhost:3500/query/empresa_simulada,2,0,0
1783612258518,2,POST get_cuentas_cobrar,200,OK,Benchmark - Operaciones Normales 1-87,text,true,,1981,311,1,1,http://localhost:3500/query/empresa_simulada,2,0,0
1783612258521,2,POST get_bancos,200,OK,Benchmark - Operaciones Normales 1-87,text,true,,1344,254,1,1,http://localhost:3500/query/empresa_simulada,2,0,0
1783612258523,2,POST get_monedas,200,OK,Benchmark - Operaciones Normales 1-87,text,true,,1572,255,1,1,http://localhost:3500/query/empresa_simulada,2,0,0
1783612258525,2,POST get_empresa,200,OK,Benchmark - Operaciones Normales 1-87,text,true,,1456,255,1,1,http://localhost:3500/query/empresa_simulada,2,0,0
1783612258527,3,POST get_cuentas_cobrar,200,OK,Benchmark - Operaciones Normales 1-87,text,true,,1981,311,1,1,http://localhost:3500/query/empresa_simulada,3,0,0
1783612258530,1,POST get_bancos,200,OK,Benchmark - Operaciones Normales 1-87,text,true,,1344,254,1,1,http://localhost:3500/query/empresa_simulada,1,0,0
1783612258532,1,POST get_monedas,200,OK,Benchmark - Operaciones Normales 1-87,text,true,,1572,255,1,1,http://localhost:3500/query/empresa_simulada,1,0,0
1783612258534,1,POST get_empresa,200,OK,Benchmark - Operaciones Normales 1-87,text,true,,1456,255,1,1,http://localhost:3500/query/empresa_simulada,1,0,0
1783612258535,2,POST get_cuentas_cobrar,200,OK,Benchmark - Operaciones Normales 1-87,text,true,,1981,311,1,1,http://localhost:3500/query/empresa_simulada,2,0,0
1783612258537,3,POST get_bancos,200,OK,Benchmark - Operaciones Normales 1-87,text,true,,1344,254,1,1,http://localhost:3500/query/empresa_simulada,3,0,0
1783612258540,2,POST get_monedas,200,OK,Benchmark - Operaciones Normales 1-87,text,true,,1572,255,1,1,http://localhost:3500/query/empresa_simulada,2,0,0
1783612258542,2,POST get_empresa,200,OK,Benchmark - Operaciones Normales 1-87,text,true,,1456,255,1,1,http://localhost:3500/query/empresa_simulada,2,0,0
1783612258544,2,POST get_cuentas_cobrar,200,OK,Benchmark - Operaciones Normales 1-87,text,true,,1981,311,1,1,http://localhost:3500/query/empresa_simulada,2,0,0
1783612258546,2,POST get_bancos,200,OK,Benchmark - Operaciones Normales 1-87,text,true,,1344,254,1,1,http://localhost:3500/query/empresa_simulada,2,0,0
1783612258548,1,POST get_monedas,200,OK,Benchmark - Operaciones Normales 1-87,text,true,,1572,255,1,1,http://localhost:3500/query/empresa_simulada,1,0,0
1783612258550,2,POST get_empresa,200,OK,Benchmark - Operaciones Normales 1-87,text,true,,1456,255,1,1,http://localhost:3500/query/empresa_simulada,1,0,0
1783612258552,2,POST get_cuentas_cobrar,200,OK,Benchmark - Operaciones Normales 1-87,text,true,,1981,311,1,1,http://localhost:3500/query/empresa_simulada,2,0,0
1783612258554,2,POST get_bancos,200,OK,Benchmark - Operaciones Normales 1-87,text,true,,1344,254,1,1,http://localhost:3500/query/empresa_simulada,2,0,0
1783612258556,2,POST get_monedas,200,OK,Benchmark - Operaciones Normales 1-87,text,true,,1572,255,1,1,http://localhost:3500/query/empresa_simulada,2,0,0
1783612258559,2,POST get_empresa,200,OK,Benchmark - Operaciones Normales 1-87,text,true,,1456,255,1,1,http://localhost:3500/query/empresa_simulada,2,0,0
1783612258561,2,POST get_cuentas_cobrar,200,OK,Benchmark - Operaciones Normales 1-87,text,true,,1981,311,1,1,http://localhost:3500/query/empresa_simulada,2,0,0
1783612258563,2,POST get_bancos,200,OK,Benchmark - Operaciones Normales 1-87,text,true,,1344,254,1,1,http://localhost:3500/query/empresa_simulada,2,0,0
1783612258565,3,POST get_monedas,200,OK,Benchmark - Operaciones Normales 1-87,text,true,,1572,255,1,1,http://localhost:3500/query/empresa_simulada,2,0,0
1783612258568,2,POST get_empresa,200,OK,Benchmark - Operaciones Normales 1-87,text,true,,1456,255,1,1,http://localhost:3500/query/empresa_simulada,2,0,0
1783612258583,5,POST get_cuentas_cobrar,200,OK,Benchmark - Operaciones Normales 1-88,text,true,,1981,311,1,1,http://localhost:3500/query/empresa_simulada,5,0,1
1783612258588,2,POST get_bancos,200,OK,Benchmark - Operaciones Normales 1-88,text,true,,1344,254,1,1,http://localhost:3500/query/empresa_simulada,2,0,0
1783612258590,2,POST get_monedas,200,OK,Benchmark - Operaciones Normales 1-88,text,true,,1572,255,1,1,http://localhost:3500/query/empresa_simulada,2,0,0
1783612258592,2,POST get_empresa,200,OK,Benchmark - Operaciones Normales 1-88,text,true,,1456,255,1,1,http://localhost:3500/query/empresa_simulada,2,0,0
1783612258594,2,POST get_cuentas_cobrar,200,OK,Benchmark - Operaciones Normales 1-88,text,true,,1981,311,1,1,http://localhost:3500/query/empresa_simulada,2,0,0
1783612258596,2,POST get_bancos,200,OK,Benchmark - Operaciones Normales 1-88,text,true,,1344,254,1,1,http://localhost:3500/query/empresa_simulada,2,0,0
1783612258598,2,POST get_monedas,200,OK,Benchmark - Operaciones Normales 1-88,text,true,,1572,255,1,1,http://localhost:3500/query/empresa_simulada,2,0,0
1783612258600,2,POST get_empresa,200,OK,Benchmark - Operaciones Normales 1-88,text,true,,1456,255,1,1,http://localhost:3500/query/empresa_simulada,2,0,0
1783612258602,2,POST get_cuentas_cobrar,200,OK,Benchmark - Operaciones Normales 1-88,text,true,,1981,311,1,1,http://localhost:3500/query/empresa_simulada,2,0,0
1783612258604,2,POST get_bancos,200,OK,Benchmark - Operaciones Normales 1-88,text,true,,1344,254,1,1,http://localhost:3500/query/empresa_simulada,2,0,0
1783612258606,2,POST get_monedas,200,OK,Benchmark - Operaciones Normales 1-88,text,true,,1572,255,1,1,http://localhost:3500/query/empresa_simulada,2,0,0
1783612258608,2,POST get_empresa,200,OK,Benchmark - Operaciones Normales 1-88,text,true,,1456,255,1,1,http://localhost:3500/query/empresa_simulada,2,0,0
1783612258610,3,POST get_cuentas_cobrar,200,OK,Benchmark - Operaciones Normales 1-88,text,true,,1981,311,1,1,http://localhost:3500/query/empresa_simulada,3,0,0
1783612258613,2,POST get_bancos,200,OK,Benchmark - Operaciones Normales 1-88,text,true,,1344,254,1,1,http://localhost:3500/query/empresa_simulada,2,0,0
1783612258615,2,POST get_monedas,200,OK,Benchmark - Operaciones Normales 1-88,text,true,,1572,255,1,1,http://localhost:3500/query/empresa_simulada,2,0,0
1783612258617,2,POST get_empresa,200,OK,Benchmark - Operaciones Normales 1-88,text,true,,1456,255,1,1,http://localhost:3500/query/empresa_simulada,2,0,0
1783612258619,2,POST get_cuentas_cobrar,200,OK,Benchmark - Operaciones Normales 1-88,text,true,,1981,311,1,1,http://localhost:3500/query/empresa_simulada,2,0,0
1783612258621,1,POST get_bancos,200,OK,Benchmark - Operaciones Normales 1-88,text,true,,1344,254,1,1,http://localhost:3500/query/empresa_simulada,1,0,0
1783612258623,2,POST get_monedas,200,OK,Benchmark - Operaciones Normales 1-88,text,true,,1572,255,1,1,http://localhost:3500/query/empresa_simulada,2,0,0
1783612258625,2,POST get_empresa,200,OK,Benchmark - Operaciones Normales 1-88,text,true,,1456,255,1,1,http://localhost:3500/query/empresa_simulada,2,0,0
1783612258627,1,POST get_cuentas_cobrar,200,OK,Benchmark - Operaciones Normales 1-88,text,true,,1981,311,1,1,http://localhost:3500/query/empresa_simulada,1,0,0
1783612258629,2,POST get_bancos,200,OK,Benchmark - Operaciones Normales 1-88,text,true,,1344,254,1,1,http://localhost:3500/query/empresa_simulada,2,0,0
1783612258631,2,POST get_monedas,200,OK,Benchmark - Operaciones Normales 1-88,text,true,,1572,255,1,1,http://localhost:3500/query/empresa_simulada,2,0,0
1783612258633,2,POST get_empresa,200,OK,Benchmark - Operaciones Normales 1-88,text,true,,1456,255,1,1,http://localhost:3500/query/empresa_simulada,2,0,0
1783612258635,2,POST get_cuentas_cobrar,200,OK,Benchmark - Operaciones Normales 1-88,text,true,,1981,311,1,1,http://localhost:3500/query/empresa_simulada,2,0,0
1783612258637,2,POST get_bancos,200,OK,Benchmark - Operaciones Normales 1-88,text,true,,1344,254,1,1,http://localhost:3500/query/empresa_simulada,1,0,0
1783612258639,2,POST get_monedas,200,OK,Benchmark - Operaciones Normales 1-88,text,true,,1572,255,1,1,http://localhost:3500/query/empresa_simulada,2,0,0
1783612258641,2,POST get_empresa,200,OK,Benchmark - Operaciones Normales 1-88,text,true,,1456,255,1,1,http://localhost:3500/query/empresa_simulada,2,0,0
1783612258643,2,POST get_cuentas_cobrar,200,OK,Benchmark - Operaciones Normales 1-88,text,true,,1981,311,1,1,http://localhost:3500/query/empresa_simulada,2,0,0
1783612258645,2,POST get_bancos,200,OK,Benchmark - Operaciones Normales 1-88,text,true,,1344,254,1,1,http://localhost:3500/query/empresa_simulada,2,0,0
1783612258647,2,POST get_monedas,200,OK,Benchmark - Operaciones Normales 1-88,text,true,,1572,255,1,1,http://localhost:3500/query/empresa_simulada,2,0,0
1783612258649,2,POST get_empresa,200,OK,Benchmark - Operaciones Normales 1-88,text,true,,1456,255,1,1,http://localhost:3500/query/empresa_simulada,2,0,0
1783612258651,2,POST get_cuentas_cobrar,200,OK,Benchmark - Operaciones Normales 1-88,text,true,,1981,311,1,1,http://localhost:3500/query/empresa_simulada,2,0,0
1783612258653,2,POST get_bancos,200,OK,Benchmark - Operaciones Normales 1-88,text,true,,1344,254,1,1,http://localhost:3500/query/empresa_simulada,2,0,0
1783612258655,3,POST get_monedas,200,OK,Benchmark - Operaciones Normales 1-88,text,true,,1572,255,1,1,http://localhost:3500/query/empresa_simulada,2,0,0
1783612258658,1,POST get_empresa,200,OK,Benchmark - Operaciones Normales 1-88,text,true,,1456,255,1,1,http://localhost:3500/query/empresa_simulada,1,0,0
1783612258660,1,POST get_cuentas_cobrar,200,OK,Benchmark - Operaciones Normales 1-88,text,true,,1981,311,1,1,http://localhost:3500/query/empresa_simulada,1,0,0
1783612258661,2,POST get_bancos,200,OK,Benchmark - Operaciones Normales 1-88,text,true,,1344,254,1,1,http://localhost:3500/query/empresa_simulada,2,0,0
1783612258663,2,POST get_monedas,200,OK,Benchmark - Operaciones Normales 1-88,text,true,,1572,255,1,1,http://localhost:3500/query/empresa_simulada,2,0,0
1783612258665,2,POST get_empresa,200,OK,Benchmark - Operaciones Normales 1-88,text,true,,1456,255,1,1,http://localhost:3500/query/empresa_simulada,2,0,0
1783612258685,3,POST get_cuentas_cobrar,200,OK,Benchmark - Operaciones Normales 1-89,text,true,,1981,311,1,1,http://localhost:3500/query/empresa_simulada,3,0,1
1783612258688,2,POST get_bancos,200,OK,Benchmark - Operaciones Normales 1-89,text,true,,1344,254,1,1,http://localhost:3500/query/empresa_simulada,2,0,0
1783612258691,2,POST get_monedas,200,OK,Benchmark - Operaciones Normales 1-89,text,true,,1572,255,1,1,http://localhost:3500/query/empresa_simulada,2,0,0
1783612258693,3,POST get_empresa,200,OK,Benchmark - Operaciones Normales 1-89,text,true,,1456,255,1,1,http://localhost:3500/query/empresa_simulada,3,0,0
1783612258696,2,POST get_cuentas_cobrar,200,OK,Benchmark - Operaciones Normales 1-89,text,true,,1981,311,1,1,http://localhost:3500/query/empresa_simulada,2,0,0
1783612258698,2,POST get_bancos,200,OK,Benchmark - Operaciones Normales 1-89,text,true,,1344,254,1,1,http://localhost:3500/query/empresa_simulada,2,0,0
1783612258700,2,POST get_monedas,200,OK,Benchmark - Operaciones Normales 1-89,text,true,,1572,255,1,1,http://localhost:3500/query/empresa_simulada,2,0,0
1783612258702,2,POST get_empresa,200,OK,Benchmark - Operaciones Normales 1-89,text,true,,1456,255,1,1,http://localhost:3500/query/empresa_simulada,2,0,0
1783612258704,2,POST get_cuentas_cobrar,200,OK,Benchmark - Operaciones Normales 1-89,text,true,,1981,311,1,1,http://localhost:3500/query/empresa_simulada,2,0,0
1783612258706,2,POST get_bancos,200,OK,Benchmark - Operaciones Normales 1-89,text,true,,1344,254,1,1,http://localhost:3500/query/empresa_simulada,2,0,0
1783612258708,2,POST get_monedas,200,OK,Benchmark - Operaciones Normales 1-89,text,true,,1572,255,1,1,http://localhost:3500/query/empresa_simulada,2,0,0
1783612258710,2,POST get_empresa,200,OK,Benchmark - Operaciones Normales 1-89,text,true,,1456,255,1,1,http://localhost:3500/query/empresa_simulada,2,0,0
1783612258712,2,POST get_cuentas_cobrar,200,OK,Benchmark - Operaciones Normales 1-89,text,true,,1981,311,1,1,http://localhost:3500/query/empresa_simulada,2,0,0
1783612258714,2,POST get_bancos,200,OK,Benchmark - Operaciones Normales 1-89,text,true,,1344,254,1,1,http://localhost:3500/query/empresa_simulada,2,0,0
1783612258717,3,POST get_monedas,200,OK,Benchmark - Operaciones Normales 1-89,text,true,,1572,255,1,1,http://localhost:3500/query/empresa_simulada,3,0,0
1783612258720,3,POST get_empresa,200,OK,Benchmark - Operaciones Normales 1-89,text,true,,1456,255,1,1,http://localhost:3500/query/empresa_simulada,3,0,0
1783612258723,2,POST get_cuentas_cobrar,200,OK,Benchmark - Operaciones Normales 1-89,text,true,,1981,311,1,1,http://localhost:3500/query/empresa_simulada,2,0,0
1783612258725,2,POST get_bancos,200,OK,Benchmark - Operaciones Normales 1-89,text,true,,1344,254,1,1,http://localhost:3500/query/empresa_simulada,2,0,0
1783612258727,3,POST get_monedas,200,OK,Benchmark - Operaciones Normales 1-89,text,true,,1572,255,1,1,http://localhost:3500/query/empresa_simulada,3,0,0
1783612258730,2,POST get_empresa,200,OK,Benchmark - Operaciones Normales 1-89,text,true,,1456,255,1,1,http://localhost:3500/query/empresa_simulada,2,0,0
1783612258732,2,POST get_cuentas_cobrar,200,OK,Benchmark - Operaciones Normales 1-89,text,true,,1981,311,1,1,http://localhost:3500/query/empresa_simulada,2,0,0
1783612258734,2,POST get_bancos,200,OK,Benchmark - Operaciones Normales 1-89,text,true,,1344,254,1,1,http://localhost:3500/query/empresa_simulada,2,0,0
1783612258737,2,POST get_monedas,200,OK,Benchmark - Operaciones Normales 1-89,text,true,,1572,255,1,1,http://localhost:3500/query/empresa_simulada,2,0,0
1783612258739,2,POST get_empresa,200,OK,Benchmark - Operaciones Normales 1-89,text,true,,1456,255,1,1,http://localhost:3500/query/empresa_simulada,2,0,0
1783612258741,2,POST get_cuentas_cobrar,200,OK,Benchmark - Operaciones Normales 1-89,text,true,,1981,311,1,1,http://localhost:3500/query/empresa_simulada,2,0,0
1783612258744,2,POST get_bancos,200,OK,Benchmark - Operaciones Normales 1-89,text,true,,1344,254,1,1,http://localhost:3500/query/empresa_simulada,2,0,0
1783612258746,2,POST get_monedas,200,OK,Benchmark - Operaciones Normales 1-89,text,true,,1572,255,1,1,http://localhost:3500/query/empresa_simulada,2,0,0
1783612258748,2,POST get_empresa,200,OK,Benchmark - Operaciones Normales 1-89,text,true,,1456,255,1,1,http://localhost:3500/query/empresa_simulada,2,0,0
1783612258750,2,POST get_cuentas_cobrar,200,OK,Benchmark - Operaciones Normales 1-89,text,true,,1981,311,1,1,http://localhost:3500/query/empresa_simulada,2,0,0
1783612258752,2,POST get_bancos,200,OK,Benchmark - Operaciones Normales 1-89,text,true,,1344,254,1,1,http://localhost:3500/query/empresa_simulada,2,0,0
1783612258754,2,POST get_monedas,200,OK,Benchmark - Operaciones Normales 1-89,text,true,,1572,255,1,1,http://localhost:3500/query/empresa_simulada,2,0,0
1783612258757,2,POST get_empresa,200,OK,Benchmark - Operaciones Normales 1-89,text,true,,1456,255,1,1,http://localhost:3500/query/empresa_simulada,2,0,0
1783612258759,2,POST get_cuentas_cobrar,200,OK,Benchmark - Operaciones Normales 1-89,text,true,,1981,311,1,1,http://localhost:3500/query/empresa_simulada,2,0,0
1783612258761,2,POST get_bancos,200,OK,Benchmark - Operaciones Normales 1-89,text,true,,1344,254,1,1,http://localhost:3500/query/empresa_simulada,2,0,0
1783612258763,2,POST get_monedas,200,OK,Benchmark - Operaciones Normales 1-89,text,true,,1572,255,1,1,http://localhost:3500/query/empresa_simulada,2,0,0
1783612258766,1,POST get_empresa,200,OK,Benchmark - Operaciones Normales 1-89,text,true,,1456,255,1,1,http://localhost:3500/query/empresa_simulada,1,0,0
1783612258767,2,POST get_cuentas_cobrar,200,OK,Benchmark - Operaciones Normales 1-89,text,true,,1981,311,1,1,http://localhost:3500/query/empresa_simulada,2,0,0
1783612258769,3,POST get_bancos,200,OK,Benchmark - Operaciones Normales 1-89,text,true,,1344,254,1,1,http://localhost:3500/query/empresa_simulada,3,0,0
1783612258772,3,POST get_monedas,200,OK,Benchmark - Operaciones Normales 1-89,text,true,,1572,255,1,1,http://localhost:3500/query/empresa_simulada,3,0,0
1783612258775,3,POST get_empresa,200,OK,Benchmark - Operaciones Normales 1-89,text,true,,1456,255,1,1,http://localhost:3500/query/empresa_simulada,3,0,0
1783612258785,3,POST get_cuentas_cobrar,200,OK,Benchmark - Operaciones Normales 1-90,text,true,,1981,311,1,1,http://localhost:3500/query/empresa_simulada,3,0,1
1783612258789,2,POST get_bancos,200,OK,Benchmark - Operaciones Normales 1-90,text,true,,1344,254,1,1,http://localhost:3500/query/empresa_simulada,2,0,0
1783612258791,2,POST get_monedas,200,OK,Benchmark - Operaciones Normales 1-90,text,true,,1572,255,1,1,http://localhost:3500/query/empresa_simulada,2,0,0
1783612258793,3,POST get_empresa,200,OK,Benchmark - Operaciones Normales 1-90,text,true,,1456,255,1,1,http://localhost:3500/query/empresa_simulada,3,0,0
1783612258796,2,POST get_cuentas_cobrar,200,OK,Benchmark - Operaciones Normales 1-90,text,true,,1981,311,1,1,http://localhost:3500/query/empresa_simulada,2,0,0
1783612258798,2,POST get_bancos,200,OK,Benchmark - Operaciones Normales 1-90,text,true,,1344,254,1,1,http://localhost:3500/query/empresa_simulada,2,0,0
1783612258800,2,POST get_monedas,200,OK,Benchmark - Operaciones Normales 1-90,text,true,,1572,255,1,1,http://localhost:3500/query/empresa_simulada,2,0,0
1783612258802,2,POST get_empresa,200,OK,Benchmark - Operaciones Normales 1-90,text,true,,1456,255,1,1,http://localhost:3500/query/empresa_simulada,2,0,0
1783612258805,2,POST get_cuentas_cobrar,200,OK,Benchmark - Operaciones Normales 1-90,text,true,,1981,311,1,1,http://localhost:3500/query/empresa_simulada,1,0,0
1783612258807,2,POST get_bancos,200,OK,Benchmark - Operaciones Normales 1-90,text,true,,1344,254,1,1,http://localhost:3500/query/empresa_simulada,2,0,0
1783612258809,2,POST get_monedas,200,OK,Benchmark - Operaciones Normales 1-90,text,true,,1572,255,1,1,http://localhost:3500/query/empresa_simulada,2,0,0
1783612258811,3,POST get_empresa,200,OK,Benchmark - Operaciones Normales 1-90,text,true,,1456,255,1,1,http://localhost:3500/query/empresa_simulada,3,0,0
1783612258814,3,POST get_cuentas_cobrar,200,OK,Benchmark - Operaciones Normales 1-90,text,true,,1981,311,1,1,http://localhost:3500/query/empresa_simulada,3,0,0
1783612258817,2,POST get_bancos,200,OK,Benchmark - Operaciones Normales 1-90,text,true,,1344,254,1,1,http://localhost:3500/query/empresa_simulada,2,0,0
1783612258820,3,POST get_monedas,200,OK,Benchmark - Operaciones Normales 1-90,text,true,,1572,255,1,1,http://localhost:3500/query/empresa_simulada,3,0,0
1783612258823,2,POST get_empresa,200,OK,Benchmark - Operaciones Normales 1-90,text,true,,1456,255,1,1,http://localhost:3500/query/empresa_simulada,2,0,0
1783612258825,2,POST get_cuentas_cobrar,200,OK,Benchmark - Operaciones Normales 1-90,text,true,,1981,311,1,1,http://localhost:3500/query/empresa_simulada,2,0,0
1783612258827,2,POST get_bancos,200,OK,Benchmark - Operaciones Normales 1-90,text,true,,1344,254,1,1,http://localhost:3500/query/empresa_simulada,2,0,0
1783612258829,2,POST get_monedas,200,OK,Benchmark - Operaciones Normales 1-90,text,true,,1572,255,1,1,http://localhost:3500/query/empresa_simulada,2,0,0
1783612258832,1,POST get_empresa,200,OK,Benchmark - Operaciones Normales 1-90,text,true,,1456,255,1,1,http://localhost:3500/query/empresa_simulada,1,0,0
1783612258834,2,POST get_cuentas_cobrar,200,OK,Benchmark - Operaciones Normales 1-90,text,true,,1981,311,1,1,http://localhost:3500/query/empresa_simulada,2,0,0
1783612258836,2,POST get_bancos,200,OK,Benchmark - Operaciones Normales 1-90,text,true,,1344,254,1,1,http://localhost:3500/query/empresa_simulada,2,0,0
1783612258838,2,POST get_monedas,200,OK,Benchmark - Operaciones Normales 1-90,text,true,,1572,255,1,1,http://localhost:3500/query/empresa_simulada,2,0,0
1783612258841,2,POST get_empresa,200,OK,Benchmark - Operaciones Normales 1-90,text,true,,1456,255,1,1,http://localhost:3500/query/empresa_simulada,2,0,0
1783612258843,2,POST get_cuentas_cobrar,200,OK,Benchmark - Operaciones Normales 1-90,text,true,,1981,311,1,1,http://localhost:3500/query/empresa_simulada,2,0,0
1783612258845,2,POST get_bancos,200,OK,Benchmark - Operaciones Normales 1-90,text,true,,1344,254,1,1,http://localhost:3500/query/empresa_simulada,2,0,0
1783612258847,2,POST get_monedas,200,OK,Benchmark - Operaciones Normales 1-90,text,true,,1572,255,1,1,http://localhost:3500/query/empresa_simulada,2,0,0
1783612258849,2,POST get_empresa,200,OK,Benchmark - Operaciones Normales 1-90,text,true,,1456,255,1,1,http://localhost:3500/query/empresa_simulada,2,0,0
1783612258851,3,POST get_cuentas_cobrar,200,OK,Benchmark - Operaciones Normales 1-90,text,true,,1981,311,1,1,http://localhost:3500/query/empresa_simulada,3,0,0
1783612258854,2,POST get_bancos,200,OK,Benchmark - Operaciones Normales 1-90,text,true,,1344,254,1,1,http://localhost:3500/query/empresa_simulada,2,0,0
1783612258856,2,POST get_monedas,200,OK,Benchmark - Operaciones Normales 1-90,text,true,,1572,255,1,1,http://localhost:3500/query/empresa_simulada,2,0,0
1783612258858,2,POST get_empresa,200,OK,Benchmark - Operaciones Normales 1-90,text,true,,1456,255,1,1,http://localhost:3500/query/empresa_simulada,2,0,0
1783612258860,4,POST get_cuentas_cobrar,200,OK,Benchmark - Operaciones Normales 1-90,text,true,,1981,311,1,1,http://localhost:3500/query/empresa_simulada,3,0,0
1783612258864,2,POST get_bancos,200,OK,Benchmark - Operaciones Normales 1-90,text,true,,1344,254,1,1,http://localhost:3500/query/empresa_simulada,2,0,0
1783612258866,3,POST get_monedas,200,OK,Benchmark - Operaciones Normales 1-90,text,true,,1572,255,1,1,http://localhost:3500/query/empresa_simulada,2,0,0
1783612258869,3,POST get_empresa,200,OK,Benchmark - Operaciones Normales 1-90,text,true,,1456,255,1,1,http://localhost:3500/query/empresa_simulada,2,0,0
1783612258872,2,POST get_cuentas_cobrar,200,OK,Benchmark - Operaciones Normales 1-90,text,true,,1981,311,1,1,http://localhost:3500/query/empresa_simulada,2,0,0
1783612258874,2,POST get_bancos,200,OK,Benchmark - Operaciones Normales 1-90,text,true,,1344,254,1,1,http://localhost:3500/query/empresa_simulada,2,0,0
1783612258876,2,POST get_monedas,200,OK,Benchmark - Operaciones Normales 1-90,text,true,,1572,255,1,1,http://localhost:3500/query/empresa_simulada,2,0,0
1783612258878,2,POST get_empresa,200,OK,Benchmark - Operaciones Normales 1-90,text,true,,1456,255,1,1,http://localhost:3500/query/empresa_simulada,2,0,0
1783612258883,3,POST get_cuentas_cobrar,200,OK,Benchmark - Operaciones Normales 1-91,text,true,,1981,311,1,1,http://localhost:3500/query/empresa_simulada,3,0,1
1783612258887,2,POST get_bancos,200,OK,Benchmark - Operaciones Normales 1-91,text,true,,1344,254,1,1,http://localhost:3500/query/empresa_simulada,2,0,0
1783612258889,2,POST get_monedas,200,OK,Benchmark - Operaciones Normales 1-91,text,true,,1572,255,1,1,http://localhost:3500/query/empresa_simulada,2,0,0
1783612258892,2,POST get_empresa,200,OK,Benchmark - Operaciones Normales 1-91,text,true,,1456,255,1,1,http://localhost:3500/query/empresa_simulada,2,0,0
1783612258894,3,POST get_cuentas_cobrar,200,OK,Benchmark - Operaciones Normales 1-91,text,true,,1981,311,1,1,http://localhost:3500/query/empresa_simulada,3,0,0
1783612258897,3,POST get_bancos,200,OK,Benchmark - Operaciones Normales 1-91,text,true,,1344,254,1,1,http://localhost:3500/query/empresa_simulada,3,0,0
1783612258900,2,POST get_monedas,200,OK,Benchmark - Operaciones Normales 1-91,text,true,,1572,255,1,1,http://localhost:3500/query/empresa_simulada,2,0,0
1783612258902,2,POST get_empresa,200,OK,Benchmark - Operaciones Normales 1-91,text,true,,1456,255,1,1,http://localhost:3500/query/empresa_simulada,2,0,0
1783612258904,3,POST get_cuentas_cobrar,200,OK,Benchmark - Operaciones Normales 1-91,text,true,,1981,311,1,1,http://localhost:3500/query/empresa_simulada,3,0,0
1783612258907,3,POST get_bancos,200,OK,Benchmark - Operaciones Normales 1-91,text,true,,1344,254,1,1,http://localhost:3500/query/empresa_simulada,3,0,0
1783612258910,2,POST get_monedas,200,OK,Benchmark - Operaciones Normales 1-91,text,true,,1572,255,1,1,http://localhost:3500/query/empresa_simulada,2,0,0
1783612258912,2,POST get_empresa,200,OK,Benchmark - Operaciones Normales 1-91,text,true,,1456,255,1,1,http://localhost:3500/query/empresa_simulada,2,0,0
1783612258915,2,POST get_cuentas_cobrar,200,OK,Benchmark - Operaciones Normales 1-91,text,true,,1981,311,1,1,http://localhost:3500/query/empresa_simulada,2,0,0
1783612258917,2,POST get_bancos,200,OK,Benchmark - Operaciones Normales 1-91,text,true,,1344,254,1,1,http://localhost:3500/query/empresa_simulada,2,0,0
1783612258919,2,POST get_monedas,200,OK,Benchmark - Operaciones Normales 1-91,text,true,,1572,255,1,1,http://localhost:3500/query/empresa_simulada,2,0,0
1783612258921,3,POST get_empresa,200,OK,Benchmark - Operaciones Normales 1-91,text,true,,1456,255,1,1,http://localhost:3500/query/empresa_simulada,3,0,0
1783612258924,3,POST get_cuentas_cobrar,200,OK,Benchmark - Operaciones Normales 1-91,text,true,,1981,311,1,1,http://localhost:3500/query/empresa_simulada,3,0,0
1783612258927,2,POST get_bancos,200,OK,Benchmark - Operaciones Normales 1-91,text,true,,1344,254,1,1,http://localhost:3500/query/empresa_simulada,2,0,0
1783612258929,2,POST get_monedas,200,OK,Benchmark - Operaciones Normales 1-91,text,true,,1572,255,1,1,http://localhost:3500/query/empresa_simulada,2,0,0
1783612258931,3,POST get_empresa,200,OK,Benchmark - Operaciones Normales 1-91,text,true,,1456,255,1,1,http://localhost:3500/query/empresa_simulada,3,0,0
1783612258934,2,POST get_cuentas_cobrar,200,OK,Benchmark - Operaciones Normales 1-91,text,true,,1981,311,1,1,http://localhost:3500/query/empresa_simulada,2,0,0
1783612258936,3,POST get_bancos,200,OK,Benchmark - Operaciones Normales 1-91,text,true,,1344,254,1,1,http://localhost:3500/query/empresa_simulada,3,0,0
1783612258939,2,POST get_monedas,200,OK,Benchmark - Operaciones Normales 1-91,text,true,,1572,255,1,1,http://localhost:3500/query/empresa_simulada,2,0,0
1783612258941,2,POST get_empresa,200,OK,Benchmark - Operaciones Normales 1-91,text,true,,1456,255,1,1,http://localhost:3500/query/empresa_simulada,2,0,0
1783612258943,2,POST get_cuentas_cobrar,200,OK,Benchmark - Operaciones Normales 1-91,text,true,,1981,311,1,1,http://localhost:3500/query/empresa_simulada,2,0,0
1783612258945,3,POST get_bancos,200,OK,Benchmark - Operaciones Normales 1-91,text,true,,1344,254,1,1,http://localhost:3500/query/empresa_simulada,3,0,0
1783612258948,2,POST get_monedas,200,OK,Benchmark - Operaciones Normales 1-91,text,true,,1572,255,1,1,http://localhost:3500/query/empresa_simulada,2,0,0
1783612258951,2,POST get_empresa,200,OK,Benchmark - Operaciones Normales 1-91,text,true,,1456,255,1,1,http://localhost:3500/query/empresa_simulada,2,0,0
1783612258953,2,POST get_cuentas_cobrar,200,OK,Benchmark - Operaciones Normales 1-91,text,true,,1981,311,1,1,http://localhost:3500/query/empresa_simulada,2,0,0
1783612258955,2,POST get_bancos,200,OK,Benchmark - Operaciones Normales 1-91,text,true,,1344,254,1,1,http://localhost:3500/query/empresa_simulada,2,0,0
1783612258957,2,POST get_monedas,200,OK,Benchmark - Operaciones Normales 1-91,text,true,,1572,255,1,1,http://localhost:3500/query/empresa_simulada,2,0,0
1783612258959,3,POST get_empresa,200,OK,Benchmark - Operaciones Normales 1-91,text,true,,1456,255,1,1,http://localhost:3500/query/empresa_simulada,3,0,0
1783612258962,2,POST get_cuentas_cobrar,200,OK,Benchmark - Operaciones Normales 1-91,text,true,,1981,311,1,1,http://localhost:3500/query/empresa_simulada,2,0,0
1783612258964,2,POST get_bancos,200,OK,Benchmark - Operaciones Normales 1-91,text,true,,1344,254,1,1,http://localhost:3500/query/empresa_simulada,2,0,0
1783612258966,2,POST get_monedas,200,OK,Benchmark - Operaciones Normales 1-91,text,true,,1572,255,1,1,http://localhost:3500/query/empresa_simulada,2,0,0
1783612258968,3,POST get_empresa,200,OK,Benchmark - Operaciones Normales 1-91,text,true,,1456,255,1,1,http://localhost:3500/query/empresa_simulada,3,0,0
1783612258972,2,POST get_cuentas_cobrar,200,OK,Benchmark - Operaciones Normales 1-91,text,true,,1981,311,1,1,http://localhost:3500/query/empresa_simulada,2,0,0
1783612258974,2,POST get_bancos,200,OK,Benchmark - Operaciones Normales 1-91,text,true,,1344,254,1,1,http://localhost:3500/query/empresa_simulada,2,0,0
1783612258976,2,POST get_monedas,200,OK,Benchmark - Operaciones Normales 1-91,text,true,,1572,255,1,1,http://localhost:3500/query/empresa_simulada,2,0,0
1783612258979,2,POST get_empresa,200,OK,Benchmark - Operaciones Normales 1-91,text,true,,1456,255,1,1,http://localhost:3500/query/empresa_simulada,2,0,0
1783612258984,4,POST get_cuentas_cobrar,200,OK,Benchmark - Operaciones Normales 1-92,text,true,,1981,311,1,1,http://localhost:3500/query/empresa_simulada,4,0,1
1783612258989,2,POST get_bancos,200,OK,Benchmark - Operaciones Normales 1-92,text,true,,1344,254,1,1,http://localhost:3500/query/empresa_simulada,2,0,0
1783612258991,2,POST get_monedas,200,OK,Benchmark - Operaciones Normales 1-92,text,true,,1572,255,1,1,http://localhost:3500/query/empresa_simulada,2,0,0
1783612258993,2,POST get_empresa,200,OK,Benchmark - Operaciones Normales 1-92,text,true,,1456,255,1,1,http://localhost:3500/query/empresa_simulada,2,0,0
1783612258996,2,POST get_cuentas_cobrar,200,OK,Benchmark - Operaciones Normales 1-92,text,true,,1981,311,1,1,http://localhost:3500/query/empresa_simulada,2,0,0
1783612258998,2,POST get_bancos,200,OK,Benchmark - Operaciones Normales 1-92,text,true,,1344,254,1,1,http://localhost:3500/query/empresa_simulada,2,0,0
1783612259001,2,POST get_monedas,200,OK,Benchmark - Operaciones Normales 1-92,text,true,,1572,255,1,1,http://localhost:3500/query/empresa_simulada,2,0,0
1783612259004,2,POST get_empresa,200,OK,Benchmark - Operaciones Normales 1-92,text,true,,1456,255,1,1,http://localhost:3500/query/empresa_simulada,2,0,0
1783612259006,3,POST get_cuentas_cobrar,200,OK,Benchmark - Operaciones Normales 1-92,text,true,,1981,311,1,1,http://localhost:3500/query/empresa_simulada,3,0,0
1783612259009,2,POST get_bancos,200,OK,Benchmark - Operaciones Normales 1-92,text,true,,1344,254,1,1,http://localhost:3500/query/empresa_simulada,2,0,0
1783612259012,3,POST get_monedas,200,OK,Benchmark - Operaciones Normales 1-92,text,true,,1572,255,1,1,http://localhost:3500/query/empresa_simulada,3,0,0
1783612259015,2,POST get_empresa,200,OK,Benchmark - Operaciones Normales 1-92,text,true,,1456,255,1,1,http://localhost:3500/query/empresa_simulada,2,0,0
1783612259017,2,POST get_cuentas_cobrar,200,OK,Benchmark - Operaciones Normales 1-92,text,true,,1981,311,1,1,http://localhost:3500/query/empresa_simulada,2,0,0
1783612259019,3,POST get_bancos,200,OK,Benchmark - Operaciones Normales 1-92,text,true,,1344,254,1,1,http://localhost:3500/query/empresa_simulada,3,0,0
1783612259022,2,POST get_monedas,200,OK,Benchmark - Operaciones Normales 1-92,text,true,,1572,255,1,1,http://localhost:3500/query/empresa_simulada,2,0,0
1783612259024,2,POST get_empresa,200,OK,Benchmark - Operaciones Normales 1-92,text,true,,1456,255,1,1,http://localhost:3500/query/empresa_simulada,2,0,0
1783612259026,2,POST get_cuentas_cobrar,200,OK,Benchmark - Operaciones Normales 1-92,text,true,,1981,311,1,1,http://localhost:3500/query/empresa_simulada,2,0,0
1783612259029,2,POST get_bancos,200,OK,Benchmark - Operaciones Normales 1-92,text,true,,1344,254,1,1,http://localhost:3500/query/empresa_simulada,2,0,0
1783612259031,2,POST get_monedas,200,OK,Benchmark - Operaciones Normales 1-92,text,true,,1572,255,1,1,http://localhost:3500/query/empresa_simulada,2,0,0
1783612259033,2,POST get_empresa,200,OK,Benchmark - Operaciones Normales 1-92,text,true,,1456,255,1,1,http://localhost:3500/query/empresa_simulada,2,0,0
1783612259035,2,POST get_cuentas_cobrar,200,OK,Benchmark - Operaciones Normales 1-92,text,true,,1981,311,1,1,http://localhost:3500/query/empresa_simulada,2,0,0
1783612259038,2,POST get_bancos,200,OK,Benchmark - Operaciones Normales 1-92,text,true,,1344,254,1,1,http://localhost:3500/query/empresa_simulada,2,0,0
1783612259040,2,POST get_monedas,200,OK,Benchmark - Operaciones Normales 1-92,text,true,,1572,255,1,1,http://localhost:3500/query/empresa_simulada,2,0,0
1783612259042,3,POST get_empresa,200,OK,Benchmark - Operaciones Normales 1-92,text,true,,1456,255,1,1,http://localhost:3500/query/empresa_simulada,3,0,0
1783612259045,3,POST get_cuentas_cobrar,200,OK,Benchmark - Operaciones Normales 1-92,text,true,,1981,311,1,1,http://localhost:3500/query/empresa_simulada,3,0,0
1783612259048,2,POST get_bancos,200,OK,Benchmark - Operaciones Normales 1-92,text,true,,1344,254,1,1,http://localhost:3500/query/empresa_simulada,2,0,0
1783612259050,2,POST get_monedas,200,OK,Benchmark - Operaciones Normales 1-92,text,true,,1572,255,1,1,http://localhost:3500/query/empresa_simulada,2,0,0
1783612259052,2,POST get_empresa,200,OK,Benchmark - Operaciones Normales 1-92,text,true,,1456,255,1,1,http://localhost:3500/query/empresa_simulada,2,0,0
1783612259055,2,POST get_cuentas_cobrar,200,OK,Benchmark - Operaciones Normales 1-92,text,true,,1981,311,1,1,http://localhost:3500/query/empresa_simulada,2,0,0
1783612259057,2,POST get_bancos,200,OK,Benchmark - Operaciones Normales 1-92,text,true,,1344,254,1,1,http://localhost:3500/query/empresa_simulada,2,0,0
1783612259059,3,POST get_monedas,200,OK,Benchmark - Operaciones Normales 1-92,text,true,,1572,255,1,1,http://localhost:3500/query/empresa_simulada,3,0,0
1783612259062,2,POST get_empresa,200,OK,Benchmark - Operaciones Normales 1-92,text,true,,1456,255,1,1,http://localhost:3500/query/empresa_simulada,2,0,0
1783612259065,2,POST get_cuentas_cobrar,200,OK,Benchmark - Operaciones Normales 1-92,text,true,,1981,311,1,1,http://localhost:3500/query/empresa_simulada,2,0,0
1783612259067,2,POST get_bancos,200,OK,Benchmark - Operaciones Normales 1-92,text,true,,1344,254,1,1,http://localhost:3500/query/empresa_simulada,2,0,0
1783612259069,2,POST get_monedas,200,OK,Benchmark - Operaciones Normales 1-92,text,true,,1572,255,1,1,http://localhost:3500/query/empresa_simulada,2,0,0
1783612259071,2,POST get_empresa,200,OK,Benchmark - Operaciones Normales 1-92,text,true,,1456,255,1,1,http://localhost:3500/query/empresa_simulada,2,0,0
1783612259074,2,POST get_cuentas_cobrar,200,OK,Benchmark - Operaciones Normales 1-92,text,true,,1981,311,1,1,http://localhost:3500/query/empresa_simulada,2,0,0
1783612259076,2,POST get_bancos,200,OK,Benchmark - Operaciones Normales 1-92,text,true,,1344,254,1,1,http://localhost:3500/query/empresa_simulada,2,0,0
1783612259078,3,POST get_monedas,200,OK,Benchmark - Operaciones Normales 1-92,text,true,,1572,255,1,1,http://localhost:3500/query/empresa_simulada,3,0,0
1783612259082,2,POST get_empresa,200,OK,Benchmark - Operaciones Normales 1-92,text,true,,1456,255,2,2,http://localhost:3500/query/empresa_simulada,2,0,0
1783612259084,4,POST get_cuentas_cobrar,200,OK,Benchmark - Operaciones Normales 1-93,text,true,,1981,311,1,1,http://localhost:3500/query/empresa_simulada,4,0,2
1783612259088,3,POST get_bancos,200,OK,Benchmark - Operaciones Normales 1-93,text,true,,1344,254,1,1,http://localhost:3500/query/empresa_simulada,2,0,0
1783612259091,2,POST get_monedas,200,OK,Benchmark - Operaciones Normales 1-93,text,true,,1572,255,1,1,http://localhost:3500/query/empresa_simulada,2,0,0
1783612259093,2,POST get_empresa,200,OK,Benchmark - Operaciones Normales 1-93,text,true,,1456,255,1,1,http://localhost:3500/query/empresa_simulada,2,0,0
1783612259095,2,POST get_cuentas_cobrar,200,OK,Benchmark - Operaciones Normales 1-93,text,true,,1981,311,1,1,http://localhost:3500/query/empresa_simulada,2,0,0
1783612259098,2,POST get_bancos,200,OK,Benchmark - Operaciones Normales 1-93,text,true,,1344,254,1,1,http://localhost:3500/query/empresa_simulada,1,0,0
1783612259100,2,POST get_monedas,200,OK,Benchmark - Operaciones Normales 1-93,text,true,,1572,255,1,1,http://localhost:3500/query/empresa_simulada,2,0,0
1783612259102,2,POST get_empresa,200,OK,Benchmark - Operaciones Normales 1-93,text,true,,1456,255,1,1,http://localhost:3500/query/empresa_simulada,2,0,0
1783612259104,3,POST get_cuentas_cobrar,200,OK,Benchmark - Operaciones Normales 1-93,text,true,,1981,311,1,1,http://localhost:3500/query/empresa_simulada,3,0,0
1783612259108,2,POST get_bancos,200,OK,Benchmark - Operaciones Normales 1-93,text,true,,1344,254,1,1,http://localhost:3500/query/empresa_simulada,2,0,0
1783612259110,2,POST get_monedas,200,OK,Benchmark - Operaciones Normales 1-93,text,true,,1572,255,1,1,http://localhost:3500/query/empresa_simulada,2,0,0
1783612259112,2,POST get_empresa,200,OK,Benchmark - Operaciones Normales 1-93,text,true,,1456,255,1,1,http://localhost:3500/query/empresa_simulada,2,0,0
1783612259114,2,POST get_cuentas_cobrar,200,OK,Benchmark - Operaciones Normales 1-93,text,true,,1981,311,1,1,http://localhost:3500/query/empresa_simulada,2,0,0
1783612259116,3,POST get_bancos,200,OK,Benchmark - Operaciones Normales 1-93,text,true,,1344,254,1,1,http://localhost:3500/query/empresa_simulada,3,0,0
1783612259119,2,POST get_monedas,200,OK,Benchmark - Operaciones Normales 1-93,text,true,,1572,255,1,1,http://localhost:3500/query/empresa_simulada,2,0,0
1783612259121,2,POST get_empresa,200,OK,Benchmark - Operaciones Normales 1-93,text,true,,1456,255,1,1,http://localhost:3500/query/empresa_simulada,2,0,0
1783612259123,2,POST get_cuentas_cobrar,200,OK,Benchmark - Operaciones Normales 1-93,text,true,,1981,311,1,1,http://localhost:3500/query/empresa_simulada,2,0,0
1783612259126,2,POST get_bancos,200,OK,Benchmark - Operaciones Normales 1-93,text,true,,1344,254,1,1,http://localhost:3500/query/empresa_simulada,2,0,0
1783612259129,3,POST get_monedas,200,OK,Benchmark - Operaciones Normales 1-93,text,true,,1572,255,1,1,http://localhost:3500/query/empresa_simulada,3,0,0
1783612259132,3,POST get_empresa,200,OK,Benchmark - Operaciones Normales 1-93,text,true,,1456,255,1,1,http://localhost:3500/query/empresa_simulada,3,0,0
1783612259135,2,POST get_cuentas_cobrar,200,OK,Benchmark - Operaciones Normales 1-93,text,true,,1981,311,1,1,http://localhost:3500/query/empresa_simulada,2,0,0
1783612259137,2,POST get_bancos,200,OK,Benchmark - Operaciones Normales 1-93,text,true,,1344,254,1,1,http://localhost:3500/query/empresa_simulada,2,0,0
1783612259140,2,POST get_monedas,200,OK,Benchmark - Operaciones Normales 1-93,text,true,,1572,255,1,1,http://localhost:3500/query/empresa_simulada,2,0,0
1783612259142,2,POST get_empresa,200,OK,Benchmark - Operaciones Normales 1-93,text,true,,1456,255,1,1,http://localhost:3500/query/empresa_simulada,2,0,0
1783612259144,2,POST get_cuentas_cobrar,200,OK,Benchmark - Operaciones Normales 1-93,text,true,,1981,311,1,1,http://localhost:3500/query/empresa_simulada,2,0,0
1783612259147,2,POST get_bancos,200,OK,Benchmark - Operaciones Normales 1-93,text,true,,1344,254,1,1,http://localhost:3500/query/empresa_simulada,2,0,0
1783612259149,2,POST get_monedas,200,OK,Benchmark - Operaciones Normales 1-93,text,true,,1572,255,1,1,http://localhost:3500/query/empresa_simulada,2,0,0
1783612259151,3,POST get_empresa,200,OK,Benchmark - Operaciones Normales 1-93,text,true,,1456,255,1,1,http://localhost:3500/query/empresa_simulada,3,0,0
1783612259154,2,POST get_cuentas_cobrar,200,OK,Benchmark - Operaciones Normales 1-93,text,true,,1981,311,1,1,http://localhost:3500/query/empresa_simulada,2,0,0
1783612259156,2,POST get_bancos,200,OK,Benchmark - Operaciones Normales 1-93,text,true,,1344,254,1,1,http://localhost:3500/query/empresa_simulada,2,0,0
1783612259158,2,POST get_monedas,200,OK,Benchmark - Operaciones Normales 1-93,text,true,,1572,255,1,1,http://localhost:3500/query/empresa_simulada,2,0,0
1783612259161,2,POST get_empresa,200,OK,Benchmark - Operaciones Normales 1-93,text,true,,1456,255,1,1,http://localhost:3500/query/empresa_simulada,2,0,0
1783612259163,2,POST get_cuentas_cobrar,200,OK,Benchmark - Operaciones Normales 1-93,text,true,,1981,311,1,1,http://localhost:3500/query/empresa_simulada,2,0,0
1783612259166,2,POST get_bancos,200,OK,Benchmark - Operaciones Normales 1-93,text,true,,1344,254,1,1,http://localhost:3500/query/empresa_simulada,2,0,0
1783612259168,2,POST get_monedas,200,OK,Benchmark - Operaciones Normales 1-93,text,true,,1572,255,1,1,http://localhost:3500/query/empresa_simulada,2,0,0
1783612259170,4,POST get_empresa,200,OK,Benchmark - Operaciones Normales 1-93,text,true,,1456,255,1,1,http://localhost:3500/query/empresa_simulada,3,0,0
1783612259174,2,POST get_cuentas_cobrar,200,OK,Benchmark - Operaciones Normales 1-93,text,true,,1981,311,1,1,http://localhost:3500/query/empresa_simulada,2,0,0
1783612259176,2,POST get_bancos,200,OK,Benchmark - Operaciones Normales 1-93,text,true,,1344,254,1,1,http://localhost:3500/query/empresa_simulada,2,0,0
1783612259178,2,POST get_monedas,200,OK,Benchmark - Operaciones Normales 1-93,text,true,,1572,255,1,1,http://localhost:3500/query/empresa_simulada,2,0,0
1783612259181,2,POST get_empresa,200,OK,Benchmark - Operaciones Normales 1-93,text,true,,1456,255,2,2,http://localhost:3500/query/empresa_simulada,2,0,0
1783612259183,4,POST get_cuentas_cobrar,200,OK,Benchmark - Operaciones Normales 1-94,text,true,,1981,311,1,1,http://localhost:3500/query/empresa_simulada,4,0,1
1783612259187,3,POST get_bancos,200,OK,Benchmark - Operaciones Normales 1-94,text,true,,1344,254,1,1,http://localhost:3500/query/empresa_simulada,3,0,0
1783612259190,2,POST get_monedas,200,OK,Benchmark - Operaciones Normales 1-94,text,true,,1572,255,1,1,http://localhost:3500/query/empresa_simulada,2,0,0
1783612259192,2,POST get_empresa,200,OK,Benchmark - Operaciones Normales 1-94,text,true,,1456,255,1,1,http://localhost:3500/query/empresa_simulada,2,0,0
1783612259194,2,POST get_cuentas_cobrar,200,OK,Benchmark - Operaciones Normales 1-94,text,true,,1981,311,1,1,http://localhost:3500/query/empresa_simulada,2,0,0
1783612259197,2,POST get_bancos,200,OK,Benchmark - Operaciones Normales 1-94,text,true,,1344,254,1,1,http://localhost:3500/query/empresa_simulada,2,0,0
1783612259199,2,POST get_monedas,200,OK,Benchmark - Operaciones Normales 1-94,text,true,,1572,255,1,1,http://localhost:3500/query/empresa_simulada,2,0,0
1783612259201,2,POST get_empresa,200,OK,Benchmark - Operaciones Normales 1-94,text,true,,1456,255,1,1,http://localhost:3500/query/empresa_simulada,2,0,0
1783612259203,2,POST get_cuentas_cobrar,200,OK,Benchmark - Operaciones Normales 1-94,text,true,,1981,311,1,1,http://localhost:3500/query/empresa_simulada,2,0,0
1783612259205,3,POST get_bancos,200,OK,Benchmark - Operaciones Normales 1-94,text,true,,1344,254,1,1,http://localhost:3500/query/empresa_simulada,3,0,0
1783612259208,2,POST get_monedas,200,OK,Benchmark - Operaciones Normales 1-94,text,true,,1572,255,1,1,http://localhost:3500/query/empresa_simulada,2,0,0
1783612259211,2,POST get_empresa,200,OK,Benchmark - Operaciones Normales 1-94,text,true,,1456,255,1,1,http://localhost:3500/query/empresa_simulada,2,0,0
1783612259213,2,POST get_cuentas_cobrar,200,OK,Benchmark - Operaciones Normales 1-94,text,true,,1981,311,1,1,http://localhost:3500/query/empresa_simulada,2,0,0
1783612259215,3,POST get_bancos,200,OK,Benchmark - Operaciones Normales 1-94,text,true,,1344,254,1,1,http://localhost:3500/query/empresa_simulada,3,0,0
1783612259218,2,POST get_monedas,200,OK,Benchmark - Operaciones Normales 1-94,text,true,,1572,255,1,1,http://localhost:3500/query/empresa_simulada,2,0,0
1783612259221,2,POST get_empresa,200,OK,Benchmark - Operaciones Normales 1-94,text,true,,1456,255,1,1,http://localhost:3500/query/empresa_simulada,2,0,0
1783612259223,2,POST get_cuentas_cobrar,200,OK,Benchmark - Operaciones Normales 1-94,text,true,,1981,311,1,1,http://localhost:3500/query/empresa_simulada,2,0,0
1783612259225,3,POST get_bancos,200,OK,Benchmark - Operaciones Normales 1-94,text,true,,1344,254,1,1,http://localhost:3500/query/empresa_simulada,3,0,0
1783612259229,2,POST get_monedas,200,OK,Benchmark - Operaciones Normales 1-94,text,true,,1572,255,1,1,http://localhost:3500/query/empresa_simulada,2,0,0
1783612259231,2,POST get_empresa,200,OK,Benchmark - Operaciones Normales 1-94,text,true,,1456,255,1,1,http://localhost:3500/query/empresa_simulada,2,0,0
1783612259233,2,POST get_cuentas_cobrar,200,OK,Benchmark - Operaciones Normales 1-94,text,true,,1981,311,1,1,http://localhost:3500/query/empresa_simulada,2,0,0
1783612259235,4,POST get_bancos,200,OK,Benchmark - Operaciones Normales 1-94,text,true,,1344,254,1,1,http://localhost:3500/query/empresa_simulada,4,0,0
1783612259239,3,POST get_monedas,200,OK,Benchmark - Operaciones Normales 1-94,text,true,,1572,255,1,1,http://localhost:3500/query/empresa_simulada,3,0,0
1783612259242,2,POST get_empresa,200,OK,Benchmark - Operaciones Normales 1-94,text,true,,1456,255,1,1,http://localhost:3500/query/empresa_simulada,2,0,0
1783612259244,2,POST get_cuentas_cobrar,200,OK,Benchmark - Operaciones Normales 1-94,text,true,,1981,311,1,1,http://localhost:3500/query/empresa_simulada,2,0,0
1783612259246,3,POST get_bancos,200,OK,Benchmark - Operaciones Normales 1-94,text,true,,1344,254,1,1,http://localhost:3500/query/empresa_simulada,3,0,0
1783612259249,2,POST get_monedas,200,OK,Benchmark - Operaciones Normales 1-94,text,true,,1572,255,1,1,http://localhost:3500/query/empresa_simulada,2,0,0
1783612259251,2,POST get_empresa,200,OK,Benchmark - Operaciones Normales 1-94,text,true,,1456,255,1,1,http://localhost:3500/query/empresa_simulada,2,0,0
1783612259253,3,POST get_cuentas_cobrar,200,OK,Benchmark - Operaciones Normales 1-94,text,true,,1981,311,1,1,http://localhost:3500/query/empresa_simulada,3,0,0
1783612259257,3,POST get_bancos,200,OK,Benchmark - Operaciones Normales 1-94,text,true,,1344,254,1,1,http://localhost:3500/query/empresa_simulada,3,0,0
1783612259260,3,POST get_monedas,200,OK,Benchmark - Operaciones Normales 1-94,text,true,,1572,255,1,1,http://localhost:3500/query/empresa_simulada,3,0,0
1783612259263,4,POST get_empresa,200,OK,Benchmark - Operaciones Normales 1-94,text,true,,1456,255,1,1,http://localhost:3500/query/empresa_simulada,4,0,0
1783612259267,3,POST get_cuentas_cobrar,200,OK,Benchmark - Operaciones Normales 1-94,text,true,,1981,311,1,1,http://localhost:3500/query/empresa_simulada,3,0,0
1783612259270,3,POST get_bancos,200,OK,Benchmark - Operaciones Normales 1-94,text,true,,1344,254,1,1,http://localhost:3500/query/empresa_simulada,3,0,0
1783612259273,3,POST get_monedas,200,OK,Benchmark - Operaciones Normales 1-94,text,true,,1572,255,1,1,http://localhost:3500/query/empresa_simulada,3,0,0
1783612259276,2,POST get_empresa,200,OK,Benchmark - Operaciones Normales 1-94,text,true,,1456,255,1,1,http://localhost:3500/query/empresa_simulada,2,0,0
1783612259278,3,POST get_cuentas_cobrar,200,OK,Benchmark - Operaciones Normales 1-94,text,true,,1981,311,1,1,http://localhost:3500/query/empresa_simulada,3,0,0
1783612259281,3,POST get_bancos,200,OK,Benchmark - Operaciones Normales 1-94,text,true,,1344,254,2,2,http://localhost:3500/query/empresa_simulada,3,0,0
1783612259284,3,POST get_monedas,200,OK,Benchmark - Operaciones Normales 1-94,text,true,,1572,255,2,2,http://localhost:3500/query/empresa_simulada,3,0,0
1783612259283,5,POST get_cuentas_cobrar,200,OK,Benchmark - Operaciones Normales 1-95,text,true,,1981,311,2,2,http://localhost:3500/query/empresa_simulada,5,0,2
1783612259287,2,POST get_empresa,200,OK,Benchmark - Operaciones Normales 1-94,text,true,,1456,255,2,2,http://localhost:3500/query/empresa_simulada,2,0,0
1783612259288,3,POST get_bancos,200,OK,Benchmark - Operaciones Normales 1-95,text,true,,1344,254,1,1,http://localhost:3500/query/empresa_simulada,3,0,0
1783612259291,2,POST get_monedas,200,OK,Benchmark - Operaciones Normales 1-95,text,true,,1572,255,1,1,http://localhost:3500/query/empresa_simulada,2,0,0
1783612259293,2,POST get_empresa,200,OK,Benchmark - Operaciones Normales 1-95,text,true,,1456,255,1,1,http://localhost:3500/query/empresa_simulada,2,0,0
1783612259295,2,POST get_cuentas_cobrar,200,OK,Benchmark - Operaciones Normales 1-95,text,true,,1981,311,1,1,http://localhost:3500/query/empresa_simulada,2,0,0
1783612259298,2,POST get_bancos,200,OK,Benchmark - Operaciones Normales 1-95,text,true,,1344,254,1,1,http://localhost:3500/query/empresa_simulada,2,0,0
1783612259300,2,POST get_monedas,200,OK,Benchmark - Operaciones Normales 1-95,text,true,,1572,255,1,1,http://localhost:3500/query/empresa_simulada,2,0,0
1783612259302,3,POST get_empresa,200,OK,Benchmark - Operaciones Normales 1-95,text,true,,1456,255,1,1,http://localhost:3500/query/empresa_simulada,3,0,0
1783612259305,2,POST get_cuentas_cobrar,200,OK,Benchmark - Operaciones Normales 1-95,text,true,,1981,311,1,1,http://localhost:3500/query/empresa_simulada,2,0,0
1783612259308,2,POST get_bancos,200,OK,Benchmark - Operaciones Normales 1-95,text,true,,1344,254,1,1,http://localhost:3500/query/empresa_simulada,2,0,0
1783612259310,2,POST get_monedas,200,OK,Benchmark - Operaciones Normales 1-95,text,true,,1572,255,1,1,http://localhost:3500/query/empresa_simulada,2,0,0
1783612259313,2,POST get_empresa,200,OK,Benchmark - Operaciones Normales 1-95,text,true,,1456,255,1,1,http://localhost:3500/query/empresa_simulada,2,0,0
1783612259315,2,POST get_cuentas_cobrar,200,OK,Benchmark - Operaciones Normales 1-95,text,true,,1981,311,1,1,http://localhost:3500/query/empresa_simulada,2,0,0
1783612259317,2,POST get_bancos,200,OK,Benchmark - Operaciones Normales 1-95,text,true,,1344,254,1,1,http://localhost:3500/query/empresa_simulada,2,0,0
1783612259319,2,POST get_monedas,200,OK,Benchmark - Operaciones Normales 1-95,text,true,,1572,255,1,1,http://localhost:3500/query/empresa_simulada,2,0,0
1783612259321,3,POST get_empresa,200,OK,Benchmark - Operaciones Normales 1-95,text,true,,1456,255,1,1,http://localhost:3500/query/empresa_simulada,3,0,0
1783612259324,3,POST get_cuentas_cobrar,200,OK,Benchmark - Operaciones Normales 1-95,text,true,,1981,311,1,1,http://localhost:3500/query/empresa_simulada,3,0,0
1783612259327,2,POST get_bancos,200,OK,Benchmark - Operaciones Normales 1-95,text,true,,1344,254,1,1,http://localhost:3500/query/empresa_simulada,2,0,0
1783612259329,3,POST get_monedas,200,OK,Benchmark - Operaciones Normales 1-95,text,true,,1572,255,1,1,http://localhost:3500/query/empresa_simulada,2,0,0
1783612259332,2,POST get_empresa,200,OK,Benchmark - Operaciones Normales 1-95,text,true,,1456,255,1,1,http://localhost:3500/query/empresa_simulada,2,0,0
1783612259334,2,POST get_cuentas_cobrar,200,OK,Benchmark - Operaciones Normales 1-95,text,true,,1981,311,1,1,http://localhost:3500/query/empresa_simulada,2,0,0
1783612259336,3,POST get_bancos,200,OK,Benchmark - Operaciones Normales 1-95,text,true,,1344,254,1,1,http://localhost:3500/query/empresa_simulada,3,0,0
1783612259339,2,POST get_monedas,200,OK,Benchmark - Operaciones Normales 1-95,text,true,,1572,255,1,1,http://localhost:3500/query/empresa_simulada,2,0,0
1783612259341,2,POST get_empresa,200,OK,Benchmark - Operaciones Normales 1-95,text,true,,1456,255,1,1,http://localhost:3500/query/empresa_simulada,2,0,0
1783612259344,2,POST get_cuentas_cobrar,200,OK,Benchmark - Operaciones Normales 1-95,text,true,,1981,311,1,1,http://localhost:3500/query/empresa_simulada,2,0,0
1783612259346,2,POST get_bancos,200,OK,Benchmark - Operaciones Normales 1-95,text,true,,1344,254,1,1,http://localhost:3500/query/empresa_simulada,2,0,0
1783612259348,2,POST get_monedas,200,OK,Benchmark - Operaciones Normales 1-95,text,true,,1572,255,1,1,http://localhost:3500/query/empresa_simulada,2,0,0
1783612259350,2,POST get_empresa,200,OK,Benchmark - Operaciones Normales 1-95,text,true,,1456,255,1,1,http://localhost:3500/query/empresa_simulada,2,0,0
1783612259353,2,POST get_cuentas_cobrar,200,OK,Benchmark - Operaciones Normales 1-95,text,true,,1981,311,1,1,http://localhost:3500/query/empresa_simulada,2,0,0
1783612259355,2,POST get_bancos,200,OK,Benchmark - Operaciones Normales 1-95,text,true,,1344,254,1,1,http://localhost:3500/query/empresa_simulada,2,0,0
1783612259358,2,POST get_monedas,200,OK,Benchmark - Operaciones Normales 1-95,text,true,,1572,255,1,1,http://localhost:3500/query/empresa_simulada,2,0,0
1783612259360,2,POST get_empresa,200,OK,Benchmark - Operaciones Normales 1-95,text,true,,1456,255,1,1,http://localhost:3500/query/empresa_simulada,2,0,0
1783612259362,2,POST get_cuentas_cobrar,200,OK,Benchmark - Operaciones Normales 1-95,text,true,,1981,311,1,1,http://localhost:3500/query/empresa_simulada,2,0,0
1783612259364,2,POST get_bancos,200,OK,Benchmark - Operaciones Normales 1-95,text,true,,1344,254,1,1,http://localhost:3500/query/empresa_simulada,2,0,0
1783612259367,3,POST get_monedas,200,OK,Benchmark - Operaciones Normales 1-95,text,true,,1572,255,1,1,http://localhost:3500/query/empresa_simulada,3,0,0
1783612259370,2,POST get_empresa,200,OK,Benchmark - Operaciones Normales 1-95,text,true,,1456,255,1,1,http://localhost:3500/query/empresa_simulada,2,0,0
1783612259372,2,POST get_cuentas_cobrar,200,OK,Benchmark - Operaciones Normales 1-95,text,true,,1981,311,1,1,http://localhost:3500/query/empresa_simulada,2,0,0
1783612259375,2,POST get_bancos,200,OK,Benchmark - Operaciones Normales 1-95,text,true,,1344,254,1,1,http://localhost:3500/query/empresa_simulada,2,0,0
1783612259377,2,POST get_monedas,200,OK,Benchmark - Operaciones Normales 1-95,text,true,,1572,255,1,1,http://localhost:3500/query/empresa_simulada,2,0,0
1783612259379,3,POST get_empresa,200,OK,Benchmark - Operaciones Normales 1-95,text,true,,1456,255,1,1,http://localhost:3500/query/empresa_simulada,3,0,0
1783612259384,4,POST get_cuentas_cobrar,200,OK,Benchmark - Operaciones Normales 1-96,text,true,,1981,311,1,1,http://localhost:3500/query/empresa_simulada,4,0,1
1783612259388,2,POST get_bancos,200,OK,Benchmark - Operaciones Normales 1-96,text,true,,1344,254,1,1,http://localhost:3500/query/empresa_simulada,2,0,0
1783612259390,2,POST get_monedas,200,OK,Benchmark - Operaciones Normales 1-96,text,true,,1572,255,1,1,http://localhost:3500/query/empresa_simulada,2,0,0
1783612259393,2,POST get_empresa,200,OK,Benchmark - Operaciones Normales 1-96,text,true,,1456,255,1,1,http://localhost:3500/query/empresa_simulada,2,0,0
1783612259395,2,POST get_cuentas_cobrar,200,OK,Benchmark - Operaciones Normales 1-96,text,true,,1981,311,1,1,http://localhost:3500/query/empresa_simulada,2,0,0
1783612259397,2,POST get_bancos,200,OK,Benchmark - Operaciones Normales 1-96,text,true,,1344,254,1,1,http://localhost:3500/query/empresa_simulada,2,0,0
1783612259399,2,POST get_monedas,200,OK,Benchmark - Operaciones Normales 1-96,text,true,,1572,255,1,1,http://localhost:3500/query/empresa_simulada,2,0,0
1783612259401,2,POST get_empresa,200,OK,Benchmark - Operaciones Normales 1-96,text,true,,1456,255,1,1,http://localhost:3500/query/empresa_simulada,2,0,0
1783612259403,3,POST get_cuentas_cobrar,200,OK,Benchmark - Operaciones Normales 1-96,text,true,,1981,311,1,1,http://localhost:3500/query/empresa_simulada,3,0,0
1783612259406,2,POST get_bancos,200,OK,Benchmark - Operaciones Normales 1-96,text,true,,1344,254,1,1,http://localhost:3500/query/empresa_simulada,2,0,0
1783612259408,2,POST get_monedas,200,OK,Benchmark - Operaciones Normales 1-96,text,true,,1572,255,1,1,http://localhost:3500/query/empresa_simulada,2,0,0
1783612259411,2,POST get_empresa,200,OK,Benchmark - Operaciones Normales 1-96,text,true,,1456,255,1,1,http://localhost:3500/query/empresa_simulada,2,0,0
1783612259413,2,POST get_cuentas_cobrar,200,OK,Benchmark - Operaciones Normales 1-96,text,true,,1981,311,1,1,http://localhost:3500/query/empresa_simulada,2,0,0
1783612259416,2,POST get_bancos,200,OK,Benchmark - Operaciones Normales 1-96,text,true,,1344,254,1,1,http://localhost:3500/query/empresa_simulada,2,0,0
1783612259418,2,POST get_monedas,200,OK,Benchmark - Operaciones Normales 1-96,text,true,,1572,255,1,1,http://localhost:3500/query/empresa_simulada,2,0,0
1783612259420,2,POST get_empresa,200,OK,Benchmark - Operaciones Normales 1-96,text,true,,1456,255,1,1,http://localhost:3500/query/empresa_simulada,2,0,0
1783612259422,3,POST get_cuentas_cobrar,200,OK,Benchmark - Operaciones Normales 1-96,text,true,,1981,311,1,1,http://localhost:3500/query/empresa_simulada,2,0,0
1783612259425,2,POST get_bancos,200,OK,Benchmark - Operaciones Normales 1-96,text,true,,1344,254,1,1,http://localhost:3500/query/empresa_simulada,2,0,0
1783612259428,2,POST get_monedas,200,OK,Benchmark - Operaciones Normales 1-96,text,true,,1572,255,1,1,http://localhost:3500/query/empresa_simulada,2,0,0
1783612259430,2,POST get_empresa,200,OK,Benchmark - Operaciones Normales 1-96,text,true,,1456,255,1,1,http://localhost:3500/query/empresa_simulada,2,0,0
1783612259432,2,POST get_cuentas_cobrar,200,OK,Benchmark - Operaciones Normales 1-96,text,true,,1981,311,1,1,http://localhost:3500/query/empresa_simulada,2,0,0
1783612259435,2,POST get_bancos,200,OK,Benchmark - Operaciones Normales 1-96,text,true,,1344,254,1,1,http://localhost:3500/query/empresa_simulada,2,0,0
1783612259437,2,POST get_monedas,200,OK,Benchmark - Operaciones Normales 1-96,text,true,,1572,255,1,1,http://localhost:3500/query/empresa_simulada,2,0,0
1783612259439,3,POST get_empresa,200,OK,Benchmark - Operaciones Normales 1-96,text,true,,1456,255,1,1,http://localhost:3500/query/empresa_simulada,3,0,0
1783612259442,2,POST get_cuentas_cobrar,200,OK,Benchmark - Operaciones Normales 1-96,text,true,,1981,311,1,1,http://localhost:3500/query/empresa_simulada,2,0,0
1783612259444,2,POST get_bancos,200,OK,Benchmark - Operaciones Normales 1-96,text,true,,1344,254,1,1,http://localhost:3500/query/empresa_simulada,2,0,0
1783612259447,2,POST get_monedas,200,OK,Benchmark - Operaciones Normales 1-96,text,true,,1572,255,1,1,http://localhost:3500/query/empresa_simulada,2,0,0
1783612259449,2,POST get_empresa,200,OK,Benchmark - Operaciones Normales 1-96,text,true,,1456,255,1,1,http://localhost:3500/query/empresa_simulada,2,0,0
1783612259451,2,POST get_cuentas_cobrar,200,OK,Benchmark - Operaciones Normales 1-96,text,true,,1981,311,1,1,http://localhost:3500/query/empresa_simulada,2,0,0
1783612259453,2,POST get_bancos,200,OK,Benchmark - Operaciones Normales 1-96,text,true,,1344,254,1,1,http://localhost:3500/query/empresa_simulada,2,0,0
1783612259456,2,POST get_monedas,200,OK,Benchmark - Operaciones Normales 1-96,text,true,,1572,255,1,1,http://localhost:3500/query/empresa_simulada,2,0,0
1783612259458,2,POST get_empresa,200,OK,Benchmark - Operaciones Normales 1-96,text,true,,1456,255,1,1,http://localhost:3500/query/empresa_simulada,2,0,0
1783612259460,3,POST get_cuentas_cobrar,200,OK,Benchmark - Operaciones Normales 1-96,text,true,,1981,311,1,1,http://localhost:3500/query/empresa_simulada,3,0,0
1783612259463,3,POST get_bancos,200,OK,Benchmark - Operaciones Normales 1-96,text,true,,1344,254,1,1,http://localhost:3500/query/empresa_simulada,3,0,0
1783612259466,2,POST get_monedas,200,OK,Benchmark - Operaciones Normales 1-96,text,true,,1572,255,1,1,http://localhost:3500/query/empresa_simulada,2,0,0
1783612259468,3,POST get_empresa,200,OK,Benchmark - Operaciones Normales 1-96,text,true,,1456,255,1,1,http://localhost:3500/query/empresa_simulada,3,0,0
1783612259471,2,POST get_cuentas_cobrar,200,OK,Benchmark - Operaciones Normales 1-96,text,true,,1981,311,1,1,http://localhost:3500/query/empresa_simulada,2,0,0
1783612259473,2,POST get_bancos,200,OK,Benchmark - Operaciones Normales 1-96,text,true,,1344,254,1,1,http://localhost:3500/query/empresa_simulada,2,0,0
1783612259476,2,POST get_monedas,200,OK,Benchmark - Operaciones Normales 1-96,text,true,,1572,255,1,1,http://localhost:3500/query/empresa_simulada,2,0,0
1783612259478,2,POST get_empresa,200,OK,Benchmark - Operaciones Normales 1-96,text,true,,1456,255,1,1,http://localhost:3500/query/empresa_simulada,2,0,0
1783612259483,3,POST get_cuentas_cobrar,200,OK,Benchmark - Operaciones Normales 1-97,text,true,,1981,311,1,1,http://localhost:3500/query/empresa_simulada,3,0,1
1783612259487,3,POST get_bancos,200,OK,Benchmark - Operaciones Normales 1-97,text,true,,1344,254,1,1,http://localhost:3500/query/empresa_simulada,3,0,0
1783612259490,2,POST get_monedas,200,OK,Benchmark - Operaciones Normales 1-97,text,true,,1572,255,1,1,http://localhost:3500/query/empresa_simulada,2,0,0
1783612259492,2,POST get_empresa,200,OK,Benchmark - Operaciones Normales 1-97,text,true,,1456,255,1,1,http://localhost:3500/query/empresa_simulada,2,0,0
1783612259495,2,POST get_cuentas_cobrar,200,OK,Benchmark - Operaciones Normales 1-97,text,true,,1981,311,1,1,http://localhost:3500/query/empresa_simulada,2,0,0
1783612259497,2,POST get_bancos,200,OK,Benchmark - Operaciones Normales 1-97,text,true,,1344,254,1,1,http://localhost:3500/query/empresa_simulada,2,0,0
1783612259499,3,POST get_monedas,200,OK,Benchmark - Operaciones Normales 1-97,text,true,,1572,255,1,1,http://localhost:3500/query/empresa_simulada,3,0,0
1783612259502,2,POST get_empresa,200,OK,Benchmark - Operaciones Normales 1-97,text,true,,1456,255,1,1,http://localhost:3500/query/empresa_simulada,2,0,0
1783612259504,2,POST get_cuentas_cobrar,200,OK,Benchmark - Operaciones Normales 1-97,text,true,,1981,311,1,1,http://localhost:3500/query/empresa_simulada,2,0,0
1783612259507,2,POST get_bancos,200,OK,Benchmark - Operaciones Normales 1-97,text,true,,1344,254,1,1,http://localhost:3500/query/empresa_simulada,2,0,0
1783612259509,3,POST get_monedas,200,OK,Benchmark - Operaciones Normales 1-97,text,true,,1572,255,1,1,http://localhost:3500/query/empresa_simulada,3,0,0
1783612259513,2,POST get_empresa,200,OK,Benchmark - Operaciones Normales 1-97,text,true,,1456,255,1,1,http://localhost:3500/query/empresa_simulada,2,0,0
1783612259515,2,POST get_cuentas_cobrar,200,OK,Benchmark - Operaciones Normales 1-97,text,true,,1981,311,1,1,http://localhost:3500/query/empresa_simulada,2,0,0
1783612259517,3,POST get_bancos,200,OK,Benchmark - Operaciones Normales 1-97,text,true,,1344,254,1,1,http://localhost:3500/query/empresa_simulada,3,0,0
1783612259520,3,POST get_monedas,200,OK,Benchmark - Operaciones Normales 1-97,text,true,,1572,255,1,1,http://localhost:3500/query/empresa_simulada,3,0,0
1783612259523,2,POST get_empresa,200,OK,Benchmark - Operaciones Normales 1-97,text,true,,1456,255,1,1,http://localhost:3500/query/empresa_simulada,2,0,0
1783612259526,3,POST get_cuentas_cobrar,200,OK,Benchmark - Operaciones Normales 1-97,text,true,,1981,311,1,1,http://localhost:3500/query/empresa_simulada,3,0,0
1783612259529,3,POST get_bancos,200,OK,Benchmark - Operaciones Normales 1-97,text,true,,1344,254,1,1,http://localhost:3500/query/empresa_simulada,3,0,0
1783612259532,3,POST get_monedas,200,OK,Benchmark - Operaciones Normales 1-97,text,true,,1572,255,1,1,http://localhost:3500/query/empresa_simulada,3,0,0
1783612259535,2,POST get_empresa,200,OK,Benchmark - Operaciones Normales 1-97,text,true,,1456,255,1,1,http://localhost:3500/query/empresa_simulada,2,0,0
1783612259537,2,POST get_cuentas_cobrar,200,OK,Benchmark - Operaciones Normales 1-97,text,true,,1981,311,1,1,http://localhost:3500/query/empresa_simulada,2,0,0
1783612259539,3,POST get_bancos,200,OK,Benchmark - Operaciones Normales 1-97,text,true,,1344,254,1,1,http://localhost:3500/query/empresa_simulada,3,0,0
1783612259542,2,POST get_monedas,200,OK,Benchmark - Operaciones Normales 1-97,text,true,,1572,255,1,1,http://localhost:3500/query/empresa_simulada,2,0,0
1783612259544,2,POST get_empresa,200,OK,Benchmark - Operaciones Normales 1-97,text,true,,1456,255,1,1,http://localhost:3500/query/empresa_simulada,2,0,0
1783612259546,1,POST get_cuentas_cobrar,200,OK,Benchmark - Operaciones Normales 1-97,text,true,,1981,311,1,1,http://localhost:3500/query/empresa_simulada,1,0,0
1783612259548,1,POST get_bancos,200,OK,Benchmark - Operaciones Normales 1-97,text,true,,1344,254,1,1,http://localhost:3500/query/empresa_simulada,1,0,0
1783612259550,1,POST get_monedas,200,OK,Benchmark - Operaciones Normales 1-97,text,true,,1572,255,1,1,http://localhost:3500/query/empresa_simulada,1,0,0
1783612259551,3,POST get_empresa,200,OK,Benchmark - Operaciones Normales 1-97,text,true,,1456,255,1,1,http://localhost:3500/query/empresa_simulada,3,0,0
1783612259554,3,POST get_cuentas_cobrar,200,OK,Benchmark - Operaciones Normales 1-97,text,true,,1981,311,1,1,http://localhost:3500/query/empresa_simulada,3,0,0
1783612259557,2,POST get_bancos,200,OK,Benchmark - Operaciones Normales 1-97,text,true,,1344,254,1,1,http://localhost:3500/query/empresa_simulada,2,0,0
1783612259559,2,POST get_monedas,200,OK,Benchmark - Operaciones Normales 1-97,text,true,,1572,255,1,1,http://localhost:3500/query/empresa_simulada,2,0,0
1783612259561,2,POST get_empresa,200,OK,Benchmark - Operaciones Normales 1-97,text,true,,1456,255,1,1,http://localhost:3500/query/empresa_simulada,2,0,0
1783612259563,3,POST get_cuentas_cobrar,200,OK,Benchmark - Operaciones Normales 1-97,text,true,,1981,311,1,1,http://localhost:3500/query/empresa_simulada,3,0,0
1783612259566,2,POST get_bancos,200,OK,Benchmark - Operaciones Normales 1-97,text,true,,1344,254,1,1,http://localhost:3500/query/empresa_simulada,2,0,0
1783612259568,2,POST get_monedas,200,OK,Benchmark - Operaciones Normales 1-97,text,true,,1572,255,1,1,http://localhost:3500/query/empresa_simulada,2,0,0
1783612259570,2,POST get_empresa,200,OK,Benchmark - Operaciones Normales 1-97,text,true,,1456,255,1,1,http://localhost:3500/query/empresa_simulada,2,0,0
1783612259572,2,POST get_cuentas_cobrar,200,OK,Benchmark - Operaciones Normales 1-97,text,true,,1981,311,1,1,http://localhost:3500/query/empresa_simulada,2,0,0
1783612259574,2,POST get_bancos,200,OK,Benchmark - Operaciones Normales 1-97,text,true,,1344,254,1,1,http://localhost:3500/query/empresa_simulada,2,0,0
1783612259576,2,POST get_monedas,200,OK,Benchmark - Operaciones Normales 1-97,text,true,,1572,255,1,1,http://localhost:3500/query/empresa_simulada,2,0,0
1783612259578,2,POST get_empresa,200,OK,Benchmark - Operaciones Normales 1-97,text,true,,1456,255,1,1,http://localhost:3500/query/empresa_simulada,2,0,0
1783612259584,4,POST get_cuentas_cobrar,200,OK,Benchmark - Operaciones Normales 1-98,text,true,,1981,311,1,1,http://localhost:3500/query/empresa_simulada,4,0,1
1783612259588,2,POST get_bancos,200,OK,Benchmark - Operaciones Normales 1-98,text,true,,1344,254,1,1,http://localhost:3500/query/empresa_simulada,2,0,0
1783612259590,3,POST get_monedas,200,OK,Benchmark - Operaciones Normales 1-98,text,true,,1572,255,1,1,http://localhost:3500/query/empresa_simulada,3,0,0
1783612259593,2,POST get_empresa,200,OK,Benchmark - Operaciones Normales 1-98,text,true,,1456,255,1,1,http://localhost:3500/query/empresa_simulada,2,0,0
1783612259595,2,POST get_cuentas_cobrar,200,OK,Benchmark - Operaciones Normales 1-98,text,true,,1981,311,1,1,http://localhost:3500/query/empresa_simulada,2,0,0
1783612259597,2,POST get_bancos,200,OK,Benchmark - Operaciones Normales 1-98,text,true,,1344,254,1,1,http://localhost:3500/query/empresa_simulada,2,0,0
1783612259599,2,POST get_monedas,200,OK,Benchmark - Operaciones Normales 1-98,text,true,,1572,255,1,1,http://localhost:3500/query/empresa_simulada,2,0,0
1783612259601,5,POST get_empresa,200,OK,Benchmark - Operaciones Normales 1-98,text,true,,1456,255,1,1,http://localhost:3500/query/empresa_simulada,5,0,0
1783612259606,2,POST get_cuentas_cobrar,200,OK,Benchmark - Operaciones Normales 1-98,text,true,,1981,311,1,1,http://localhost:3500/query/empresa_simulada,2,0,0
1783612259608,2,POST get_bancos,200,OK,Benchmark - Operaciones Normales 1-98,text,true,,1344,254,1,1,http://localhost:3500/query/empresa_simulada,2,0,0
1783612259610,2,POST get_monedas,200,OK,Benchmark - Operaciones Normales 1-98,text,true,,1572,255,1,1,http://localhost:3500/query/empresa_simulada,2,0,0
1783612259612,3,POST get_empresa,200,OK,Benchmark - Operaciones Normales 1-98,text,true,,1456,255,1,1,http://localhost:3500/query/empresa_simulada,3,0,0
1783612259615,2,POST get_cuentas_cobrar,200,OK,Benchmark - Operaciones Normales 1-98,text,true,,1981,311,1,1,http://localhost:3500/query/empresa_simulada,2,0,0
1783612259617,1,POST get_bancos,200,OK,Benchmark - Operaciones Normales 1-98,text,true,,1344,254,1,1,http://localhost:3500/query/empresa_simulada,1,0,0
1783612259619,2,POST get_monedas,200,OK,Benchmark - Operaciones Normales 1-98,text,true,,1572,255,1,1,http://localhost:3500/query/empresa_simulada,2,0,0
1783612259621,2,POST get_empresa,200,OK,Benchmark - Operaciones Normales 1-98,text,true,,1456,255,1,1,http://localhost:3500/query/empresa_simulada,2,0,0
1783612259623,2,POST get_cuentas_cobrar,200,OK,Benchmark - Operaciones Normales 1-98,text,true,,1981,311,1,1,http://localhost:3500/query/empresa_simulada,2,0,0
1783612259625,2,POST get_bancos,200,OK,Benchmark - Operaciones Normales 1-98,text,true,,1344,254,1,1,http://localhost:3500/query/empresa_simulada,2,0,0
1783612259627,2,POST get_monedas,200,OK,Benchmark - Operaciones Normales 1-98,text,true,,1572,255,1,1,http://localhost:3500/query/empresa_simulada,2,0,0
1783612259629,1,POST get_empresa,200,OK,Benchmark - Operaciones Normales 1-98,text,true,,1456,255,1,1,http://localhost:3500/query/empresa_simulada,1,0,0
1783612259631,1,POST get_cuentas_cobrar,200,OK,Benchmark - Operaciones Normales 1-98,text,true,,1981,311,1,1,http://localhost:3500/query/empresa_simulada,1,0,0
1783612259633,2,POST get_bancos,200,OK,Benchmark - Operaciones Normales 1-98,text,true,,1344,254,1,1,http://localhost:3500/query/empresa_simulada,2,0,0
1783612259635,2,POST get_monedas,200,OK,Benchmark - Operaciones Normales 1-98,text,true,,1572,255,1,1,http://localhost:3500/query/empresa_simulada,2,0,0
1783612259637,2,POST get_empresa,200,OK,Benchmark - Operaciones Normales 1-98,text,true,,1456,255,1,1,http://localhost:3500/query/empresa_simulada,2,0,0
1783612259639,2,POST get_cuentas_cobrar,200,OK,Benchmark - Operaciones Normales 1-98,text,true,,1981,311,1,1,http://localhost:3500/query/empresa_simulada,2,0,0
1783612259641,2,POST get_bancos,200,OK,Benchmark - Operaciones Normales 1-98,text,true,,1344,254,1,1,http://localhost:3500/query/empresa_simulada,2,0,0
1783612259643,2,POST get_monedas,200,OK,Benchmark - Operaciones Normales 1-98,text,true,,1572,255,1,1,http://localhost:3500/query/empresa_simulada,2,0,0
1783612259645,2,POST get_empresa,200,OK,Benchmark - Operaciones Normales 1-98,text,true,,1456,255,1,1,http://localhost:3500/query/empresa_simulada,2,0,0
1783612259647,2,POST get_cuentas_cobrar,200,OK,Benchmark - Operaciones Normales 1-98,text,true,,1981,311,1,1,http://localhost:3500/query/empresa_simulada,2,0,0
1783612259649,2,POST get_bancos,200,OK,Benchmark - Operaciones Normales 1-98,text,true,,1344,254,1,1,http://localhost:3500/query/empresa_simulada,2,0,0
1783612259651,2,POST get_monedas,200,OK,Benchmark - Operaciones Normales 1-98,text,true,,1572,255,1,1,http://localhost:3500/query/empresa_simulada,2,0,0
1783612259653,1,POST get_empresa,200,OK,Benchmark - Operaciones Normales 1-98,text,true,,1456,255,1,1,http://localhost:3500/query/empresa_simulada,1,0,0
1783612259654,2,POST get_cuentas_cobrar,200,OK,Benchmark - Operaciones Normales 1-98,text,true,,1981,311,1,1,http://localhost:3500/query/empresa_simulada,2,0,0
1783612259656,2,POST get_bancos,200,OK,Benchmark - Operaciones Normales 1-98,text,true,,1344,254,1,1,http://localhost:3500/query/empresa_simulada,2,0,0
1783612259658,3,POST get_monedas,200,OK,Benchmark - Operaciones Normales 1-98,text,true,,1572,255,1,1,http://localhost:3500/query/empresa_simulada,3,0,0
1783612259661,2,POST get_empresa,200,OK,Benchmark - Operaciones Normales 1-98,text,true,,1456,255,1,1,http://localhost:3500/query/empresa_simulada,2,0,0
1783612259663,2,POST get_cuentas_cobrar,200,OK,Benchmark - Operaciones Normales 1-98,text,true,,1981,311,1,1,http://localhost:3500/query/empresa_simulada,2,0,0
1783612259665,2,POST get_bancos,200,OK,Benchmark - Operaciones Normales 1-98,text,true,,1344,254,1,1,http://localhost:3500/query/empresa_simulada,2,0,0
1783612259667,3,POST get_monedas,200,OK,Benchmark - Operaciones Normales 1-98,text,true,,1572,255,1,1,http://localhost:3500/query/empresa_simulada,3,0,0
1783612259670,2,POST get_empresa,200,OK,Benchmark - Operaciones Normales 1-98,text,true,,1456,255,1,1,http://localhost:3500/query/empresa_simulada,2,0,0
1783612259684,4,POST get_cuentas_cobrar,200,OK,Benchmark - Operaciones Normales 1-99,text,true,,1981,311,1,1,http://localhost:3500/query/empresa_simulada,4,0,2
1783612259688,2,POST get_bancos,200,OK,Benchmark - Operaciones Normales 1-99,text,true,,1344,254,1,1,http://localhost:3500/query/empresa_simulada,2,0,0
1783612259691,2,POST get_monedas,200,OK,Benchmark - Operaciones Normales 1-99,text,true,,1572,255,1,1,http://localhost:3500/query/empresa_simulada,2,0,0
1783612259693,1,POST get_empresa,200,OK,Benchmark - Operaciones Normales 1-99,text,true,,1456,255,1,1,http://localhost:3500/query/empresa_simulada,1,0,0
1783612259695,1,POST get_cuentas_cobrar,200,OK,Benchmark - Operaciones Normales 1-99,text,true,,1981,311,1,1,http://localhost:3500/query/empresa_simulada,1,0,0
1783612259696,2,POST get_bancos,200,OK,Benchmark - Operaciones Normales 1-99,text,true,,1344,254,1,1,http://localhost:3500/query/empresa_simulada,2,0,0
1783612259698,2,POST get_monedas,200,OK,Benchmark - Operaciones Normales 1-99,text,true,,1572,255,1,1,http://localhost:3500/query/empresa_simulada,2,0,0
1783612259700,2,POST get_empresa,200,OK,Benchmark - Operaciones Normales 1-99,text,true,,1456,255,1,1,http://localhost:3500/query/empresa_simulada,2,0,0
1783612259702,2,POST get_cuentas_cobrar,200,OK,Benchmark - Operaciones Normales 1-99,text,true,,1981,311,1,1,http://localhost:3500/query/empresa_simulada,2,0,0
1783612259704,2,POST get_bancos,200,OK,Benchmark - Operaciones Normales 1-99,text,true,,1344,254,1,1,http://localhost:3500/query/empresa_simulada,2,0,0
1783612259706,2,POST get_monedas,200,OK,Benchmark - Operaciones Normales 1-99,text,true,,1572,255,1,1,http://localhost:3500/query/empresa_simulada,2,0,0
1783612259708,2,POST get_empresa,200,OK,Benchmark - Operaciones Normales 1-99,text,true,,1456,255,1,1,http://localhost:3500/query/empresa_simulada,2,0,0
1783612259710,3,POST get_cuentas_cobrar,200,OK,Benchmark - Operaciones Normales 1-99,text,true,,1981,311,1,1,http://localhost:3500/query/empresa_simulada,3,0,0
1783612259714,2,POST get_bancos,200,OK,Benchmark - Operaciones Normales 1-99,text,true,,1344,254,1,1,http://localhost:3500/query/empresa_simulada,2,0,0
1783612259716,2,POST get_monedas,200,OK,Benchmark - Operaciones Normales 1-99,text,true,,1572,255,1,1,http://localhost:3500/query/empresa_simulada,2,0,0
1783612259718,2,POST get_empresa,200,OK,Benchmark - Operaciones Normales 1-99,text,true,,1456,255,1,1,http://localhost:3500/query/empresa_simulada,2,0,0
1783612259720,2,POST get_cuentas_cobrar,200,OK,Benchmark - Operaciones Normales 1-99,text,true,,1981,311,1,1,http://localhost:3500/query/empresa_simulada,2,0,0
1783612259723,3,POST get_bancos,200,OK,Benchmark - Operaciones Normales 1-99,text,true,,1344,254,1,1,http://localhost:3500/query/empresa_simulada,3,0,0
1783612259726,2,POST get_monedas,200,OK,Benchmark - Operaciones Normales 1-99,text,true,,1572,255,1,1,http://localhost:3500/query/empresa_simulada,2,0,0
1783612259728,2,POST get_empresa,200,OK,Benchmark - Operaciones Normales 1-99,text,true,,1456,255,1,1,http://localhost:3500/query/empresa_simulada,2,0,0
1783612259730,2,POST get_cuentas_cobrar,200,OK,Benchmark - Operaciones Normales 1-99,text,true,,1981,311,1,1,http://localhost:3500/query/empresa_simulada,2,0,0
1783612259732,2,POST get_bancos,200,OK,Benchmark - Operaciones Normales 1-99,text,true,,1344,254,1,1,http://localhost:3500/query/empresa_simulada,2,0,0
1783612259734,2,POST get_monedas,200,OK,Benchmark - Operaciones Normales 1-99,text,true,,1572,255,1,1,http://localhost:3500/query/empresa_simulada,2,0,0
1783612259736,2,POST get_empresa,200,OK,Benchmark - Operaciones Normales 1-99,text,true,,1456,255,1,1,http://localhost:3500/query/empresa_simulada,1,0,0
1783612259738,1,POST get_cuentas_cobrar,200,OK,Benchmark - Operaciones Normales 1-99,text,true,,1981,311,1,1,http://localhost:3500/query/empresa_simulada,1,0,0
1783612259740,2,POST get_bancos,200,OK,Benchmark - Operaciones Normales 1-99,text,true,,1344,254,1,1,http://localhost:3500/query/empresa_simulada,2,0,0
1783612259742,2,POST get_monedas,200,OK,Benchmark - Operaciones Normales 1-99,text,true,,1572,255,1,1,http://localhost:3500/query/empresa_simulada,2,0,0
1783612259744,1,POST get_empresa,200,OK,Benchmark - Operaciones Normales 1-99,text,true,,1456,255,1,1,http://localhost:3500/query/empresa_simulada,1,0,0
1783612259746,1,POST get_cuentas_cobrar,200,OK,Benchmark - Operaciones Normales 1-99,text,true,,1981,311,1,1,http://localhost:3500/query/empresa_simulada,1,0,0
1783612259747,3,POST get_bancos,200,OK,Benchmark - Operaciones Normales 1-99,text,true,,1344,254,1,1,http://localhost:3500/query/empresa_simulada,3,0,0
1783612259750,2,POST get_monedas,200,OK,Benchmark - Operaciones Normales 1-99,text,true,,1572,255,1,1,http://localhost:3500/query/empresa_simulada,2,0,0
1783612259752,1,POST get_empresa,200,OK,Benchmark - Operaciones Normales 1-99,text,true,,1456,255,1,1,http://localhost:3500/query/empresa_simulada,1,0,0
1783612259754,1,POST get_cuentas_cobrar,200,OK,Benchmark - Operaciones Normales 1-99,text,true,,1981,311,1,1,http://localhost:3500/query/empresa_simulada,1,0,0
1783612259755,2,POST get_bancos,200,OK,Benchmark - Operaciones Normales 1-99,text,true,,1344,254,1,1,http://localhost:3500/query/empresa_simulada,2,0,0
1783612259758,1,POST get_monedas,200,OK,Benchmark - Operaciones Normales 1-99,text,true,,1572,255,1,1,http://localhost:3500/query/empresa_simulada,1,0,0
1783612259759,2,POST get_empresa,200,OK,Benchmark - Operaciones Normales 1-99,text,true,,1456,255,1,1,http://localhost:3500/query/empresa_simulada,2,0,0
1783612259761,2,POST get_cuentas_cobrar,200,OK,Benchmark - Operaciones Normales 1-99,text,true,,1981,311,1,1,http://localhost:3500/query/empresa_simulada,2,0,0
1783612259763,2,POST get_bancos,200,OK,Benchmark - Operaciones Normales 1-99,text,true,,1344,254,1,1,http://localhost:3500/query/empresa_simulada,2,0,0
1783612259765,2,POST get_monedas,200,OK,Benchmark - Operaciones Normales 1-99,text,true,,1572,255,1,1,http://localhost:3500/query/empresa_simulada,2,0,0
1783612259767,2,POST get_empresa,200,OK,Benchmark - Operaciones Normales 1-99,text,true,,1456,255,1,1,http://localhost:3500/query/empresa_simulada,2,0,0
1783612259784,4,POST get_cuentas_cobrar,200,OK,Benchmark - Operaciones Normales 1-100,text,true,,1981,311,1,1,http://localhost:3500/query/empresa_simulada,4,0,1
1783612259788,2,POST get_bancos,200,OK,Benchmark - Operaciones Normales 1-100,text,true,,1344,254,1,1,http://localhost:3500/query/empresa_simulada,2,0,0
1783612259790,3,POST get_monedas,200,OK,Benchmark - Operaciones Normales 1-100,text,true,,1572,255,1,1,http://localhost:3500/query/empresa_simulada,2,0,0
1783612259793,2,POST get_empresa,200,OK,Benchmark - Operaciones Normales 1-100,text,true,,1456,255,1,1,http://localhost:3500/query/empresa_simulada,2,0,0
1783612259795,2,POST get_cuentas_cobrar,200,OK,Benchmark - Operaciones Normales 1-100,text,true,,1981,311,1,1,http://localhost:3500/query/empresa_simulada,2,0,0
1783612259797,2,POST get_bancos,200,OK,Benchmark - Operaciones Normales 1-100,text,true,,1344,254,1,1,http://localhost:3500/query/empresa_simulada,2,0,0
1783612259799,2,POST get_monedas,200,OK,Benchmark - Operaciones Normales 1-100,text,true,,1572,255,1,1,http://localhost:3500/query/empresa_simulada,2,0,0
1783612259801,2,POST get_empresa,200,OK,Benchmark - Operaciones Normales 1-100,text,true,,1456,255,1,1,http://localhost:3500/query/empresa_simulada,2,0,0
1783612259803,2,POST get_cuentas_cobrar,200,OK,Benchmark - Operaciones Normales 1-100,text,true,,1981,311,1,1,http://localhost:3500/query/empresa_simulada,2,0,0
1783612259805,2,POST get_bancos,200,OK,Benchmark - Operaciones Normales 1-100,text,true,,1344,254,1,1,http://localhost:3500/query/empresa_simulada,2,0,0
1783612259807,2,POST get_monedas,200,OK,Benchmark - Operaciones Normales 1-100,text,true,,1572,255,1,1,http://localhost:3500/query/empresa_simulada,2,0,0
1783612259810,1,POST get_empresa,200,OK,Benchmark - Operaciones Normales 1-100,text,true,,1456,255,1,1,http://localhost:3500/query/empresa_simulada,1,0,0
1783612259811,2,POST get_cuentas_cobrar,200,OK,Benchmark - Operaciones Normales 1-100,text,true,,1981,311,1,1,http://localhost:3500/query/empresa_simulada,2,0,0
1783612259813,2,POST get_bancos,200,OK,Benchmark - Operaciones Normales 1-100,text,true,,1344,254,1,1,http://localhost:3500/query/empresa_simulada,2,0,0
1783612259815,2,POST get_monedas,200,OK,Benchmark - Operaciones Normales 1-100,text,true,,1572,255,1,1,http://localhost:3500/query/empresa_simulada,2,0,0
1783612259817,2,POST get_empresa,200,OK,Benchmark - Operaciones Normales 1-100,text,true,,1456,255,1,1,http://localhost:3500/query/empresa_simulada,2,0,0
1783612259819,2,POST get_cuentas_cobrar,200,OK,Benchmark - Operaciones Normales 1-100,text,true,,1981,311,1,1,http://localhost:3500/query/empresa_simulada,2,0,0
1783612259821,2,POST get_bancos,200,OK,Benchmark - Operaciones Normales 1-100,text,true,,1344,254,1,1,http://localhost:3500/query/empresa_simulada,2,0,0
1783612259823,2,POST get_monedas,200,OK,Benchmark - Operaciones Normales 1-100,text,true,,1572,255,1,1,http://localhost:3500/query/empresa_simulada,2,0,0
1783612259826,1,POST get_empresa,200,OK,Benchmark - Operaciones Normales 1-100,text,true,,1456,255,1,1,http://localhost:3500/query/empresa_simulada,1,0,0
1783612259827,2,POST get_cuentas_cobrar,200,OK,Benchmark - Operaciones Normales 1-100,text,true,,1981,311,1,1,http://localhost:3500/query/empresa_simulada,2,0,0
1783612259830,1,POST get_bancos,200,OK,Benchmark - Operaciones Normales 1-100,text,true,,1344,254,1,1,http://localhost:3500/query/empresa_simulada,1,0,0
1783612259831,2,POST get_monedas,200,OK,Benchmark - Operaciones Normales 1-100,text,true,,1572,255,1,1,http://localhost:3500/query/empresa_simulada,2,0,0
1783612259833,2,POST get_empresa,200,OK,Benchmark - Operaciones Normales 1-100,text,true,,1456,255,1,1,http://localhost:3500/query/empresa_simulada,2,0,0
1783612259835,4,POST get_cuentas_cobrar,200,OK,Benchmark - Operaciones Normales 1-100,text,true,,1981,311,1,1,http://localhost:3500/query/empresa_simulada,4,0,0
1783612259839,2,POST get_bancos,200,OK,Benchmark - Operaciones Normales 1-100,text,true,,1344,254,1,1,http://localhost:3500/query/empresa_simulada,2,0,0
1783612259841,3,POST get_monedas,200,OK,Benchmark - Operaciones Normales 1-100,text,true,,1572,255,1,1,http://localhost:3500/query/empresa_simulada,3,0,0
1783612259844,2,POST get_empresa,200,OK,Benchmark - Operaciones Normales 1-100,text,true,,1456,255,1,1,http://localhost:3500/query/empresa_simulada,2,0,0
1783612259846,2,POST get_cuentas_cobrar,200,OK,Benchmark - Operaciones Normales 1-100,text,true,,1981,311,1,1,http://localhost:3500/query/empresa_simulada,2,0,0
1783612259848,2,POST get_bancos,200,OK,Benchmark - Operaciones Normales 1-100,text,true,,1344,254,1,1,http://localhost:3500/query/empresa_simulada,2,0,0
1783612259850,2,POST get_monedas,200,OK,Benchmark - Operaciones Normales 1-100,text,true,,1572,255,1,1,http://localhost:3500/query/empresa_simulada,2,0,0
1783612259852,2,POST get_empresa,200,OK,Benchmark - Operaciones Normales 1-100,text,true,,1456,255,1,1,http://localhost:3500/query/empresa_simulada,2,0,0
1783612259854,2,POST get_cuentas_cobrar,200,OK,Benchmark - Operaciones Normales 1-100,text,true,,1981,311,1,1,http://localhost:3500/query/empresa_simulada,2,0,0
1783612259856,2,POST get_bancos,200,OK,Benchmark - Operaciones Normales 1-100,text,true,,1344,254,1,1,http://localhost:3500/query/empresa_simulada,2,0,0
1783612259858,2,POST get_monedas,200,OK,Benchmark - Operaciones Normales 1-100,text,true,,1572,255,1,1,http://localhost:3500/query/empresa_simulada,2,0,0
1783612259860,2,POST get_empresa,200,OK,Benchmark - Operaciones Normales 1-100,text,true,,1456,255,1,1,http://localhost:3500/query/empresa_simulada,2,0,0
1783612259862,2,POST get_cuentas_cobrar,200,OK,Benchmark - Operaciones Normales 1-100,text,true,,1981,311,1,1,http://localhost:3500/query/empresa_simulada,2,0,0
1783612259864,2,POST get_bancos,200,OK,Benchmark - Operaciones Normales 1-100,text,true,,1344,254,1,1,http://localhost:3500/query/empresa_simulada,2,0,0
1783612259866,2,POST get_monedas,200,OK,Benchmark - Operaciones Normales 1-100,text,true,,1572,255,1,1,http://localhost:3500/query/empresa_simulada,2,0,0
1783612259868,2,POST get_empresa,200,OK,Benchmark - Operaciones Normales 1-100,text,true,,1456,255,1,1,http://localhost:3500/query/empresa_simulada,2,0,0
1783612260539,6,POST get_clientes - PAYLOAD LIMIT TEST,502,Bad Gateway,Prueba Limite Payload - get_clientes 25K registros 2-3,text,false,,1007,256,3,3,http://localhost:3500/query/empresa_simulada,6,0,2
1783612260205,29689,POST get_clientes - PAYLOAD LIMIT TEST,504,Gateway Timeout,Prueba Limite Payload - get_clientes 25K registros 2-2,text,false,,986,256,2,2,http://localhost:3500/query/empresa_simulada,29689,0,1
1783612259873,30022,POST get_clientes - PAYLOAD LIMIT TEST,504,Gateway Timeout,Prueba Limite Payload - get_clientes 25K registros 2-1,text,false,,986,256,2,2,http://localhost:3500/query/empresa_simulada,30022,0,1
