timeStamp,elapsed,label,responseCode,responseMessage,threadName,dataType,success,failureMessage,bytes,sentBytes,grpThreads,allThreads,URL,Latency,IdleTime,Connect
1783612208724,253,POST get_cuentas_cobrar,200,OK,Benchmark - Operaciones Normales 1-1,text,true,,1981,311,5,5,http://localhost:3500/query/empresa_simulada,246,0,32
1783612208847,131,POST get_cuentas_cobrar,200,OK,Benchmark - Operaciones Normales 1-4,text,true,,1981,311,5,5,http://localhost:3500/query/empresa_simulada,124,0,1
1783612208725,253,POST get_cuentas_cobrar,200,OK,Benchmark - Operaciones Normales 1-2,text,true,,1981,311,5,5,http://localhost:3500/query/empresa_simulada,246,0,32
1783612208946,32,POST get_cuentas_cobrar,200,OK,Benchmark - Operaciones Normales 1-5,text,true,,1981,311,5,5,http://localhost:3500/query/empresa_simulada,25,0,2
1783612208754,224,POST get_cuentas_cobrar,200,OK,Benchmark - Operaciones Normales 1-3,text,true,,1981,311,5,5,http://localhost:3500/query/empresa_simulada,217,0,3
1783612208981,11,POST get_bancos,200,OK,Benchmark - Operaciones Normales 1-4,text,true,,1344,254,5,5,http://localhost:3500/query/empresa_simulada,11,0,0
1783612208981,11,POST get_bancos,200,OK,Benchmark - Operaciones Normales 1-5,text,true,,1344,254,5,5,http://localhost:3500/query/empresa_simulada,11,0,0
1783612208981,11,POST get_bancos,200,OK,Benchmark - Operaciones Normales 1-1,text,true,,1344,254,5,5,http://localhost:3500/query/empresa_simulada,11,0,0
1783612208981,11,POST get_bancos,200,OK,Benchmark - Operaciones Normales 1-2,text,true,,1344,254,5,5,http://localhost:3500/query/empresa_simulada,11,0,0
1783612208981,11,POST get_bancos,200,OK,Benchmark - Operaciones Normales 1-3,text,true,,1344,254,5,5,http://localhost:3500/query/empresa_simulada,11,0,0
1783612208993,6,POST get_monedas,200,OK,Benchmark - Operaciones Normales 1-5,text,true,,1572,255,5,5,http://localhost:3500/query/empresa_simulada,6,0,0
1783612208993,9,POST get_monedas,200,OK,Benchmark - Operaciones Normales 1-4,text,true,,1572,255,5,5,http://localhost:3500/query/empresa_simulada,9,0,0
1783612208993,9,POST get_monedas,200,OK,Benchmark - Operaciones Normales 1-2,text,true,,1572,255,5,5,http://localhost:3500/query/empresa_simulada,9,0,0
1783612208993,11,POST get_monedas,200,OK,Benchmark - Operaciones Normales 1-3,text,true,,1572,255,5,5,http://localhost:3500/query/empresa_simulada,11,0,0
1783612208993,12,POST get_monedas,200,OK,Benchmark - Operaciones Normales 1-1,text,true,,1572,255,5,5,http://localhost:3500/query/empresa_simulada,12,0,0
1783612209000,10,POST get_empresa,200,OK,Benchmark - Operaciones Normales 1-5,text,true,,1456,255,5,5,http://localhost:3500/query/empresa_simulada,10,0,0
1783612209003,7,POST get_empresa,200,OK,Benchmark - Operaciones Normales 1-4,text,true,,1456,255,5,5,http://localhost:3500/query/empresa_simulada,7,0,0
1783612209003,8,POST get_empresa,200,OK,Benchmark - Operaciones Normales 1-2,text,true,,1456,255,5,5,http://localhost:3500/query/empresa_simulada,7,0,0
1783612209006,9,POST get_empresa,200,OK,Benchmark - Operaciones Normales 1-1,text,true,,1456,255,5,5,http://localhost:3500/query/empresa_simulada,9,0,0
1783612209005,11,POST get_empresa,200,OK,Benchmark - Operaciones Normales 1-3,text,true,,1456,255,5,5,http://localhost:3500/query/empresa_simulada,11,0,0
1783612209011,6,POST get_cuentas_cobrar,200,OK,Benchmark - Operaciones Normales 1-2,text,true,,1981,311,5,5,http://localhost:3500/query/empresa_simulada,6,0,0
1783612209011,12,POST get_cuentas_cobrar,200,OK,Benchmark - Operaciones Normales 1-5,text,true,,1981,311,5,5,http://localhost:3500/query/empresa_simulada,12,0,0
1783612209012,17,POST get_cuentas_cobrar,200,OK,Benchmark - Operaciones Normales 1-4,text,true,,1981,311,5,5,http://localhost:3500/query/empresa_simulada,17,0,0
1783612209016,16,POST get_cuentas_cobrar,200,OK,Benchmark - Operaciones Normales 1-1,text,true,,1981,311,5,5,http://localhost:3500/query/empresa_simulada,15,0,0
1783612209017,17,POST get_cuentas_cobrar,200,OK,Benchmark - Operaciones Normales 1-3,text,true,,1981,311,5,5,http://localhost:3500/query/empresa_simulada,17,0,0
1783612209018,21,POST get_bancos,200,OK,Benchmark - Operaciones Normales 1-2,text,true,,1344,254,5,5,http://localhost:3500/query/empresa_simulada,21,0,0
1783612209024,20,POST get_bancos,200,OK,Benchmark - Operaciones Normales 1-5,text,true,,1344,254,5,5,http://localhost:3500/query/empresa_simulada,20,0,0
1783612209030,18,POST get_bancos,200,OK,Benchmark - Operaciones Normales 1-4,text,true,,1344,254,6,6,http://localhost:3500/query/empresa_simulada,18,0,0
1783612209033,19,POST get_bancos,200,OK,Benchmark - Operaciones Normales 1-1,text,true,,1344,254,6,6,http://localhost:3500/query/empresa_simulada,19,0,0
1783612209034,18,POST get_bancos,200,OK,Benchmark - Operaciones Normales 1-3,text,true,,1344,254,6,6,http://localhost:3500/query/empresa_simulada,18,0,0
1783612209040,16,POST get_monedas,200,OK,Benchmark - Operaciones Normales 1-2,text,true,,1572,255,6,6,http://localhost:3500/query/empresa_simulada,16,0,0
1783612209045,12,POST get_monedas,200,OK,Benchmark - Operaciones Normales 1-5,text,true,,1572,255,6,6,http://localhost:3500/query/empresa_simulada,12,0,0
1783612209048,9,POST get_monedas,200,OK,Benchmark - Operaciones Normales 1-4,text,true,,1572,255,6,6,http://localhost:3500/query/empresa_simulada,9,0,0
1783612209047,13,POST get_cuentas_cobrar,200,OK,Benchmark - Operaciones Normales 1-6,text,true,,1981,311,6,6,http://localhost:3500/query/empresa_simulada,13,0,2
1783612209053,8,POST get_monedas,200,OK,Benchmark - Operaciones Normales 1-1,text,true,,1572,255,6,6,http://localhost:3500/query/empresa_simulada,8,0,0
1783612209053,11,POST get_monedas,200,OK,Benchmark - Operaciones Normales 1-3,text,true,,1572,255,6,6,http://localhost:3500/query/empresa_simulada,11,0,0
1783612209057,9,POST get_empresa,200,OK,Benchmark - Operaciones Normales 1-4,text,true,,1456,255,6,6,http://localhost:3500/query/empresa_simulada,9,0,0
1783612209057,10,POST get_empresa,200,OK,Benchmark - Operaciones Normales 1-2,text,true,,1456,255,6,6,http://localhost:3500/query/empresa_simulada,10,0,0
1783612209057,12,POST get_empresa,200,OK,Benchmark - Operaciones Normales 1-5,text,true,,1456,255,6,6,http://localhost:3500/query/empresa_simulada,12,0,0
1783612209060,10,POST get_bancos,200,OK,Benchmark - Operaciones Normales 1-6,text,true,,1344,254,6,6,http://localhost:3500/query/empresa_simulada,10,0,0
1783612209062,13,POST get_empresa,200,OK,Benchmark - Operaciones Normales 1-1,text,true,,1456,255,6,6,http://localhost:3500/query/empresa_simulada,13,0,0
1783612209071,7,POST get_monedas,200,OK,Benchmark - Operaciones Normales 1-6,text,true,,1572,255,6,6,http://localhost:3500/query/empresa_simulada,7,0,0
1783612209066,14,POST get_empresa,200,OK,Benchmark - Operaciones Normales 1-3,text,true,,1456,255,6,6,http://localhost:3500/query/empresa_simulada,14,0,0
1783612209067,16,POST get_cuentas_cobrar,200,OK,Benchmark - Operaciones Normales 1-2,text,true,,1981,311,6,6,http://localhost:3500/query/empresa_simulada,16,0,0
1783612209067,20,POST get_cuentas_cobrar,200,OK,Benchmark - Operaciones Normales 1-4,text,true,,1981,311,6,6,http://localhost:3500/query/empresa_simulada,20,0,0
1783612209070,22,POST get_cuentas_cobrar,200,OK,Benchmark - Operaciones Normales 1-5,text,true,,1981,311,6,6,http://localhost:3500/query/empresa_simulada,22,0,0
1783612209079,16,POST get_empresa,200,OK,Benchmark - Operaciones Normales 1-6,text,true,,1456,255,6,6,http://localhost:3500/query/empresa_simulada,16,0,0
1783612209080,18,POST get_cuentas_cobrar,200,OK,Benchmark - Operaciones Normales 1-3,text,true,,1981,311,6,6,http://localhost:3500/query/empresa_simulada,18,0,0
1783612209075,26,POST get_cuentas_cobrar,200,OK,Benchmark - Operaciones Normales 1-1,text,true,,1981,311,6,6,http://localhost:3500/query/empresa_simulada,26,0,0
1783612209083,19,POST get_bancos,200,OK,Benchmark - Operaciones Normales 1-2,text,true,,1344,254,6,6,http://localhost:3500/query/empresa_simulada,19,0,0
1783612209096,6,POST get_cuentas_cobrar,200,OK,Benchmark - Operaciones Normales 1-6,text,true,,1981,311,6,6,http://localhost:3500/query/empresa_simulada,6,0,0
1783612209087,17,POST get_bancos,200,OK,Benchmark - Operaciones Normales 1-4,text,true,,1344,254,6,6,http://localhost:3500/query/empresa_simulada,17,0,0
1783612209093,15,POST get_bancos,200,OK,Benchmark - Operaciones Normales 1-5,text,true,,1344,254,6,6,http://localhost:3500/query/empresa_simulada,15,0,0
1783612209103,7,POST get_bancos,200,OK,Benchmark - Operaciones Normales 1-6,text,true,,1344,254,6,6,http://localhost:3500/query/empresa_simulada,7,0,0
1783612209105,8,POST get_monedas,200,OK,Benchmark - Operaciones Normales 1-4,text,true,,1572,255,6,6,http://localhost:3500/query/empresa_simulada,7,0,0
1783612209098,16,POST get_bancos,200,OK,Benchmark - Operaciones Normales 1-3,text,true,,1344,254,6,6,http://localhost:3500/query/empresa_simulada,15,0,0
1783612209101,15,POST get_bancos,200,OK,Benchmark - Operaciones Normales 1-1,text,true,,1344,254,6,6,http://localhost:3500/query/empresa_simulada,15,0,0
1783612209102,14,POST get_monedas,200,OK,Benchmark - Operaciones Normales 1-2,text,true,,1572,255,6,6,http://localhost:3500/query/empresa_simulada,14,0,0
1783612209108,11,POST get_monedas,200,OK,Benchmark - Operaciones Normales 1-5,text,true,,1572,255,6,6,http://localhost:3500/query/empresa_simulada,11,0,0
1783612209111,8,POST get_monedas,200,OK,Benchmark - Operaciones Normales 1-6,text,true,,1572,255,6,6,http://localhost:3500/query/empresa_simulada,8,0,0
1783612209113,8,POST get_empresa,200,OK,Benchmark - Operaciones Normales 1-4,text,true,,1456,255,6,6,http://localhost:3500/query/empresa_simulada,8,0,0
1783612209114,11,POST get_monedas,200,OK,Benchmark - Operaciones Normales 1-3,text,true,,1572,255,6,6,http://localhost:3500/query/empresa_simulada,11,0,0
1783612209116,127,POST get_monedas,200,OK,Benchmark - Operaciones Normales 1-1,text,true,,1572,255,7,7,http://localhost:3500/query/empresa_simulada,127,0,0
1783612209116,127,POST get_empresa,200,OK,Benchmark - Operaciones Normales 1-2,text,true,,1456,255,7,7,http://localhost:3500/query/empresa_simulada,127,0,0
1783612209127,117,POST get_empresa,200,OK,Benchmark - Operaciones Normales 1-3,text,true,,1456,255,7,7,http://localhost:3500/query/empresa_simulada,117,0,0
1783612209122,122,POST get_cuentas_cobrar,200,OK,Benchmark - Operaciones Normales 1-4,text,true,,1981,311,7,7,http://localhost:3500/query/empresa_simulada,122,0,0
1783612209119,125,POST get_empresa,200,OK,Benchmark - Operaciones Normales 1-5,text,true,,1456,255,7,7,http://localhost:3500/query/empresa_simulada,125,0,0
1783612209119,125,POST get_empresa,200,OK,Benchmark - Operaciones Normales 1-6,text,true,,1456,255,7,7,http://localhost:3500/query/empresa_simulada,125,0,0
1783612209145,106,POST get_cuentas_cobrar,200,OK,Benchmark - Operaciones Normales 1-7,text,true,,1981,311,8,8,http://localhost:3500/query/empresa_simulada,106,0,2
1783612209244,7,POST get_empresa,200,OK,Benchmark - Operaciones Normales 1-1,text,true,,1456,255,8,8,http://localhost:3500/query/empresa_simulada,7,0,0
1783612209244,7,POST get_cuentas_cobrar,200,OK,Benchmark - Operaciones Normales 1-2,text,true,,1981,311,8,8,http://localhost:3500/query/empresa_simulada,7,0,0
1783612209244,7,POST get_bancos,200,OK,Benchmark - Operaciones Normales 1-4,text,true,,1344,254,8,8,http://localhost:3500/query/empresa_simulada,7,0,0
1783612209245,68,POST get_cuentas_cobrar,200,OK,Benchmark - Operaciones Normales 1-6,text,true,,1981,311,8,8,http://localhost:3500/query/empresa_simulada,68,0,0
1783612209245,68,POST get_cuentas_cobrar,200,OK,Benchmark - Operaciones Normales 1-3,text,true,,1981,311,8,8,http://localhost:3500/query/empresa_simulada,68,0,0
1783612209245,68,POST get_cuentas_cobrar,200,OK,Benchmark - Operaciones Normales 1-5,text,true,,1981,311,8,8,http://localhost:3500/query/empresa_simulada,68,0,0
1783612209313,46,POST get_bancos,200,OK,Benchmark - Operaciones Normales 1-6,text,true,,1344,254,9,9,http://localhost:3500/query/empresa_simulada,46,0,0
1783612209248,111,POST get_cuentas_cobrar,200,OK,Benchmark - Operaciones Normales 1-8,text,true,,1981,311,9,9,http://localhost:3500/query/empresa_simulada,110,0,4
1783612209252,108,POST get_monedas,200,OK,Benchmark - Operaciones Normales 1-4,text,true,,1572,255,9,9,http://localhost:3500/query/empresa_simulada,108,0,0
1783612209252,109,POST get_cuentas_cobrar,200,OK,Benchmark - Operaciones Normales 1-1,text,true,,1981,311,9,9,http://localhost:3500/query/empresa_simulada,109,0,0
1783612209252,110,POST get_bancos,200,OK,Benchmark - Operaciones Normales 1-2,text,true,,1344,254,9,9,http://localhost:3500/query/empresa_simulada,110,0,0
1783612209252,112,POST get_bancos,200,OK,Benchmark - Operaciones Normales 1-7,text,true,,1344,254,9,9,http://localhost:3500/query/empresa_simulada,112,0,0
1783612209313,51,POST get_bancos,200,OK,Benchmark - Operaciones Normales 1-3,text,true,,1344,254,9,9,http://localhost:3500/query/empresa_simulada,51,0,0
1783612209313,53,POST get_bancos,200,OK,Benchmark - Operaciones Normales 1-5,text,true,,1344,254,9,9,http://localhost:3500/query/empresa_simulada,53,0,0
1783612209344,25,POST get_cuentas_cobrar,200,OK,Benchmark - Operaciones Normales 1-9,text,true,,1981,311,9,9,http://localhost:3500/query/empresa_simulada,25,0,2
1783612209365,7,POST get_monedas,200,OK,Benchmark - Operaciones Normales 1-3,text,true,,1572,255,9,9,http://localhost:3500/query/empresa_simulada,7,0,0
1783612209367,7,POST get_monedas,200,OK,Benchmark - Operaciones Normales 1-5,text,true,,1572,255,9,9,http://localhost:3500/query/empresa_simulada,6,0,0
1783612209365,11,POST get_monedas,200,OK,Benchmark - Operaciones Normales 1-7,text,true,,1572,255,9,9,http://localhost:3500/query/empresa_simulada,10,0,0
1783612209361,17,POST get_empresa,200,OK,Benchmark - Operaciones Normales 1-4,text,true,,1456,255,9,9,http://localhost:3500/query/empresa_simulada,16,0,0
1783612209361,19,POST get_bancos,200,OK,Benchmark - Operaciones Normales 1-1,text,true,,1344,254,9,9,http://localhost:3500/query/empresa_simulada,19,0,0
1783612209363,17,POST get_monedas,200,OK,Benchmark - Operaciones Normales 1-2,text,true,,1572,255,9,9,http://localhost:3500/query/empresa_simulada,17,0,0
1783612209359,24,POST get_monedas,200,OK,Benchmark - Operaciones Normales 1-6,text,true,,1572,255,9,9,http://localhost:3500/query/empresa_simulada,24,0,0
1783612209374,9,POST get_empresa,200,OK,Benchmark - Operaciones Normales 1-5,text,true,,1456,255,9,9,http://localhost:3500/query/empresa_simulada,9,0,0
1783612209370,13,POST get_bancos,200,OK,Benchmark - Operaciones Normales 1-9,text,true,,1344,254,9,9,http://localhost:3500/query/empresa_simulada,13,0,0
1783612209359,24,POST get_bancos,200,OK,Benchmark - Operaciones Normales 1-8,text,true,,1344,254,9,9,http://localhost:3500/query/empresa_simulada,24,0,0
1783612209373,15,POST get_empresa,200,OK,Benchmark - Operaciones Normales 1-3,text,true,,1456,255,9,9,http://localhost:3500/query/empresa_simulada,14,0,0
1783612209376,14,POST get_empresa,200,OK,Benchmark - Operaciones Normales 1-7,text,true,,1456,255,9,9,http://localhost:3500/query/empresa_simulada,14,0,0
1783612209381,11,POST get_empresa,200,OK,Benchmark - Operaciones Normales 1-2,text,true,,1456,255,9,9,http://localhost:3500/query/empresa_simulada,11,0,0
1783612209381,13,POST get_monedas,200,OK,Benchmark - Operaciones Normales 1-1,text,true,,1572,255,9,9,http://localhost:3500/query/empresa_simulada,13,0,0
1783612209378,19,POST get_cuentas_cobrar,200,OK,Benchmark - Operaciones Normales 1-4,text,true,,1981,311,9,9,http://localhost:3500/query/empresa_simulada,19,0,0
1783612209384,17,POST get_monedas,200,OK,Benchmark - Operaciones Normales 1-9,text,true,,1572,255,9,9,http://localhost:3500/query/empresa_simulada,17,0,0
1783612209384,19,POST get_monedas,200,OK,Benchmark - Operaciones Normales 1-8,text,true,,1572,255,9,9,http://localhost:3500/query/empresa_simulada,18,0,0
1783612209384,24,POST get_cuentas_cobrar,200,OK,Benchmark - Operaciones Normales 1-5,text,true,,1981,311,9,9,http://localhost:3500/query/empresa_simulada,24,0,0
1783612209384,24,POST get_empresa,200,OK,Benchmark - Operaciones Normales 1-6,text,true,,1456,255,9,9,http://localhost:3500/query/empresa_simulada,24,0,0
1783612209395,17,POST get_empresa,200,OK,Benchmark - Operaciones Normales 1-1,text,true,,1456,255,9,9,http://localhost:3500/query/empresa_simulada,16,0,0
1783612209391,21,POST get_cuentas_cobrar,200,OK,Benchmark - Operaciones Normales 1-7,text,true,,1981,311,9,9,http://localhost:3500/query/empresa_simulada,21,0,0
1783612209388,26,POST get_cuentas_cobrar,200,OK,Benchmark - Operaciones Normales 1-3,text,true,,1981,311,9,9,http://localhost:3500/query/empresa_simulada,26,0,0
1783612209393,21,POST get_cuentas_cobrar,200,OK,Benchmark - Operaciones Normales 1-2,text,true,,1981,311,9,9,http://localhost:3500/query/empresa_simulada,21,0,0
1783612209398,16,POST get_bancos,200,OK,Benchmark - Operaciones Normales 1-4,text,true,,1344,254,9,9,http://localhost:3500/query/empresa_simulada,16,0,0
1783612209409,8,POST get_cuentas_cobrar,200,OK,Benchmark - Operaciones Normales 1-6,text,true,,1981,311,9,9,http://localhost:3500/query/empresa_simulada,8,0,0
1783612209402,15,POST get_empresa,200,OK,Benchmark - Operaciones Normales 1-9,text,true,,1456,255,9,9,http://localhost:3500/query/empresa_simulada,15,0,0
1783612209403,14,POST get_empresa,200,OK,Benchmark - Operaciones Normales 1-8,text,true,,1456,255,9,9,http://localhost:3500/query/empresa_simulada,14,0,0
1783612209415,5,POST get_monedas,200,OK,Benchmark - Operaciones Normales 1-4,text,true,,1572,255,9,9,http://localhost:3500/query/empresa_simulada,5,0,0
1783612209409,11,POST get_bancos,200,OK,Benchmark - Operaciones Normales 1-5,text,true,,1344,254,9,9,http://localhost:3500/query/empresa_simulada,11,0,0
1783612209414,6,POST get_bancos,200,OK,Benchmark - Operaciones Normales 1-2,text,true,,1344,254,9,9,http://localhost:3500/query/empresa_simulada,6,0,0
1783612209414,13,POST get_bancos,200,OK,Benchmark - Operaciones Normales 1-3,text,true,,1344,254,9,9,http://localhost:3500/query/empresa_simulada,13,0,0
1783612209421,16,POST get_empresa,200,OK,Benchmark - Operaciones Normales 1-4,text,true,,1456,255,9,9,http://localhost:3500/query/empresa_simulada,15,0,0
1783612209421,16,POST get_monedas,200,OK,Benchmark - Operaciones Normales 1-2,text,true,,1572,255,9,9,http://localhost:3500/query/empresa_simulada,15,0,0
1783612209412,29,POST get_cuentas_cobrar,200,OK,Benchmark - Operaciones Normales 1-1,text,true,,1981,311,9,9,http://localhost:3500/query/empresa_simulada,29,0,0
1783612209412,29,POST get_bancos,200,OK,Benchmark - Operaciones Normales 1-7,text,true,,1344,254,9,9,http://localhost:3500/query/empresa_simulada,29,0,0
1783612209421,26,POST get_monedas,200,OK,Benchmark - Operaciones Normales 1-5,text,true,,1572,255,10,10,http://localhost:3500/query/empresa_simulada,26,0,0
1783612209418,29,POST get_cuentas_cobrar,200,OK,Benchmark - Operaciones Normales 1-8,text,true,,1981,311,10,10,http://localhost:3500/query/empresa_simulada,29,0,0
1783612209418,29,POST get_bancos,200,OK,Benchmark - Operaciones Normales 1-6,text,true,,1344,254,10,10,http://localhost:3500/query/empresa_simulada,29,0,0
1783612209437,19,POST get_empresa,200,OK,Benchmark - Operaciones Normales 1-2,text,true,,1456,255,10,10,http://localhost:3500/query/empresa_simulada,19,0,0
1783612209418,38,POST get_cuentas_cobrar,200,OK,Benchmark - Operaciones Normales 1-9,text,true,,1981,311,10,10,http://localhost:3500/query/empresa_simulada,38,0,0
1783612209437,19,POST get_cuentas_cobrar,200,OK,Benchmark - Operaciones Normales 1-4,text,true,,1981,311,10,10,http://localhost:3500/query/empresa_simulada,19,0,0
1783612209442,14,POST get_bancos,200,OK,Benchmark - Operaciones Normales 1-1,text,true,,1344,254,10,10,http://localhost:3500/query/empresa_simulada,14,0,0
1783612209442,18,POST get_monedas,200,OK,Benchmark - Operaciones Normales 1-7,text,true,,1572,255,10,10,http://localhost:3500/query/empresa_simulada,18,0,0
1783612209427,33,POST get_monedas,200,OK,Benchmark - Operaciones Normales 1-3,text,true,,1572,255,10,10,http://localhost:3500/query/empresa_simulada,33,0,0
1783612209448,18,POST get_bancos,200,OK,Benchmark - Operaciones Normales 1-8,text,true,,1344,254,10,10,http://localhost:3500/query/empresa_simulada,18,0,0
1783612209448,26,POST get_empresa,200,OK,Benchmark - Operaciones Normales 1-5,text,true,,1456,255,10,10,http://localhost:3500/query/empresa_simulada,26,0,0
1783612209448,27,POST get_monedas,200,OK,Benchmark - Operaciones Normales 1-6,text,true,,1572,255,10,10,http://localhost:3500/query/empresa_simulada,27,0,0
1783612209456,21,POST get_bancos,200,OK,Benchmark - Operaciones Normales 1-9,text,true,,1344,254,10,10,http://localhost:3500/query/empresa_simulada,21,0,0
1783612209456,21,POST get_cuentas_cobrar,200,OK,Benchmark - Operaciones Normales 1-2,text,true,,1981,311,10,10,http://localhost:3500/query/empresa_simulada,21,0,0
1783612209456,28,POST get_monedas,200,OK,Benchmark - Operaciones Normales 1-1,text,true,,1572,255,10,10,http://localhost:3500/query/empresa_simulada,28,0,0
1783612209456,31,POST get_bancos,200,OK,Benchmark - Operaciones Normales 1-4,text,true,,1344,254,10,10,http://localhost:3500/query/empresa_simulada,31,0,0
1783612209460,27,POST get_empresa,200,OK,Benchmark - Operaciones Normales 1-3,text,true,,1456,255,10,10,http://localhost:3500/query/empresa_simulada,27,0,0
1783612209460,31,POST get_empresa,200,OK,Benchmark - Operaciones Normales 1-7,text,true,,1456,255,10,10,http://localhost:3500/query/empresa_simulada,31,0,0
1783612209446,46,POST get_cuentas_cobrar,200,OK,Benchmark - Operaciones Normales 1-10,text,true,,1981,311,10,10,http://localhost:3500/query/empresa_simulada,46,0,2
1783612209478,16,POST get_monedas,200,OK,Benchmark - Operaciones Normales 1-9,text,true,,1572,255,10,10,http://localhost:3500/query/empresa_simulada,15,0,0
1783612209478,19,POST get_bancos,200,OK,Benchmark - Operaciones Normales 1-2,text,true,,1344,254,10,10,http://localhost:3500/query/empresa_simulada,19,0,0
1783612209485,14,POST get_empresa,200,OK,Benchmark - Operaciones Normales 1-1,text,true,,1456,255,10,10,http://localhost:3500/query/empresa_simulada,14,0,0
1783612209467,36,POST get_monedas,200,OK,Benchmark - Operaciones Normales 1-8,text,true,,1572,255,10,10,http://localhost:3500/query/empresa_simulada,36,0,0
1783612209475,30,POST get_empresa,200,OK,Benchmark - Operaciones Normales 1-6,text,true,,1456,255,10,10,http://localhost:3500/query/empresa_simulada,30,0,0
1783612209475,33,POST get_cuentas_cobrar,200,OK,Benchmark - Operaciones Normales 1-5,text,true,,1981,311,10,10,http://localhost:3500/query/empresa_simulada,33,0,0
1783612209494,16,POST get_empresa,200,OK,Benchmark - Operaciones Normales 1-9,text,true,,1456,255,10,10,http://localhost:3500/query/empresa_simulada,16,0,0
1783612209500,120,POST get_cuentas_cobrar,200,OK,Benchmark - Operaciones Normales 1-1,text,true,,1981,311,11,11,http://localhost:3500/query/empresa_simulada,120,0,0
1783612209492,128,POST get_bancos,200,OK,Benchmark - Operaciones Normales 1-10,text,true,,1344,254,11,11,http://localhost:3500/query/empresa_simulada,128,0,0
1783612209488,132,POST get_cuentas_cobrar,200,OK,Benchmark - Operaciones Normales 1-3,text,true,,1981,311,11,11,http://localhost:3500/query/empresa_simulada,132,0,0
1783612209497,123,POST get_monedas,200,OK,Benchmark - Operaciones Normales 1-2,text,true,,1572,255,11,11,http://localhost:3500/query/empresa_simulada,123,0,0
1783612209506,114,POST get_cuentas_cobrar,200,OK,Benchmark - Operaciones Normales 1-6,text,true,,1981,311,11,11,http://localhost:3500/query/empresa_simulada,114,0,0
1783612209509,111,POST get_bancos,200,OK,Benchmark - Operaciones Normales 1-5,text,true,,1344,254,11,11,http://localhost:3500/query/empresa_simulada,111,0,0
1783612209491,130,POST get_cuentas_cobrar,200,OK,Benchmark - Operaciones Normales 1-7,text,true,,1981,311,11,11,http://localhost:3500/query/empresa_simulada,130,0,0
1783612209503,117,POST get_empresa,200,OK,Benchmark - Operaciones Normales 1-8,text,true,,1456,255,11,11,http://localhost:3500/query/empresa_simulada,117,0,0
1783612209488,133,POST get_monedas,200,OK,Benchmark - Operaciones Normales 1-4,text,true,,1572,255,11,11,http://localhost:3500/query/empresa_simulada,133,0,0
1783612209510,110,POST get_cuentas_cobrar,200,OK,Benchmark - Operaciones Normales 1-9,text,true,,1981,311,11,11,http://localhost:3500/query/empresa_simulada,110,0,0
1783612209621,126,POST get_monedas,200,OK,Benchmark - Operaciones Normales 1-5,text,true,,1572,255,12,12,http://localhost:3500/query/empresa_simulada,126,0,0
1783612209621,126,POST get_bancos,200,OK,Benchmark - Operaciones Normales 1-9,text,true,,1344,254,12,12,http://localhost:3500/query/empresa_simulada,126,0,0
1783612209620,129,POST get_bancos,200,OK,Benchmark - Operaciones Normales 1-3,text,true,,1344,254,12,12,http://localhost:3500/query/empresa_simulada,129,0,0
1783612209621,128,POST get_empresa,200,OK,Benchmark - Operaciones Normales 1-4,text,true,,1456,255,12,12,http://localhost:3500/query/empresa_simulada,128,0,0
1783612209546,203,POST get_cuentas_cobrar,200,OK,Benchmark - Operaciones Normales 1-11,text,true,,1981,311,12,12,http://localhost:3500/query/empresa_simulada,203,0,2
1783612209646,103,POST get_cuentas_cobrar,200,OK,Benchmark - Operaciones Normales 1-12,text,true,,1981,311,12,12,http://localhost:3500/query/empresa_simulada,103,0,1
1783612209621,128,POST get_bancos,200,OK,Benchmark - Operaciones Normales 1-7,text,true,,1344,254,12,12,http://localhost:3500/query/empresa_simulada,128,0,0
1783612209620,129,POST get_monedas,200,OK,Benchmark - Operaciones Normales 1-10,text,true,,1572,255,12,12,http://localhost:3500/query/empresa_simulada,129,0,0
1783612209621,128,POST get_cuentas_cobrar,200,OK,Benchmark - Operaciones Normales 1-8,text,true,,1981,311,12,12,http://localhost:3500/query/empresa_simulada,128,0,0
1783612209620,129,POST get_bancos,200,OK,Benchmark - Operaciones Normales 1-1,text,true,,1344,254,12,12,http://localhost:3500/query/empresa_simulada,129,0,0
1783612209621,128,POST get_bancos,200,OK,Benchmark - Operaciones Normales 1-6,text,true,,1344,254,12,12,http://localhost:3500/query/empresa_simulada,128,0,0
1783612209621,128,POST get_empresa,200,OK,Benchmark - Operaciones Normales 1-2,text,true,,1456,255,12,12,http://localhost:3500/query/empresa_simulada,128,0,0
1783612209748,18,POST get_empresa,200,OK,Benchmark - Operaciones Normales 1-5,text,true,,1456,255,12,12,http://localhost:3500/query/empresa_simulada,18,0,0
1783612209748,52,POST get_monedas,200,OK,Benchmark - Operaciones Normales 1-9,text,true,,1572,255,13,13,http://localhost:3500/query/empresa_simulada,52,0,0
1783612209767,43,POST get_cuentas_cobrar,200,OK,Benchmark - Operaciones Normales 1-5,text,true,,1981,311,13,13,http://localhost:3500/query/empresa_simulada,43,0,0
1783612209751,61,POST get_monedas,200,OK,Benchmark - Operaciones Normales 1-1,text,true,,1572,255,13,13,http://localhost:3500/query/empresa_simulada,61,0,0
1783612209749,63,POST get_monedas,200,OK,Benchmark - Operaciones Normales 1-3,text,true,,1572,255,13,13,http://localhost:3500/query/empresa_simulada,63,0,0
1783612209751,68,POST get_monedas,200,OK,Benchmark - Operaciones Normales 1-6,text,true,,1572,255,13,13,http://localhost:3500/query/empresa_simulada,68,0,0
1783612209750,69,POST get_bancos,200,OK,Benchmark - Operaciones Normales 1-11,text,true,,1344,254,13,13,http://localhost:3500/query/empresa_simulada,69,0,0
1783612209750,69,POST get_monedas,200,OK,Benchmark - Operaciones Normales 1-7,text,true,,1572,255,13,13,http://localhost:3500/query/empresa_simulada,69,0,0
1783612209751,69,POST get_empresa,200,OK,Benchmark - Operaciones Normales 1-10,text,true,,1456,255,13,13,http://localhost:3500/query/empresa_simulada,69,0,0
1783612209751,73,POST get_cuentas_cobrar,200,OK,Benchmark - Operaciones Normales 1-2,text,true,,1981,311,13,13,http://localhost:3500/query/empresa_simulada,73,0,0
1783612209801,28,POST get_empresa,200,OK,Benchmark - Operaciones Normales 1-9,text,true,,1456,255,13,13,http://localhost:3500/query/empresa_simulada,28,0,0
1783612209751,79,POST get_bancos,200,OK,Benchmark - Operaciones Normales 1-8,text,true,,1344,254,13,13,http://localhost:3500/query/empresa_simulada,79,0,0
1783612209811,32,POST get_bancos,200,OK,Benchmark - Operaciones Normales 1-5,text,true,,1344,254,13,13,http://localhost:3500/query/empresa_simulada,32,0,0
1783612209820,33,POST get_empresa,200,OK,Benchmark - Operaciones Normales 1-6,text,true,,1456,255,14,14,http://localhost:3500/query/empresa_simulada,33,0,0
1783612209820,33,POST get_monedas,200,OK,Benchmark - Operaciones Normales 1-11,text,true,,1572,255,14,14,http://localhost:3500/query/empresa_simulada,33,0,0
1783612209820,33,POST get_empresa,200,OK,Benchmark - Operaciones Normales 1-7,text,true,,1456,255,14,14,http://localhost:3500/query/empresa_simulada,33,0,0
1783612209813,40,POST get_empresa,200,OK,Benchmark - Operaciones Normales 1-3,text,true,,1456,255,14,14,http://localhost:3500/query/empresa_simulada,40,0,0
1783612209813,40,POST get_empresa,200,OK,Benchmark - Operaciones Normales 1-1,text,true,,1456,255,14,14,http://localhost:3500/query/empresa_simulada,40,0,0
1783612209820,43,POST get_cuentas_cobrar,200,OK,Benchmark - Operaciones Normales 1-10,text,true,,1981,311,14,14,http://localhost:3500/query/empresa_simulada,43,0,0
1783612209825,40,POST get_bancos,200,OK,Benchmark - Operaciones Normales 1-2,text,true,,1344,254,14,14,http://localhost:3500/query/empresa_simulada,39,0,0
1783612209749,116,POST get_cuentas_cobrar,200,OK,Benchmark - Operaciones Normales 1-4,text,true,,1981,311,14,14,http://localhost:3500/query/empresa_simulada,116,0,0
1783612209844,27,POST get_monedas,200,OK,Benchmark - Operaciones Normales 1-5,text,true,,1572,255,14,14,http://localhost:3500/query/empresa_simulada,27,0,0
1783612209749,122,POST get_bancos,200,OK,Benchmark - Operaciones Normales 1-12,text,true,,1344,254,14,14,http://localhost:3500/query/empresa_simulada,122,0,0
1783612209854,18,POST get_cuentas_cobrar,200,OK,Benchmark - Operaciones Normales 1-1,text,true,,1981,311,14,14,http://localhost:3500/query/empresa_simulada,18,0,0
1783612209854,18,POST get_cuentas_cobrar,200,OK,Benchmark - Operaciones Normales 1-3,text,true,,1981,311,14,14,http://localhost:3500/query/empresa_simulada,18,0,0
1783612209854,21,POST get_cuentas_cobrar,200,OK,Benchmark - Operaciones Normales 1-6,text,true,,1981,311,14,14,http://localhost:3500/query/empresa_simulada,21,0,0
1783612209854,21,POST get_cuentas_cobrar,200,OK,Benchmark - Operaciones Normales 1-7,text,true,,1981,311,14,14,http://localhost:3500/query/empresa_simulada,21,0,0
1783612209854,25,POST get_empresa,200,OK,Benchmark - Operaciones Normales 1-11,text,true,,1456,255,14,14,http://localhost:3500/query/empresa_simulada,25,0,0
1783612209830,58,POST get_monedas,200,OK,Benchmark - Operaciones Normales 1-8,text,true,,1572,255,14,14,http://localhost:3500/query/empresa_simulada,57,0,0
1783612209830,61,POST get_cuentas_cobrar,200,OK,Benchmark - Operaciones Normales 1-9,text,true,,1981,311,14,14,http://localhost:3500/query/empresa_simulada,61,0,0
1783612209852,39,POST get_cuentas_cobrar,200,OK,Benchmark - Operaciones Normales 1-14,text,true,,1981,311,14,14,http://localhost:3500/query/empresa_simulada,39,0,2
1783612209785,106,POST get_cuentas_cobrar,200,OK,Benchmark - Operaciones Normales 1-13,text,true,,1981,311,14,14,http://localhost:3500/query/empresa_simulada,106,0,1
1783612209871,22,POST get_empresa,200,OK,Benchmark - Operaciones Normales 1-5,text,true,,1456,255,14,14,http://localhost:3500/query/empresa_simulada,22,0,0
1783612209872,22,POST get_bancos,200,OK,Benchmark - Operaciones Normales 1-1,text,true,,1344,254,14,14,http://localhost:3500/query/empresa_simulada,22,0,0
1783612209873,28,POST get_bancos,200,OK,Benchmark - Operaciones Normales 1-3,text,true,,1344,254,14,14,http://localhost:3500/query/empresa_simulada,28,0,0
1783612209875,28,POST get_bancos,200,OK,Benchmark - Operaciones Normales 1-6,text,true,,1344,254,14,14,http://localhost:3500/query/empresa_simulada,28,0,0
1783612209876,30,POST get_bancos,200,OK,Benchmark - Operaciones Normales 1-7,text,true,,1344,254,14,14,http://localhost:3500/query/empresa_simulada,30,0,0
1783612209880,29,POST get_cuentas_cobrar,200,OK,Benchmark - Operaciones Normales 1-11,text,true,,1981,311,14,14,http://localhost:3500/query/empresa_simulada,29,0,0
1783612209865,44,POST get_bancos,200,OK,Benchmark - Operaciones Normales 1-4,text,true,,1344,254,14,14,http://localhost:3500/query/empresa_simulada,44,0,0
1783612209864,45,POST get_bancos,200,OK,Benchmark - Operaciones Normales 1-10,text,true,,1344,254,14,14,http://localhost:3500/query/empresa_simulada,45,0,0
1783612209865,48,POST get_monedas,200,OK,Benchmark - Operaciones Normales 1-2,text,true,,1572,255,14,14,http://localhost:3500/query/empresa_simulada,48,0,0
1783612209871,46,POST get_monedas,200,OK,Benchmark - Operaciones Normales 1-12,text,true,,1572,255,14,14,http://localhost:3500/query/empresa_simulada,46,0,0
1783612209893,28,POST get_cuentas_cobrar,200,OK,Benchmark - Operaciones Normales 1-5,text,true,,1981,311,14,14,http://localhost:3500/query/empresa_simulada,28,0,0
1783612209895,27,POST get_monedas,200,OK,Benchmark - Operaciones Normales 1-1,text,true,,1572,255,14,14,http://localhost:3500/query/empresa_simulada,27,0,0
1783612209902,22,POST get_monedas,200,OK,Benchmark - Operaciones Normales 1-3,text,true,,1572,255,14,14,http://localhost:3500/query/empresa_simulada,22,0,0
1783612209904,22,POST get_monedas,200,OK,Benchmark - Operaciones Normales 1-6,text,true,,1572,255,14,14,http://localhost:3500/query/empresa_simulada,22,0,0
1783612209907,21,POST get_monedas,200,OK,Benchmark - Operaciones Normales 1-7,text,true,,1572,255,14,14,http://localhost:3500/query/empresa_simulada,21,0,0
1783612209909,24,POST get_bancos,200,OK,Benchmark - Operaciones Normales 1-11,text,true,,1344,254,14,14,http://localhost:3500/query/empresa_simulada,24,0,0
1783612209909,31,POST get_monedas,200,OK,Benchmark - Operaciones Normales 1-10,text,true,,1572,255,14,14,http://localhost:3500/query/empresa_simulada,31,0,0
1783612209909,31,POST get_monedas,200,OK,Benchmark - Operaciones Normales 1-4,text,true,,1572,255,14,14,http://localhost:3500/query/empresa_simulada,31,0,0
1783612209913,29,POST get_empresa,200,OK,Benchmark - Operaciones Normales 1-2,text,true,,1456,255,14,14,http://localhost:3500/query/empresa_simulada,28,0,0
1783612209892,223,POST get_bancos,200,OK,Benchmark - Operaciones Normales 1-14,text,true,,1344,254,16,16,http://localhost:3500/query/empresa_simulada,223,0,0
1783612209888,227,POST get_empresa,200,OK,Benchmark - Operaciones Normales 1-8,text,true,,1456,255,16,16,http://localhost:3500/query/empresa_simulada,227,0,0
1783612209892,226,POST get_bancos,200,OK,Benchmark - Operaciones Normales 1-9,text,true,,1344,254,16,16,http://localhost:3500/query/empresa_simulada,226,0,0
1783612209892,226,POST get_bancos,200,OK,Benchmark - Operaciones Normales 1-13,text,true,,1344,254,16,16,http://localhost:3500/query/empresa_simulada,226,0,0
1783612209922,196,POST get_bancos,200,OK,Benchmark - Operaciones Normales 1-5,text,true,,1344,254,16,16,http://localhost:3500/query/empresa_simulada,196,0,0
1783612209923,195,POST get_empresa,200,OK,Benchmark - Operaciones Normales 1-1,text,true,,1456,255,16,16,http://localhost:3500/query/empresa_simulada,195,0,0
1783612209929,201,POST get_empresa,200,OK,Benchmark - Operaciones Normales 1-7,text,true,,1456,255,16,16,http://localhost:3500/query/empresa_simulada,201,0,0
1783612209925,205,POST get_empresa,200,OK,Benchmark - Operaciones Normales 1-3,text,true,,1456,255,16,16,http://localhost:3500/query/empresa_simulada,205,0,0
1783612209927,203,POST get_empresa,200,OK,Benchmark - Operaciones Normales 1-6,text,true,,1456,255,16,16,http://localhost:3500/query/empresa_simulada,203,0,0
1783612209940,192,POST get_empresa,200,OK,Benchmark - Operaciones Normales 1-10,text,true,,1456,255,16,16,http://localhost:3500/query/empresa_simulada,192,0,0
1783612209933,199,POST get_monedas,200,OK,Benchmark - Operaciones Normales 1-11,text,true,,1572,255,16,16,http://localhost:3500/query/empresa_simulada,199,0,0
1783612209940,197,POST get_empresa,200,OK,Benchmark - Operaciones Normales 1-4,text,true,,1456,255,16,16,http://localhost:3500/query/empresa_simulada,197,0,0
1783612209917,220,POST get_empresa,200,OK,Benchmark - Operaciones Normales 1-12,text,true,,1456,255,16,16,http://localhost:3500/query/empresa_simulada,220,0,0
1783612209942,215,POST get_cuentas_cobrar,200,OK,Benchmark - Operaciones Normales 1-2,text,true,,1981,311,17,17,http://localhost:3500/query/empresa_simulada,215,0,0
1783612210118,40,POST get_monedas,200,OK,Benchmark - Operaciones Normales 1-13,text,true,,1572,255,17,17,http://localhost:3500/query/empresa_simulada,40,0,0
1783612210116,42,POST get_monedas,200,OK,Benchmark - Operaciones Normales 1-14,text,true,,1572,255,17,17,http://localhost:3500/query/empresa_simulada,42,0,0
1783612210116,42,POST get_cuentas_cobrar,200,OK,Benchmark - Operaciones Normales 1-8,text,true,,1981,311,17,17,http://localhost:3500/query/empresa_simulada,42,0,0
1783612210118,40,POST get_monedas,200,OK,Benchmark - Operaciones Normales 1-5,text,true,,1572,255,17,17,http://localhost:3500/query/empresa_simulada,40,0,0
1783612210119,40,POST get_cuentas_cobrar,200,OK,Benchmark - Operaciones Normales 1-1,text,true,,1981,311,17,17,http://localhost:3500/query/empresa_simulada,40,0,0
1783612210131,28,POST get_cuentas_cobrar,200,OK,Benchmark - Operaciones Normales 1-7,text,true,,1981,311,17,17,http://localhost:3500/query/empresa_simulada,28,0,0
1783612210118,41,POST get_monedas,200,OK,Benchmark - Operaciones Normales 1-9,text,true,,1572,255,17,17,http://localhost:3500/query/empresa_simulada,41,0,0
1783612210133,27,POST get_cuentas_cobrar,200,OK,Benchmark - Operaciones Normales 1-10,text,true,,1981,311,17,17,http://localhost:3500/query/empresa_simulada,27,0,0
1783612210133,27,POST get_empresa,200,OK,Benchmark - Operaciones Normales 1-11,text,true,,1456,255,17,17,http://localhost:3500/query/empresa_simulada,27,0,0
1783612210131,31,POST get_cuentas_cobrar,200,OK,Benchmark - Operaciones Normales 1-3,text,true,,1981,311,17,17,http://localhost:3500/query/empresa_simulada,31,0,0
1783612210131,31,POST get_cuentas_cobrar,200,OK,Benchmark - Operaciones Normales 1-6,text,true,,1981,311,17,17,http://localhost:3500/query/empresa_simulada,31,0,0
1783612210138,29,POST get_cuentas_cobrar,200,OK,Benchmark - Operaciones Normales 1-4,text,true,,1981,311,17,17,http://localhost:3500/query/empresa_simulada,29,0,0
1783612210138,29,POST get_cuentas_cobrar,200,OK,Benchmark - Operaciones Normales 1-12,text,true,,1981,311,17,17,http://localhost:3500/query/empresa_simulada,29,0,0
1783612210057,110,POST get_cuentas_cobrar,200,OK,Benchmark - Operaciones Normales 1-16,text,true,,1981,311,17,17,http://localhost:3500/query/empresa_simulada,110,0,2
1783612209945,222,POST get_cuentas_cobrar,200,OK,Benchmark - Operaciones Normales 1-15,text,true,,1981,311,17,17,http://localhost:3500/query/empresa_simulada,222,0,2
1783612210159,15,POST get_empresa,200,OK,Benchmark - Operaciones Normales 1-9,text,true,,1456,255,17,17,http://localhost:3500/query/empresa_simulada,15,0,0
1783612210161,13,POST get_bancos,200,OK,Benchmark - Operaciones Normales 1-10,text,true,,1344,254,17,17,http://localhost:3500/query/empresa_simulada,13,0,0
1783612210159,17,POST get_bancos,200,OK,Benchmark - Operaciones Normales 1-7,text,true,,1344,254,17,17,http://localhost:3500/query/empresa_simulada,17,0,0
1783612210159,17,POST get_bancos,200,OK,Benchmark - Operaciones Normales 1-1,text,true,,1344,254,17,17,http://localhost:3500/query/empresa_simulada,17,0,0
1783612210158,20,POST get_bancos,200,OK,Benchmark - Operaciones Normales 1-8,text,true,,1344,254,17,17,http://localhost:3500/query/empresa_simulada,20,0,0
1783612210158,20,POST get_empresa,200,OK,Benchmark - Operaciones Normales 1-14,text,true,,1456,255,17,17,http://localhost:3500/query/empresa_simulada,20,0,0
1783612210158,20,POST get_empresa,200,OK,Benchmark - Operaciones Normales 1-13,text,true,,1456,255,17,17,http://localhost:3500/query/empresa_simulada,20,0,0
1783612210158,20,POST get_empresa,200,OK,Benchmark - Operaciones Normales 1-5,text,true,,1456,255,17,17,http://localhost:3500/query/empresa_simulada,20,0,0
1783612210161,26,POST get_cuentas_cobrar,200,OK,Benchmark - Operaciones Normales 1-11,text,true,,1981,311,17,17,http://localhost:3500/query/empresa_simulada,26,0,0
1783612210175,12,POST get_monedas,200,OK,Benchmark - Operaciones Normales 1-10,text,true,,1572,255,17,17,http://localhost:3500/query/empresa_simulada,12,0,0
1783612210157,30,POST get_bancos,200,OK,Benchmark - Operaciones Normales 1-2,text,true,,1344,254,17,17,http://localhost:3500/query/empresa_simulada,30,0,0
1783612210167,23,POST get_bancos,200,OK,Benchmark - Operaciones Normales 1-4,text,true,,1344,254,17,17,http://localhost:3500/query/empresa_simulada,23,0,0
1783612210175,15,POST get_cuentas_cobrar,200,OK,Benchmark - Operaciones Normales 1-9,text,true,,1981,311,17,17,http://localhost:3500/query/empresa_simulada,15,0,0
1783612210167,25,POST get_bancos,200,OK,Benchmark - Operaciones Normales 1-16,text,true,,1344,254,17,17,http://localhost:3500/query/empresa_simulada,25,0,0
1783612210167,27,POST get_bancos,200,OK,Benchmark - Operaciones Normales 1-15,text,true,,1344,254,17,17,http://localhost:3500/query/empresa_simulada,27,0,0
1783612210162,32,POST get_bancos,200,OK,Benchmark - Operaciones Normales 1-6,text,true,,1344,254,17,17,http://localhost:3500/query/empresa_simulada,32,0,0
1783612210167,29,POST get_bancos,200,OK,Benchmark - Operaciones Normales 1-12,text,true,,1344,254,17,17,http://localhost:3500/query/empresa_simulada,29,0,0
1783612210162,36,POST get_bancos,200,OK,Benchmark - Operaciones Normales 1-3,text,true,,1344,254,17,17,http://localhost:3500/query/empresa_simulada,36,0,0
1783612210191,8,POST get_bancos,200,OK,Benchmark - Operaciones Normales 1-9,text,true,,1344,254,17,17,http://localhost:3500/query/empresa_simulada,8,0,0
1783612210188,11,POST get_empresa,200,OK,Benchmark - Operaciones Normales 1-10,text,true,,1456,255,17,17,http://localhost:3500/query/empresa_simulada,11,0,0
1783612210191,10,POST get_monedas,200,OK,Benchmark - Operaciones Normales 1-4,text,true,,1572,255,17,17,http://localhost:3500/query/empresa_simulada,10,0,0
1783612210176,25,POST get_monedas,200,OK,Benchmark - Operaciones Normales 1-7,text,true,,1572,255,17,17,http://localhost:3500/query/empresa_simulada,25,0,0
1783612210178,26,POST get_cuentas_cobrar,200,OK,Benchmark - Operaciones Normales 1-14,text,true,,1981,311,17,17,http://localhost:3500/query/empresa_simulada,26,0,0
1783612210178,26,POST get_cuentas_cobrar,200,OK,Benchmark - Operaciones Normales 1-13,text,true,,1981,311,17,17,http://localhost:3500/query/empresa_simulada,26,0,0
1783612210178,29,POST get_monedas,200,OK,Benchmark - Operaciones Normales 1-8,text,true,,1572,255,17,17,http://localhost:3500/query/empresa_simulada,29,0,0
1783612210176,31,POST get_monedas,200,OK,Benchmark - Operaciones Normales 1-1,text,true,,1572,255,17,17,http://localhost:3500/query/empresa_simulada,31,0,0
1783612210179,30,POST get_cuentas_cobrar,200,OK,Benchmark - Operaciones Normales 1-5,text,true,,1981,311,17,17,http://localhost:3500/query/empresa_simulada,30,0,0
1783612210188,25,POST get_monedas,200,OK,Benchmark - Operaciones Normales 1-2,text,true,,1572,255,17,17,http://localhost:3500/query/empresa_simulada,25,0,0
1783612210188,27,POST get_bancos,200,OK,Benchmark - Operaciones Normales 1-11,text,true,,1344,254,17,17,http://localhost:3500/query/empresa_simulada,27,0,0
1783612210143,75,POST get_cuentas_cobrar,200,OK,Benchmark - Operaciones Normales 1-17,text,true,,1981,311,17,17,http://localhost:3500/query/empresa_simulada,75,0,2
1783612210199,21,POST get_monedas,200,OK,Benchmark - Operaciones Normales 1-9,text,true,,1572,255,17,17,http://localhost:3500/query/empresa_simulada,21,0,0
1783612210199,22,POST get_cuentas_cobrar,200,OK,Benchmark - Operaciones Normales 1-10,text,true,,1981,311,17,17,http://localhost:3500/query/empresa_simulada,22,0,0
1783612210202,20,POST get_empresa,200,OK,Benchmark - Operaciones Normales 1-4,text,true,,1456,255,17,17,http://localhost:3500/query/empresa_simulada,20,0,0
1783612210202,22,POST get_empresa,200,OK,Benchmark - Operaciones Normales 1-7,text,true,,1456,255,17,17,http://localhost:3500/query/empresa_simulada,22,0,0
1783612210204,21,POST get_bancos,200,OK,Benchmark - Operaciones Normales 1-13,text,true,,1344,254,17,17,http://localhost:3500/query/empresa_simulada,21,0,0
1783612210204,22,POST get_bancos,200,OK,Benchmark - Operaciones Normales 1-14,text,true,,1344,254,17,17,http://localhost:3500/query/empresa_simulada,22,0,0
1783612210208,20,POST get_empresa,200,OK,Benchmark - Operaciones Normales 1-8,text,true,,1456,255,17,17,http://localhost:3500/query/empresa_simulada,20,0,0
1783612210208,22,POST get_empresa,200,OK,Benchmark - Operaciones Normales 1-1,text,true,,1456,255,17,17,http://localhost:3500/query/empresa_simulada,22,0,0
1783612210210,22,POST get_bancos,200,OK,Benchmark - Operaciones Normales 1-5,text,true,,1344,254,17,17,http://localhost:3500/query/empresa_simulada,22,0,0
1783612210214,20,POST get_empresa,200,OK,Benchmark - Operaciones Normales 1-2,text,true,,1456,255,17,17,http://localhost:3500/query/empresa_simulada,20,0,0
1783612210216,20,POST get_monedas,200,OK,Benchmark - Operaciones Normales 1-11,text,true,,1572,255,17,17,http://localhost:3500/query/empresa_simulada,20,0,0
1783612210194,43,POST get_monedas,200,OK,Benchmark - Operaciones Normales 1-15,text,true,,1572,255,17,17,http://localhost:3500/query/empresa_simulada,43,0,0
1783612210194,44,POST get_monedas,200,OK,Benchmark - Operaciones Normales 1-6,text,true,,1572,255,17,17,http://localhost:3500/query/empresa_simulada,44,0,0
1783612210193,46,POST get_monedas,200,OK,Benchmark - Operaciones Normales 1-16,text,true,,1572,255,17,17,http://localhost:3500/query/empresa_simulada,46,0,0
1783612210197,44,POST get_monedas,200,OK,Benchmark - Operaciones Normales 1-12,text,true,,1572,255,17,17,http://localhost:3500/query/empresa_simulada,44,0,0
1783612210198,44,POST get_monedas,200,OK,Benchmark - Operaciones Normales 1-3,text,true,,1572,255,17,17,http://localhost:3500/query/empresa_simulada,44,0,0
1783612210220,24,POST get_empresa,200,OK,Benchmark - Operaciones Normales 1-9,text,true,,1456,255,18,18,http://localhost:3500/query/empresa_simulada,24,0,0
1783612210221,24,POST get_bancos,200,OK,Benchmark - Operaciones Normales 1-10,text,true,,1344,254,18,18,http://localhost:3500/query/empresa_simulada,24,0,0
1783612210223,24,POST get_cuentas_cobrar,200,OK,Benchmark - Operaciones Normales 1-4,text,true,,1981,311,18,18,http://localhost:3500/query/empresa_simulada,24,0,0
1783612210225,23,POST get_cuentas_cobrar,200,OK,Benchmark - Operaciones Normales 1-7,text,true,,1981,311,18,18,http://localhost:3500/query/empresa_simulada,23,0,0
1783612210225,27,POST get_monedas,200,OK,Benchmark - Operaciones Normales 1-13,text,true,,1572,255,18,18,http://localhost:3500/query/empresa_simulada,27,0,0
1783612210227,27,POST get_monedas,200,OK,Benchmark - Operaciones Normales 1-14,text,true,,1572,255,18,18,http://localhost:3500/query/empresa_simulada,27,0,0
1783612210229,28,POST get_cuentas_cobrar,200,OK,Benchmark - Operaciones Normales 1-8,text,true,,1981,311,18,18,http://localhost:3500/query/empresa_simulada,28,0,0
1783612210230,28,POST get_cuentas_cobrar,200,OK,Benchmark - Operaciones Normales 1-1,text,true,,1981,311,18,18,http://localhost:3500/query/empresa_simulada,28,0,0
1783612210233,26,POST get_monedas,200,OK,Benchmark - Operaciones Normales 1-5,text,true,,1572,255,18,18,http://localhost:3500/query/empresa_simulada,26,0,0
1783612210234,26,POST get_cuentas_cobrar,200,OK,Benchmark - Operaciones Normales 1-2,text,true,,1981,311,18,18,http://localhost:3500/query/empresa_simulada,26,0,0
1783612210236,25,POST get_empresa,200,OK,Benchmark - Operaciones Normales 1-11,text,true,,1456,255,18,18,http://localhost:3500/query/empresa_simulada,25,0,0
1783612210238,25,POST get_empresa,200,OK,Benchmark - Operaciones Normales 1-15,text,true,,1456,255,18,18,http://localhost:3500/query/empresa_simulada,25,0,0
1783612210239,25,POST get_empresa,200,OK,Benchmark - Operaciones Normales 1-6,text,true,,1456,255,18,18,http://localhost:3500/query/empresa_simulada,25,0,0
1783612210240,26,POST get_empresa,200,OK,Benchmark - Operaciones Normales 1-16,text,true,,1456,255,18,18,http://localhost:3500/query/empresa_simulada,26,0,0
1783612210219,49,POST get_bancos,200,OK,Benchmark - Operaciones Normales 1-17,text,true,,1344,254,18,18,http://localhost:3500/query/empresa_simulada,49,0,0
1783612210244,25,POST get_cuentas_cobrar,200,OK,Benchmark - Operaciones Normales 1-9,text,true,,1981,311,18,18,http://localhost:3500/query/empresa_simulada,25,0,0
1783612210245,25,POST get_monedas,200,OK,Benchmark - Operaciones Normales 1-10,text,true,,1572,255,18,18,http://localhost:3500/query/empresa_simulada,25,0,0
1783612210247,25,POST get_bancos,200,OK,Benchmark - Operaciones Normales 1-4,text,true,,1344,254,18,18,http://localhost:3500/query/empresa_simulada,25,0,0
1783612210249,27,POST get_bancos,200,OK,Benchmark - Operaciones Normales 1-7,text,true,,1344,254,18,18,http://localhost:3500/query/empresa_simulada,27,0,0
1783612210252,29,POST get_empresa,200,OK,Benchmark - Operaciones Normales 1-13,text,true,,1456,255,18,18,http://localhost:3500/query/empresa_simulada,29,0,0
1783612210254,28,POST get_empresa,200,OK,Benchmark - Operaciones Normales 1-14,text,true,,1456,255,18,18,http://localhost:3500/query/empresa_simulada,28,0,0
1783612210257,27,POST get_bancos,200,OK,Benchmark - Operaciones Normales 1-8,text,true,,1344,254,18,18,http://localhost:3500/query/empresa_simulada,27,0,0
1783612210259,27,POST get_bancos,200,OK,Benchmark - Operaciones Normales 1-1,text,true,,1344,254,18,18,http://localhost:3500/query/empresa_simulada,26,0,0
1783612210259,28,POST get_empresa,200,OK,Benchmark - Operaciones Normales 1-5,text,true,,1456,255,18,18,http://localhost:3500/query/empresa_simulada,28,0,0
1783612210261,26,POST get_bancos,200,OK,Benchmark - Operaciones Normales 1-2,text,true,,1344,254,18,18,http://localhost:3500/query/empresa_simulada,26,0,0
1783612210261,31,POST get_cuentas_cobrar,200,OK,Benchmark - Operaciones Normales 1-11,text,true,,1981,311,18,18,http://localhost:3500/query/empresa_simulada,31,0,0
1783612210243,53,POST get_empresa,200,OK,Benchmark - Operaciones Normales 1-3,text,true,,1456,255,18,18,http://localhost:3500/query/empresa_simulada,53,0,0
1783612210241,60,POST get_empresa,200,OK,Benchmark - Operaciones Normales 1-12,text,true,,1456,255,18,18,http://localhost:3500/query/empresa_simulada,60,0,0
1783612210270,31,POST get_bancos,200,OK,Benchmark - Operaciones Normales 1-9,text,true,,1344,254,18,18,http://localhost:3500/query/empresa_simulada,31,0,0
1783612210270,33,POST get_empresa,200,OK,Benchmark - Operaciones Normales 1-10,text,true,,1456,255,18,18,http://localhost:3500/query/empresa_simulada,33,0,0
1783612210272,31,POST get_monedas,200,OK,Benchmark - Operaciones Normales 1-4,text,true,,1572,255,18,18,http://localhost:3500/query/empresa_simulada,31,0,0
1783612210277,27,POST get_monedas,200,OK,Benchmark - Operaciones Normales 1-7,text,true,,1572,255,18,18,http://localhost:3500/query/empresa_simulada,27,0,0
1783612210282,23,POST get_cuentas_cobrar,200,OK,Benchmark - Operaciones Normales 1-13,text,true,,1981,311,18,18,http://localhost:3500/query/empresa_simulada,23,0,0
1783612210282,26,POST get_cuentas_cobrar,200,OK,Benchmark - Operaciones Normales 1-14,text,true,,1981,311,18,18,http://localhost:3500/query/empresa_simulada,26,0,0
1783612210284,28,POST get_monedas,200,OK,Benchmark - Operaciones Normales 1-8,text,true,,1572,255,18,18,http://localhost:3500/query/empresa_simulada,28,0,0
1783612210292,30,POST get_bancos,200,OK,Benchmark - Operaciones Normales 1-11,text,true,,1344,254,18,18,http://localhost:3500/query/empresa_simulada,30,0,0
1783612210288,34,POST get_cuentas_cobrar,200,OK,Benchmark - Operaciones Normales 1-5,text,true,,1981,311,18,18,http://localhost:3500/query/empresa_simulada,34,0,0
1783612210286,38,POST get_monedas,200,OK,Benchmark - Operaciones Normales 1-1,text,true,,1572,255,18,18,http://localhost:3500/query/empresa_simulada,38,0,0
1783612210265,59,POST get_cuentas_cobrar,200,OK,Benchmark - Operaciones Normales 1-6,text,true,,1981,311,18,18,http://localhost:3500/query/empresa_simulada,59,0,0
1783612210288,36,POST get_monedas,200,OK,Benchmark - Operaciones Normales 1-2,text,true,,1572,255,18,18,http://localhost:3500/query/empresa_simulada,36,0,0
1783612210264,66,POST get_cuentas_cobrar,200,OK,Benchmark - Operaciones Normales 1-15,text,true,,1981,311,18,18,http://localhost:3500/query/empresa_simulada,66,0,0
1783612210267,65,POST get_cuentas_cobrar,200,OK,Benchmark - Operaciones Normales 1-16,text,true,,1981,311,18,18,http://localhost:3500/query/empresa_simulada,65,0,0
1783612210245,91,POST get_cuentas_cobrar,200,OK,Benchmark - Operaciones Normales 1-18,text,true,,1981,311,18,18,http://localhost:3500/query/empresa_simulada,91,0,1
1783612210268,68,POST get_monedas,200,OK,Benchmark - Operaciones Normales 1-17,text,true,,1572,255,18,18,http://localhost:3500/query/empresa_simulada,68,0,0
1783612210301,36,POST get_monedas,200,OK,Benchmark - Operaciones Normales 1-9,text,true,,1572,255,18,18,http://localhost:3500/query/empresa_simulada,36,0,0
1783612210303,35,POST get_cuentas_cobrar,200,OK,Benchmark - Operaciones Normales 1-10,text,true,,1981,311,18,18,http://localhost:3500/query/empresa_simulada,35,0,0
1783612210304,35,POST get_empresa,200,OK,Benchmark - Operaciones Normales 1-4,text,true,,1456,255,18,18,http://localhost:3500/query/empresa_simulada,35,0,0
1783612210305,36,POST get_empresa,200,OK,Benchmark - Operaciones Normales 1-7,text,true,,1456,255,18,18,http://localhost:3500/query/empresa_simulada,36,0,0
1783612210305,41,POST get_bancos,200,OK,Benchmark - Operaciones Normales 1-13,text,true,,1344,254,19,19,http://localhost:3500/query/empresa_simulada,41,0,0
1783612210308,42,POST get_bancos,200,OK,Benchmark - Operaciones Normales 1-14,text,true,,1344,254,19,19,http://localhost:3500/query/empresa_simulada,42,0,0
1783612210312,40,POST get_empresa,200,OK,Benchmark - Operaciones Normales 1-8,text,true,,1456,255,19,19,http://localhost:3500/query/empresa_simulada,40,0,0
1783612210324,174,POST get_empresa,200,OK,Benchmark - Operaciones Normales 1-1,text,true,,1456,255,20,20,http://localhost:3500/query/empresa_simulada,174,0,0
1783612210322,176,POST get_bancos,200,OK,Benchmark - Operaciones Normales 1-5,text,true,,1344,254,20,20,http://localhost:3500/query/empresa_simulada,176,0,0
1783612210322,176,POST get_monedas,200,OK,Benchmark - Operaciones Normales 1-11,text,true,,1572,255,20,20,http://localhost:3500/query/empresa_simulada,176,0,0
1783612210324,206,POST get_empresa,200,OK,Benchmark - Operaciones Normales 1-2,text,true,,1456,255,20,20,http://localhost:3500/query/empresa_simulada,206,0,0
1783612210324,207,POST get_bancos,200,OK,Benchmark - Operaciones Normales 1-6,text,true,,1344,254,20,20,http://localhost:3500/query/empresa_simulada,207,0,0
1783612210297,256,POST get_cuentas_cobrar,200,OK,Benchmark - Operaciones Normales 1-3,text,true,,1981,311,21,21,http://localhost:3500/query/empresa_simulada,256,0,0
1783612210338,215,POST get_empresa,200,OK,Benchmark - Operaciones Normales 1-9,text,true,,1456,255,21,21,http://localhost:3500/query/empresa_simulada,215,0,0
1783612210301,252,POST get_cuentas_cobrar,200,OK,Benchmark - Operaciones Normales 1-12,text,true,,1981,311,21,21,http://localhost:3500/query/empresa_simulada,252,0,0
1783612210338,215,POST get_bancos,200,OK,Benchmark - Operaciones Normales 1-10,text,true,,1344,254,21,21,http://localhost:3500/query/empresa_simulada,215,0,0
1783612210339,214,POST get_cuentas_cobrar,200,OK,Benchmark - Operaciones Normales 1-4,text,true,,1981,311,21,21,http://localhost:3500/query/empresa_simulada,214,0,0
1783612210347,207,POST get_monedas,200,OK,Benchmark - Operaciones Normales 1-13,text,true,,1572,255,21,21,http://localhost:3500/query/empresa_simulada,207,0,0
1783612210342,211,POST get_cuentas_cobrar,200,OK,Benchmark - Operaciones Normales 1-7,text,true,,1981,311,21,21,http://localhost:3500/query/empresa_simulada,211,0,0
1783612210350,204,POST get_monedas,200,OK,Benchmark - Operaciones Normales 1-14,text,true,,1572,255,21,21,http://localhost:3500/query/empresa_simulada,204,0,0
1783612210352,202,POST get_cuentas_cobrar,200,OK,Benchmark - Operaciones Normales 1-8,text,true,,1981,311,21,21,http://localhost:3500/query/empresa_simulada,202,0,0
1783612210336,230,POST get_empresa,200,OK,Benchmark - Operaciones Normales 1-17,text,true,,1456,255,21,21,http://localhost:3500/query/empresa_simulada,230,0,0
1783612210332,234,POST get_bancos,200,OK,Benchmark - Operaciones Normales 1-16,text,true,,1344,254,21,21,http://localhost:3500/query/empresa_simulada,234,0,0
1783612210344,222,POST get_cuentas_cobrar,200,OK,Benchmark - Operaciones Normales 1-19,text,true,,1981,311,21,21,http://localhost:3500/query/empresa_simulada,222,0,2
1783612210331,235,POST get_bancos,200,OK,Benchmark - Operaciones Normales 1-15,text,true,,1344,254,21,21,http://localhost:3500/query/empresa_simulada,235,0,0
1783612210336,230,POST get_bancos,200,OK,Benchmark - Operaciones Normales 1-18,text,true,,1344,254,21,21,http://localhost:3500/query/empresa_simulada,230,0,0
1783612210498,70,POST get_monedas,200,OK,Benchmark - Operaciones Normales 1-5,text,true,,1572,255,21,21,http://localhost:3500/query/empresa_simulada,70,0,0
1783612210498,70,POST get_empresa,200,OK,Benchmark - Operaciones Normales 1-11,text,true,,1456,255,21,21,http://localhost:3500/query/empresa_simulada,70,0,0
1783612210498,70,POST get_cuentas_cobrar,200,OK,Benchmark - Operaciones Normales 1-1,text,true,,1981,311,21,21,http://localhost:3500/query/empresa_simulada,70,0,0
1783612210531,38,POST get_cuentas_cobrar,200,OK,Benchmark - Operaciones Normales 1-2,text,true,,1981,311,21,21,http://localhost:3500/query/empresa_simulada,38,0,0
1783612210553,16,POST get_monedas,200,OK,Benchmark - Operaciones Normales 1-10,text,true,,1572,255,21,21,http://localhost:3500/query/empresa_simulada,16,0,0
1783612210553,16,POST get_cuentas_cobrar,200,OK,Benchmark - Operaciones Normales 1-9,text,true,,1981,311,21,21,http://localhost:3500/query/empresa_simulada,16,0,0
1783612210553,23,POST get_bancos,200,OK,Benchmark - Operaciones Normales 1-4,text,true,,1344,254,21,21,http://localhost:3500/query/empresa_simulada,23,0,0
1783612210553,23,POST get_bancos,200,OK,Benchmark - Operaciones Normales 1-12,text,true,,1344,254,21,21,http://localhost:3500/query/empresa_simulada,23,0,0
1783612210554,27,POST get_bancos,200,OK,Benchmark - Operaciones Normales 1-8,text,true,,1344,254,21,21,http://localhost:3500/query/empresa_simulada,27,0,0
1783612210554,27,POST get_empresa,200,OK,Benchmark - Operaciones Normales 1-14,text,true,,1456,255,21,21,http://localhost:3500/query/empresa_simulada,27,0,0
1783612210531,50,POST get_monedas,200,OK,Benchmark - Operaciones Normales 1-6,text,true,,1572,255,21,21,http://localhost:3500/query/empresa_simulada,50,0,0
1783612210554,27,POST get_bancos,200,OK,Benchmark - Operaciones Normales 1-7,text,true,,1344,254,21,21,http://localhost:3500/query/empresa_simulada,27,0,0
1783612210553,28,POST get_bancos,200,OK,Benchmark - Operaciones Normales 1-3,text,true,,1344,254,21,21,http://localhost:3500/query/empresa_simulada,28,0,0
1783612210544,43,POST get_cuentas_cobrar,200,OK,Benchmark - Operaciones Normales 1-21,text,true,,1981,311,21,21,http://localhost:3500/query/empresa_simulada,43,0,1
1783612210554,33,POST get_empresa,200,OK,Benchmark - Operaciones Normales 1-13,text,true,,1456,255,21,21,http://localhost:3500/query/empresa_simulada,33,0,0
1783612210569,21,POST get_bancos,200,OK,Benchmark - Operaciones Normales 1-2,text,true,,1344,254,21,21,http://localhost:3500/query/empresa_simulada,21,0,0
1783612210443,147,POST get_cuentas_cobrar,200,OK,Benchmark - Operaciones Normales 1-20,text,true,,1981,311,21,21,http://localhost:3500/query/empresa_simulada,147,0,2
1783612210568,22,POST get_bancos,200,OK,Benchmark - Operaciones Normales 1-1,text,true,,1344,254,21,21,http://localhost:3500/query/empresa_simulada,22,0,0
1783612210567,24,POST get_bancos,200,OK,Benchmark - Operaciones Normales 1-19,text,true,,1344,254,21,21,http://localhost:3500/query/empresa_simulada,24,0,0
1783612210567,24,POST get_monedas,200,OK,Benchmark - Operaciones Normales 1-15,text,true,,1572,255,21,21,http://localhost:3500/query/empresa_simulada,24,0,0
1783612210569,22,POST get_empresa,200,OK,Benchmark - Operaciones Normales 1-10,text,true,,1456,255,21,21,http://localhost:3500/query/empresa_simulada,22,0,0
1783612210569,23,POST get_bancos,200,OK,Benchmark - Operaciones Normales 1-9,text,true,,1344,254,21,21,http://localhost:3500/query/empresa_simulada,23,0,0
1783612210567,25,POST get_monedas,200,OK,Benchmark - Operaciones Normales 1-16,text,true,,1572,255,21,21,http://localhost:3500/query/empresa_simulada,25,0,0
1783612210567,25,POST get_cuentas_cobrar,200,OK,Benchmark - Operaciones Normales 1-17,text,true,,1981,311,21,21,http://localhost:3500/query/empresa_simulada,25,0,0
1783612210568,28,POST get_empresa,200,OK,Benchmark - Operaciones Normales 1-5,text,true,,1456,255,21,21,http://localhost:3500/query/empresa_simulada,28,0,0
1783612210568,28,POST get_cuentas_cobrar,200,OK,Benchmark - Operaciones Normales 1-11,text,true,,1981,311,21,21,http://localhost:3500/query/empresa_simulada,28,0,0
1783612210567,35,POST get_monedas,200,OK,Benchmark - Operaciones Normales 1-18,text,true,,1572,255,20,20,http://localhost:3500/query/empresa_simulada,35,0,0
1783612210590,12,POST get_bancos,200,OK,Benchmark - Operaciones Normales 1-20,text,true,,1344,254,20,20,http://localhost:3500/query/empresa_simulada,12,0,0
1783612210590,13,POST get_monedas,200,OK,Benchmark - Operaciones Normales 1-2,text,true,,1572,255,20,20,http://localhost:3500/query/empresa_simulada,13,0,0
1783612210590,13,POST get_monedas,200,OK,Benchmark - Operaciones Normales 1-1,text,true,,1572,255,20,20,http://localhost:3500/query/empresa_simulada,13,0,0
1783612210591,16,POST get_empresa,200,OK,Benchmark - Operaciones Normales 1-15,text,true,,1456,255,20,20,http://localhost:3500/query/empresa_simulada,16,0,0
1783612210591,16,POST get_monedas,200,OK,Benchmark - Operaciones Normales 1-19,text,true,,1572,255,20,20,http://localhost:3500/query/empresa_simulada,16,0,0
1783612210593,15,POST get_monedas,200,OK,Benchmark - Operaciones Normales 1-9,text,true,,1572,255,20,20,http://localhost:3500/query/empresa_simulada,15,0,0
1783612210591,17,POST get_cuentas_cobrar,200,OK,Benchmark - Operaciones Normales 1-10,text,true,,1981,311,20,20,http://localhost:3500/query/empresa_simulada,17,0,0
1783612210593,17,POST get_empresa,200,OK,Benchmark - Operaciones Normales 1-16,text,true,,1456,255,20,20,http://localhost:3500/query/empresa_simulada,17,0,0
1783612210593,19,POST get_bancos,200,OK,Benchmark - Operaciones Normales 1-17,text,true,,1344,254,20,20,http://localhost:3500/query/empresa_simulada,19,0,0
1783612210576,37,POST get_monedas,200,OK,Benchmark - Operaciones Normales 1-12,text,true,,1572,255,20,20,http://localhost:3500/query/empresa_simulada,37,0,0
1783612210576,39,POST get_monedas,200,OK,Benchmark - Operaciones Normales 1-4,text,true,,1572,255,20,20,http://localhost:3500/query/empresa_simulada,38,0,0
1783612210581,35,POST get_monedas,200,OK,Benchmark - Operaciones Normales 1-7,text,true,,1572,255,20,20,http://localhost:3500/query/empresa_simulada,35,0,0
1783612210581,36,POST get_monedas,200,OK,Benchmark - Operaciones Normales 1-3,text,true,,1572,255,20,20,http://localhost:3500/query/empresa_simulada,36,0,0
1783612210581,37,POST get_cuentas_cobrar,200,OK,Benchmark - Operaciones Normales 1-14,text,true,,1981,311,20,20,http://localhost:3500/query/empresa_simulada,37,0,0
1783612210581,38,POST get_monedas,200,OK,Benchmark - Operaciones Normales 1-8,text,true,,1572,255,20,20,http://localhost:3500/query/empresa_simulada,38,0,0
1783612210581,40,POST get_empresa,200,OK,Benchmark - Operaciones Normales 1-6,text,true,,1456,255,20,20,http://localhost:3500/query/empresa_simulada,40,0,0
1783612210588,34,POST get_cuentas_cobrar,200,OK,Benchmark - Operaciones Normales 1-13,text,true,,1981,311,20,20,http://localhost:3500/query/empresa_simulada,34,0,0
1783612210588,36,POST get_bancos,200,OK,Benchmark - Operaciones Normales 1-21,text,true,,1344,254,20,20,http://localhost:3500/query/empresa_simulada,36,0,0
1783612210602,24,POST get_monedas,200,OK,Benchmark - Operaciones Normales 1-20,text,true,,1572,255,20,20,http://localhost:3500/query/empresa_simulada,24,0,0
1783612210604,24,POST get_empresa,200,OK,Benchmark - Operaciones Normales 1-2,text,true,,1456,255,20,20,http://localhost:3500/query/empresa_simulada,24,0,0
1783612210604,28,POST get_empresa,200,OK,Benchmark - Operaciones Normales 1-1,text,true,,1456,255,19,19,http://localhost:3500/query/empresa_simulada,28,0,0
1783612210607,27,POST get_empresa,200,OK,Benchmark - Operaciones Normales 1-19,text,true,,1456,255,18,18,http://localhost:3500/query/empresa_simulada,27,0,0
1783612210607,28,POST get_cuentas_cobrar,200,OK,Benchmark - Operaciones Normales 1-15,text,true,,1981,311,18,18,http://localhost:3500/query/empresa_simulada,28,0,0
1783612210609,29,POST get_bancos,200,OK,Benchmark - Operaciones Normales 1-10,text,true,,1344,254,18,18,http://localhost:3500/query/empresa_simulada,29,0,0
1783612210609,29,POST get_empresa,200,OK,Benchmark - Operaciones Normales 1-9,text,true,,1456,255,18,18,http://localhost:3500/query/empresa_simulada,29,0,0
1783612210611,30,POST get_cuentas_cobrar,200,OK,Benchmark - Operaciones Normales 1-16,text,true,,1981,311,18,18,http://localhost:3500/query/empresa_simulada,30,0,0
1783612210612,29,POST get_monedas,200,OK,Benchmark - Operaciones Normales 1-17,text,true,,1572,255,18,18,http://localhost:3500/query/empresa_simulada,29,0,0
1783612210613,29,POST get_empresa,200,OK,Benchmark - Operaciones Normales 1-12,text,true,,1456,255,18,18,http://localhost:3500/query/empresa_simulada,29,0,0
1783612210615,29,POST get_empresa,200,OK,Benchmark - Operaciones Normales 1-4,text,true,,1456,255,19,19,http://localhost:3500/query/empresa_simulada,29,0,0
1783612210616,29,POST get_empresa,200,OK,Benchmark - Operaciones Normales 1-7,text,true,,1456,255,18,18,http://localhost:3500/query/empresa_simulada,29,0,0
1783612210618,30,POST get_empresa,200,OK,Benchmark - Operaciones Normales 1-3,text,true,,1456,255,18,18,http://localhost:3500/query/empresa_simulada,30,0,0
1783612210619,30,POST get_bancos,200,OK,Benchmark - Operaciones Normales 1-14,text,true,,1344,254,18,18,http://localhost:3500/query/empresa_simulada,30,0,0
1783612210620,30,POST get_empresa,200,OK,Benchmark - Operaciones Normales 1-8,text,true,,1456,255,18,18,http://localhost:3500/query/empresa_simulada,30,0,0
1783612210597,55,POST get_bancos,200,OK,Benchmark - Operaciones Normales 1-11,text,true,,1344,254,18,18,http://localhost:3500/query/empresa_simulada,55,0,0
1783612210602,51,POST get_empresa,200,OK,Benchmark - Operaciones Normales 1-18,text,true,,1456,255,18,18,http://localhost:3500/query/empresa_simulada,51,0,0
1783612210626,28,POST get_empresa,200,OK,Benchmark - Operaciones Normales 1-20,text,true,,1456,255,18,18,http://localhost:3500/query/empresa_simulada,28,0,0
1783612210635,20,POST get_cuentas_cobrar,200,OK,Benchmark - Operaciones Normales 1-19,text,true,,1981,311,18,18,http://localhost:3500/query/empresa_simulada,20,0,0
1783612210636,20,POST get_bancos,200,OK,Benchmark - Operaciones Normales 1-15,text,true,,1344,254,18,18,http://localhost:3500/query/empresa_simulada,20,0,0
1783612210639,20,POST get_monedas,200,OK,Benchmark - Operaciones Normales 1-10,text,true,,1572,255,18,18,http://localhost:3500/query/empresa_simulada,20,0,0
1783612210639,23,POST get_cuentas_cobrar,200,OK,Benchmark - Operaciones Normales 1-9,text,true,,1981,311,18,18,http://localhost:3500/query/empresa_simulada,22,0,0
1783612210641,22,POST get_bancos,200,OK,Benchmark - Operaciones Normales 1-16,text,true,,1344,254,18,18,http://localhost:3500/query/empresa_simulada,22,0,0
1783612210641,26,POST get_empresa,200,OK,Benchmark - Operaciones Normales 1-17,text,true,,1456,255,18,18,http://localhost:3500/query/empresa_simulada,26,0,0
1783612210642,29,POST get_cuentas_cobrar,200,OK,Benchmark - Operaciones Normales 1-12,text,true,,1981,311,18,18,http://localhost:3500/query/empresa_simulada,29,0,0
1783612210646,27,POST get_cuentas_cobrar,200,OK,Benchmark - Operaciones Normales 1-7,text,true,,1981,311,18,18,http://localhost:3500/query/empresa_simulada,27,0,0
1783612210648,26,POST get_cuentas_cobrar,200,OK,Benchmark - Operaciones Normales 1-3,text,true,,1981,311,18,18,http://localhost:3500/query/empresa_simulada,26,0,0
1783612210649,26,POST get_monedas,200,OK,Benchmark - Operaciones Normales 1-14,text,true,,1572,255,18,18,http://localhost:3500/query/empresa_simulada,26,0,0
1783612210652,25,POST get_cuentas_cobrar,200,OK,Benchmark - Operaciones Normales 1-8,text,true,,1981,311,18,18,http://localhost:3500/query/empresa_simulada,24,0,0
1783612210622,56,POST get_cuentas_cobrar,200,OK,Benchmark - Operaciones Normales 1-6,text,true,,1981,311,18,18,http://localhost:3500/query/empresa_simulada,56,0,0
1783612210623,56,POST get_bancos,200,OK,Benchmark - Operaciones Normales 1-13,text,true,,1344,254,18,18,http://localhost:3500/query/empresa_simulada,56,0,0
1783612210625,55,POST get_monedas,200,OK,Benchmark - Operaciones Normales 1-21,text,true,,1572,255,18,18,http://localhost:3500/query/empresa_simulada,55,0,0
1783612210655,28,POST get_cuentas_cobrar,200,OK,Benchmark - Operaciones Normales 1-20,text,true,,1981,311,18,18,http://localhost:3500/query/empresa_simulada,28,0,0
1783612210656,30,POST get_bancos,200,OK,Benchmark - Operaciones Normales 1-19,text,true,,1344,254,18,18,http://localhost:3500/query/empresa_simulada,30,0,0
1783612210657,32,POST get_monedas,200,OK,Benchmark - Operaciones Normales 1-15,text,true,,1572,255,18,18,http://localhost:3500/query/empresa_simulada,32,0,0
1783612210660,32,POST get_empresa,200,OK,Benchmark - Operaciones Normales 1-10,text,true,,1456,255,18,18,http://localhost:3500/query/empresa_simulada,32,0,0
1783612210662,32,POST get_bancos,200,OK,Benchmark - Operaciones Normales 1-9,text,true,,1344,254,18,18,http://localhost:3500/query/empresa_simulada,32,0,0
1783612210663,32,POST get_monedas,200,OK,Benchmark - Operaciones Normales 1-16,text,true,,1572,255,18,18,http://localhost:3500/query/empresa_simulada,32,0,0
1783612210668,32,POST get_cuentas_cobrar,200,OK,Benchmark - Operaciones Normales 1-17,text,true,,1981,311,18,18,http://localhost:3500/query/empresa_simulada,32,0,0
1783612210672,28,POST get_bancos,200,OK,Benchmark - Operaciones Normales 1-12,text,true,,1344,254,18,18,http://localhost:3500/query/empresa_simulada,28,0,0
1783612210673,29,POST get_bancos,200,OK,Benchmark - Operaciones Normales 1-7,text,true,,1344,254,18,18,http://localhost:3500/query/empresa_simulada,29,0,0
1783612210675,27,POST get_bancos,200,OK,Benchmark - Operaciones Normales 1-3,text,true,,1344,254,18,18,http://localhost:3500/query/empresa_simulada,27,0,0
1783612210676,28,POST get_empresa,200,OK,Benchmark - Operaciones Normales 1-14,text,true,,1456,255,18,18,http://localhost:3500/query/empresa_simulada,28,0,0
1783612210678,26,POST get_bancos,200,OK,Benchmark - Operaciones Normales 1-6,text,true,,1344,254,18,18,http://localhost:3500/query/empresa_simulada,26,0,0
1783612210677,27,POST get_bancos,200,OK,Benchmark - Operaciones Normales 1-8,text,true,,1344,254,18,18,http://localhost:3500/query/empresa_simulada,27,0,0
1783612210679,31,POST get_monedas,200,OK,Benchmark - Operaciones Normales 1-13,text,true,,1572,255,18,18,http://localhost:3500/query/empresa_simulada,31,0,0
1783612210652,65,POST get_monedas,200,OK,Benchmark - Operaciones Normales 1-11,text,true,,1572,255,18,18,http://localhost:3500/query/empresa_simulada,65,0,0
1783612210653,64,POST get_cuentas_cobrar,200,OK,Benchmark - Operaciones Normales 1-18,text,true,,1981,311,18,18,http://localhost:3500/query/empresa_simulada,64,0,0
1783612210644,75,POST get_cuentas_cobrar,200,OK,Benchmark - Operaciones Normales 1-22,text,true,,1981,311,18,18,http://localhost:3500/query/empresa_simulada,75,0,1
1783612210683,36,POST get_bancos,200,OK,Benchmark - Operaciones Normales 1-20,text,true,,1344,254,18,18,http://localhost:3500/query/empresa_simulada,36,0,0
1783612210687,36,POST get_monedas,200,OK,Benchmark - Operaciones Normales 1-19,text,true,,1572,255,18,18,http://localhost:3500/query/empresa_simulada,36,0,0
1783612210689,35,POST get_empresa,200,OK,Benchmark - Operaciones Normales 1-15,text,true,,1456,255,18,18,http://localhost:3500/query/empresa_simulada,35,0,0
1783612210693,33,POST get_cuentas_cobrar,200,OK,Benchmark - Operaciones Normales 1-10,text,true,,1981,311,18,18,http://localhost:3500/query/empresa_simulada,33,0,0
1783612210695,35,POST get_monedas,200,OK,Benchmark - Operaciones Normales 1-9,text,true,,1572,255,18,18,http://localhost:3500/query/empresa_simulada,35,0,0
1783612210695,38,POST get_empresa,200,OK,Benchmark - Operaciones Normales 1-16,text,true,,1456,255,18,18,http://localhost:3500/query/empresa_simulada,38,0,0
1783612210701,33,POST get_bancos,200,OK,Benchmark - Operaciones Normales 1-17,text,true,,1344,254,18,18,http://localhost:3500/query/empresa_simulada,33,0,0
1783612210701,35,POST get_monedas,200,OK,Benchmark - Operaciones Normales 1-12,text,true,,1572,255,18,18,http://localhost:3500/query/empresa_simulada,35,0,0
1783612210702,36,POST get_monedas,200,OK,Benchmark - Operaciones Normales 1-7,text,true,,1572,255,18,18,http://localhost:3500/query/empresa_simulada,36,0,0
1783612210702,40,POST get_monedas,200,OK,Benchmark - Operaciones Normales 1-3,text,true,,1572,255,18,18,http://localhost:3500/query/empresa_simulada,40,0,0
1783612210704,41,POST get_cuentas_cobrar,200,OK,Benchmark - Operaciones Normales 1-14,text,true,,1981,311,19,19,http://localhost:3500/query/empresa_simulada,41,0,0
1783612210704,44,POST get_monedas,200,OK,Benchmark - Operaciones Normales 1-8,text,true,,1572,255,19,19,http://localhost:3500/query/empresa_simulada,44,0,0
1783612210704,45,POST get_monedas,200,OK,Benchmark - Operaciones Normales 1-6,text,true,,1572,255,19,19,http://localhost:3500/query/empresa_simulada,45,0,0
1783612210711,39,POST get_empresa,200,OK,Benchmark - Operaciones Normales 1-13,text,true,,1456,255,19,19,http://localhost:3500/query/empresa_simulada,39,0,0
1783612210680,72,POST get_empresa,200,OK,Benchmark - Operaciones Normales 1-21,text,true,,1456,255,19,19,http://localhost:3500/query/empresa_simulada,72,0,0
1783612210719,34,POST get_monedas,200,OK,Benchmark - Operaciones Normales 1-20,text,true,,1572,255,19,19,http://localhost:3500/query/empresa_simulada,34,0,0
1783612210724,30,POST get_empresa,200,OK,Benchmark - Operaciones Normales 1-19,text,true,,1456,255,19,19,http://localhost:3500/query/empresa_simulada,30,0,0
1783612210724,31,POST get_cuentas_cobrar,200,OK,Benchmark - Operaciones Normales 1-15,text,true,,1981,311,19,19,http://localhost:3500/query/empresa_simulada,31,0,0
1783612210726,30,POST get_bancos,200,OK,Benchmark - Operaciones Normales 1-10,text,true,,1344,254,19,19,http://localhost:3500/query/empresa_simulada,30,0,0
1783612210730,27,POST get_empresa,200,OK,Benchmark - Operaciones Normales 1-9,text,true,,1456,255,19,19,http://localhost:3500/query/empresa_simulada,27,0,0
1783612210733,25,POST get_cuentas_cobrar,200,OK,Benchmark - Operaciones Normales 1-16,text,true,,1981,311,19,19,http://localhost:3500/query/empresa_simulada,25,0,0
1783612210735,25,POST get_monedas,200,OK,Benchmark - Operaciones Normales 1-17,text,true,,1572,255,19,19,http://localhost:3500/query/empresa_simulada,25,0,0
1783612210736,26,POST get_empresa,200,OK,Benchmark - Operaciones Normales 1-12,text,true,,1456,255,19,19,http://localhost:3500/query/empresa_simulada,26,0,0
1783612210738,26,POST get_empresa,200,OK,Benchmark - Operaciones Normales 1-7,text,true,,1456,255,19,19,http://localhost:3500/query/empresa_simulada,26,0,0
1783612210742,24,POST get_empresa,200,OK,Benchmark - Operaciones Normales 1-3,text,true,,1456,255,19,19,http://localhost:3500/query/empresa_simulada,24,0,0
1783612210749,219,POST get_empresa,200,OK,Benchmark - Operaciones Normales 1-8,text,true,,1456,255,20,20,http://localhost:3500/query/empresa_simulada,219,0,0
1783612210746,222,POST get_bancos,200,OK,Benchmark - Operaciones Normales 1-14,text,true,,1344,254,20,20,http://localhost:3500/query/empresa_simulada,222,0,0
1783612210750,218,POST get_empresa,200,OK,Benchmark - Operaciones Normales 1-6,text,true,,1456,255,20,20,http://localhost:3500/query/empresa_simulada,218,0,0
1783612210717,251,POST get_empresa,200,OK,Benchmark - Operaciones Normales 1-11,text,true,,1456,255,20,20,http://localhost:3500/query/empresa_simulada,251,0,0
1783612210717,251,POST get_bancos,200,OK,Benchmark - Operaciones Normales 1-18,text,true,,1344,254,20,20,http://localhost:3500/query/empresa_simulada,251,0,0
1783612210719,250,POST get_bancos,200,OK,Benchmark - Operaciones Normales 1-22,text,true,,1344,254,20,20,http://localhost:3500/query/empresa_simulada,250,0,0
1783612210753,216,POST get_empresa,200,OK,Benchmark - Operaciones Normales 1-20,text,true,,1456,255,20,20,http://localhost:3500/query/empresa_simulada,216,0,0
1783612210754,215,POST get_cuentas_cobrar,200,OK,Benchmark - Operaciones Normales 1-19,text,true,,1981,311,20,20,http://localhost:3500/query/empresa_simulada,215,0,0
1783612210755,214,POST get_bancos,200,OK,Benchmark - Operaciones Normales 1-15,text,true,,1344,254,20,20,http://localhost:3500/query/empresa_simulada,214,0,0
1783612210757,212,POST get_monedas,200,OK,Benchmark - Operaciones Normales 1-10,text,true,,1572,255,20,20,http://localhost:3500/query/empresa_simulada,212,0,0
1783612210758,211,POST get_cuentas_cobrar,200,OK,Benchmark - Operaciones Normales 1-9,text,true,,1981,311,20,20,http://localhost:3500/query/empresa_simulada,211,0,0
1783612210759,211,POST get_bancos,200,OK,Benchmark - Operaciones Normales 1-16,text,true,,1344,254,20,20,http://localhost:3500/query/empresa_simulada,211,0,0
1783612210761,209,POST get_empresa,200,OK,Benchmark - Operaciones Normales 1-17,text,true,,1456,255,20,20,http://localhost:3500/query/empresa_simulada,209,0,0
1783612210762,208,POST get_cuentas_cobrar,200,OK,Benchmark - Operaciones Normales 1-12,text,true,,1981,311,20,20,http://localhost:3500/query/empresa_simulada,208,0,0
1783612210764,235,POST get_cuentas_cobrar,200,OK,Benchmark - Operaciones Normales 1-7,text,true,,1981,311,20,20,http://localhost:3500/query/empresa_simulada,235,0,0
1783612210751,248,POST get_cuentas_cobrar,200,OK,Benchmark - Operaciones Normales 1-13,text,true,,1981,311,20,20,http://localhost:3500/query/empresa_simulada,248,0,0
1783612210752,247,POST get_cuentas_cobrar,200,OK,Benchmark - Operaciones Normales 1-21,text,true,,1981,311,20,20,http://localhost:3500/query/empresa_simulada,247,0,0
1783612210745,254,POST get_cuentas_cobrar,200,OK,Benchmark - Operaciones Normales 1-23,text,true,,1981,311,20,20,http://localhost:3500/query/empresa_simulada,254,0,2
1783612210968,36,POST get_monedas,200,OK,Benchmark - Operaciones Normales 1-14,text,true,,1572,255,20,20,http://localhost:3500/query/empresa_simulada,36,0,0
1783612210969,42,POST get_bancos,200,OK,Benchmark - Operaciones Normales 1-19,text,true,,1344,254,20,20,http://localhost:3500/query/empresa_simulada,42,0,0
1783612210968,44,POST get_cuentas_cobrar,200,OK,Benchmark - Operaciones Normales 1-6,text,true,,1981,311,20,20,http://localhost:3500/query/empresa_simulada,44,0,0
1783612210968,43,POST get_cuentas_cobrar,200,OK,Benchmark - Operaciones Normales 1-8,text,true,,1981,311,20,20,http://localhost:3500/query/empresa_simulada,43,0,0
1783612210969,43,POST get_cuentas_cobrar,200,OK,Benchmark - Operaciones Normales 1-20,text,true,,1981,311,20,20,http://localhost:3500/query/empresa_simulada,42,0,0
1783612210968,45,POST get_cuentas_cobrar,200,OK,Benchmark - Operaciones Normales 1-11,text,true,,1981,311,20,20,http://localhost:3500/query/empresa_simulada,45,0,0
1783612210969,48,POST get_monedas,200,OK,Benchmark - Operaciones Normales 1-22,text,true,,1572,255,20,20,http://localhost:3500/query/empresa_simulada,47,0,0
1783612210969,48,POST get_monedas,200,OK,Benchmark - Operaciones Normales 1-18,text,true,,1572,255,20,20,http://localhost:3500/query/empresa_simulada,48,0,0
1783612210970,47,POST get_bancos,200,OK,Benchmark - Operaciones Normales 1-12,text,true,,1344,254,20,20,http://localhost:3500/query/empresa_simulada,47,0,0
1783612210970,51,POST get_bancos,200,OK,Benchmark - Operaciones Normales 1-9,text,true,,1344,254,20,20,http://localhost:3500/query/empresa_simulada,51,0,0
1783612211005,16,POST get_empresa,200,OK,Benchmark - Operaciones Normales 1-14,text,true,,1456,255,20,20,http://localhost:3500/query/empresa_simulada,16,0,0
1783612210970,55,POST get_monedas,200,OK,Benchmark - Operaciones Normales 1-16,text,true,,1572,255,20,20,http://localhost:3500/query/empresa_simulada,55,0,0
1783612210970,55,POST get_cuentas_cobrar,200,OK,Benchmark - Operaciones Normales 1-17,text,true,,1981,311,20,20,http://localhost:3500/query/empresa_simulada,55,0,0
1783612210969,56,POST get_empresa,200,OK,Benchmark - Operaciones Normales 1-10,text,true,,1456,255,20,20,http://localhost:3500/query/empresa_simulada,56,0,0
1783612210969,57,POST get_monedas,200,OK,Benchmark - Operaciones Normales 1-15,text,true,,1572,255,20,20,http://localhost:3500/query/empresa_simulada,57,0,0
1783612211000,27,POST get_bancos,200,OK,Benchmark - Operaciones Normales 1-23,text,true,,1344,254,20,20,http://localhost:3500/query/empresa_simulada,27,0,0
1783612210999,29,POST get_bancos,200,OK,Benchmark - Operaciones Normales 1-21,text,true,,1344,254,20,20,http://localhost:3500/query/empresa_simulada,29,0,0
1783612210999,29,POST get_bancos,200,OK,Benchmark - Operaciones Normales 1-13,text,true,,1344,254,20,20,http://localhost:3500/query/empresa_simulada,29,0,0
1783612210999,31,POST get_bancos,200,OK,Benchmark - Operaciones Normales 1-7,text,true,,1344,254,20,20,http://localhost:3500/query/empresa_simulada,31,0,0
1783612211021,10,POST get_cuentas_cobrar,200,OK,Benchmark - Operaciones Normales 1-14,text,true,,1981,311,20,20,http://localhost:3500/query/empresa_simulada,10,0,0
1783612211021,11,POST get_monedas,200,OK,Benchmark - Operaciones Normales 1-9,text,true,,1572,255,20,20,http://localhost:3500/query/empresa_simulada,11,0,0
1783612211012,21,POST get_monedas,200,OK,Benchmark - Operaciones Normales 1-19,text,true,,1572,255,20,20,http://localhost:3500/query/empresa_simulada,21,0,0
1783612211012,21,POST get_bancos,200,OK,Benchmark - Operaciones Normales 1-6,text,true,,1344,254,20,20,http://localhost:3500/query/empresa_simulada,21,0,0
1783612211012,23,POST get_bancos,200,OK,Benchmark - Operaciones Normales 1-8,text,true,,1344,254,20,20,http://localhost:3500/query/empresa_simulada,23,0,0
1783612211013,24,POST get_bancos,200,OK,Benchmark - Operaciones Normales 1-11,text,true,,1344,254,20,20,http://localhost:3500/query/empresa_simulada,24,0,0
1783612211012,25,POST get_bancos,200,OK,Benchmark - Operaciones Normales 1-20,text,true,,1344,254,20,20,http://localhost:3500/query/empresa_simulada,25,0,0
1783612211017,22,POST get_empresa,200,OK,Benchmark - Operaciones Normales 1-22,text,true,,1456,255,20,20,http://localhost:3500/query/empresa_simulada,22,0,0
1783612211017,24,POST get_empresa,200,OK,Benchmark - Operaciones Normales 1-18,text,true,,1456,255,20,20,http://localhost:3500/query/empresa_simulada,24,0,0
1783612211017,26,POST get_monedas,200,OK,Benchmark - Operaciones Normales 1-12,text,true,,1572,255,20,20,http://localhost:3500/query/empresa_simulada,26,0,0
1783612210844,202,POST get_cuentas_cobrar,200,OK,Benchmark - Operaciones Normales 1-24,text,true,,1981,311,21,21,http://localhost:3500/query/empresa_simulada,202,0,2
1783612211032,17,POST get_bancos,200,OK,Benchmark - Operaciones Normales 1-14,text,true,,1344,254,21,21,http://localhost:3500/query/empresa_simulada,17,0,0
1783612210945,104,POST get_cuentas_cobrar,200,OK,Benchmark - Operaciones Normales 1-25,text,true,,1981,311,21,21,http://localhost:3500/query/empresa_simulada,104,0,1
1783612211032,18,POST get_empresa,200,OK,Benchmark - Operaciones Normales 1-9,text,true,,1456,255,21,21,http://localhost:3500/query/empresa_simulada,18,0,0
1783612211034,17,POST get_monedas,200,OK,Benchmark - Operaciones Normales 1-6,text,true,,1572,255,21,21,http://localhost:3500/query/empresa_simulada,17,0,0
1783612211035,22,POST get_monedas,200,OK,Benchmark - Operaciones Normales 1-8,text,true,,1572,255,21,21,http://localhost:3500/query/empresa_simulada,22,0,0
1783612211034,23,POST get_empresa,200,OK,Benchmark - Operaciones Normales 1-19,text,true,,1456,255,21,21,http://localhost:3500/query/empresa_simulada,23,0,0
1783612211038,22,POST get_monedas,200,OK,Benchmark - Operaciones Normales 1-11,text,true,,1572,255,21,21,http://localhost:3500/query/empresa_simulada,22,0,0
1783612211038,22,POST get_monedas,200,OK,Benchmark - Operaciones Normales 1-20,text,true,,1572,255,21,21,http://localhost:3500/query/empresa_simulada,22,0,0
1783612211039,22,POST get_cuentas_cobrar,200,OK,Benchmark - Operaciones Normales 1-22,text,true,,1981,311,21,21,http://localhost:3500/query/empresa_simulada,22,0,0
1783612211041,20,POST get_cuentas_cobrar,200,OK,Benchmark - Operaciones Normales 1-18,text,true,,1981,311,21,21,http://localhost:3500/query/empresa_simulada,20,0,0
1783612211026,36,POST get_empresa,200,OK,Benchmark - Operaciones Normales 1-15,text,true,,1456,255,21,21,http://localhost:3500/query/empresa_simulada,36,0,0
1783612211026,38,POST get_bancos,200,OK,Benchmark - Operaciones Normales 1-17,text,true,,1344,254,21,21,http://localhost:3500/query/empresa_simulada,38,0,0
1783612211026,38,POST get_empresa,200,OK,Benchmark - Operaciones Normales 1-16,text,true,,1456,255,21,21,http://localhost:3500/query/empresa_simulada,38,0,0
1783612211026,40,POST get_cuentas_cobrar,200,OK,Benchmark - Operaciones Normales 1-10,text,true,,1981,311,21,21,http://localhost:3500/query/empresa_simulada,39,0,0
1783612211027,39,POST get_monedas,200,OK,Benchmark - Operaciones Normales 1-23,text,true,,1572,255,21,21,http://localhost:3500/query/empresa_simulada,38,0,0
1783612211029,38,POST get_monedas,200,OK,Benchmark - Operaciones Normales 1-13,text,true,,1572,255,21,21,http://localhost:3500/query/empresa_simulada,38,0,0
1783612211028,39,POST get_monedas,200,OK,Benchmark - Operaciones Normales 1-21,text,true,,1572,255,21,21,http://localhost:3500/query/empresa_simulada,39,0,0
1783612211050,19,POST get_monedas,200,OK,Benchmark - Operaciones Normales 1-14,text,true,,1572,255,21,21,http://localhost:3500/query/empresa_simulada,19,0,0
1783612211030,39,POST get_monedas,200,OK,Benchmark - Operaciones Normales 1-7,text,true,,1572,255,21,21,http://localhost:3500/query/empresa_simulada,39,0,0
1783612211051,24,POST get_empresa,200,OK,Benchmark - Operaciones Normales 1-6,text,true,,1456,255,21,21,http://localhost:3500/query/empresa_simulada,24,0,0
1783612211057,18,POST get_cuentas_cobrar,200,OK,Benchmark - Operaciones Normales 1-19,text,true,,1981,311,21,21,http://localhost:3500/query/empresa_simulada,18,0,0
1783612211050,25,POST get_cuentas_cobrar,200,OK,Benchmark - Operaciones Normales 1-9,text,true,,1981,311,21,21,http://localhost:3500/query/empresa_simulada,25,0,0
1783612211057,21,POST get_empresa,200,OK,Benchmark - Operaciones Normales 1-8,text,true,,1456,255,20,20,http://localhost:3500/query/empresa_simulada,21,0,0
1783612211060,18,POST get_empresa,200,OK,Benchmark - Operaciones Normales 1-11,text,true,,1456,255,20,20,http://localhost:3500/query/empresa_simulada,18,0,0
1783612211060,19,POST get_empresa,200,OK,Benchmark - Operaciones Normales 1-20,text,true,,1456,255,20,20,http://localhost:3500/query/empresa_simulada,19,0,0
1783612211061,19,POST get_bancos,200,OK,Benchmark - Operaciones Normales 1-22,text,true,,1344,254,20,20,http://localhost:3500/query/empresa_simulada,19,0,0
1783612211061,20,POST get_bancos,200,OK,Benchmark - Operaciones Normales 1-18,text,true,,1344,254,20,20,http://localhost:3500/query/empresa_simulada,20,0,0
1783612211063,20,POST get_cuentas_cobrar,200,OK,Benchmark - Operaciones Normales 1-15,text,true,,1981,311,20,20,http://localhost:3500/query/empresa_simulada,20,0,0
1783612211064,23,POST get_cuentas_cobrar,200,OK,Benchmark - Operaciones Normales 1-16,text,true,,1981,311,20,20,http://localhost:3500/query/empresa_simulada,23,0,0
1783612211064,25,POST get_monedas,200,OK,Benchmark - Operaciones Normales 1-17,text,true,,1572,255,20,20,http://localhost:3500/query/empresa_simulada,25,0,0
1783612211047,43,POST get_bancos,200,OK,Benchmark - Operaciones Normales 1-24,text,true,,1344,254,20,20,http://localhost:3500/query/empresa_simulada,43,0,0
1783612211043,49,POST get_empresa,200,OK,Benchmark - Operaciones Normales 1-12,text,true,,1456,255,20,20,http://localhost:3500/query/empresa_simulada,49,0,0
1783612211050,44,POST get_bancos,200,OK,Benchmark - Operaciones Normales 1-25,text,true,,1344,254,20,20,http://localhost:3500/query/empresa_simulada,44,0,0
1783612211075,20,POST get_bancos,200,OK,Benchmark - Operaciones Normales 1-9,text,true,,1344,254,20,20,http://localhost:3500/query/empresa_simulada,20,0,0
1783612211069,26,POST get_empresa,200,OK,Benchmark - Operaciones Normales 1-14,text,true,,1456,255,20,20,http://localhost:3500/query/empresa_simulada,26,0,0
1783612211078,34,POST get_cuentas_cobrar,200,OK,Benchmark - Operaciones Normales 1-8,text,true,,1981,311,20,20,http://localhost:3500/query/empresa_simulada,34,0,0
1783612211075,37,POST get_bancos,200,OK,Benchmark - Operaciones Normales 1-19,text,true,,1344,254,20,20,http://localhost:3500/query/empresa_simulada,37,0,0
1783612211078,35,POST get_cuentas_cobrar,200,OK,Benchmark - Operaciones Normales 1-11,text,true,,1981,311,20,20,http://localhost:3500/query/empresa_simulada,35,0,0
1783612211080,36,POST get_cuentas_cobrar,200,OK,Benchmark - Operaciones Normales 1-20,text,true,,1981,311,20,20,http://localhost:3500/query/empresa_simulada,36,0,0
1783612211082,35,POST get_monedas,200,OK,Benchmark - Operaciones Normales 1-18,text,true,,1572,255,20,20,http://localhost:3500/query/empresa_simulada,35,0,0
1783612211080,37,POST get_monedas,200,OK,Benchmark - Operaciones Normales 1-22,text,true,,1572,255,20,20,http://localhost:3500/query/empresa_simulada,37,0,0
1783612211084,34,POST get_bancos,200,OK,Benchmark - Operaciones Normales 1-15,text,true,,1344,254,20,20,http://localhost:3500/query/empresa_simulada,34,0,0
1783612211088,34,POST get_bancos,200,OK,Benchmark - Operaciones Normales 1-16,text,true,,1344,254,20,20,http://localhost:3500/query/empresa_simulada,34,0,0
1783612211089,33,POST get_empresa,200,OK,Benchmark - Operaciones Normales 1-17,text,true,,1456,255,20,20,http://localhost:3500/query/empresa_simulada,33,0,0
1783612211091,32,POST get_monedas,200,OK,Benchmark - Operaciones Normales 1-24,text,true,,1572,255,20,20,http://localhost:3500/query/empresa_simulada,32,0,0
1783612211066,57,POST get_bancos,200,OK,Benchmark - Operaciones Normales 1-10,text,true,,1344,254,20,20,http://localhost:3500/query/empresa_simulada,57,0,0
1783612211066,61,POST get_empresa,200,OK,Benchmark - Operaciones Normales 1-23,text,true,,1456,255,20,20,http://localhost:3500/query/empresa_simulada,61,0,0
1783612211068,61,POST get_empresa,200,OK,Benchmark - Operaciones Normales 1-21,text,true,,1456,255,20,20,http://localhost:3500/query/empresa_simulada,61,0,0
1783612211067,66,POST get_empresa,200,OK,Benchmark - Operaciones Normales 1-13,text,true,,1456,255,20,20,http://localhost:3500/query/empresa_simulada,66,0,0
1783612211069,64,POST get_empresa,200,OK,Benchmark - Operaciones Normales 1-7,text,true,,1456,255,20,20,http://localhost:3500/query/empresa_simulada,64,0,0
1783612211047,91,POST get_cuentas_cobrar,200,OK,Benchmark - Operaciones Normales 1-26,text,true,,1981,311,20,20,http://localhost:3500/query/empresa_simulada,91,0,3
1783612211096,42,POST get_cuentas_cobrar,200,OK,Benchmark - Operaciones Normales 1-14,text,true,,1981,311,20,20,http://localhost:3500/query/empresa_simulada,42,0,0
1783612211096,42,POST get_monedas,200,OK,Benchmark - Operaciones Normales 1-9,text,true,,1572,255,20,20,http://localhost:3500/query/empresa_simulada,42,0,0
1783612211112,31,POST get_monedas,200,OK,Benchmark - Operaciones Normales 1-19,text,true,,1572,255,20,20,http://localhost:3500/query/empresa_simulada,31,0,0
1783612211112,33,POST get_bancos,200,OK,Benchmark - Operaciones Normales 1-8,text,true,,1344,254,21,21,http://localhost:3500/query/empresa_simulada,33,0,0
1783612211113,34,POST get_bancos,200,OK,Benchmark - Operaciones Normales 1-11,text,true,,1344,254,21,21,http://localhost:3500/query/empresa_simulada,34,0,0
1783612211116,33,POST get_bancos,200,OK,Benchmark - Operaciones Normales 1-20,text,true,,1344,254,21,21,http://localhost:3500/query/empresa_simulada,33,0,0
1783612211117,33,POST get_empresa,200,OK,Benchmark - Operaciones Normales 1-22,text,true,,1456,255,21,21,http://localhost:3500/query/empresa_simulada,33,0,0
1783612211119,33,POST get_monedas,200,OK,Benchmark - Operaciones Normales 1-15,text,true,,1572,255,21,21,http://localhost:3500/query/empresa_simulada,33,0,0
1783612211117,35,POST get_empresa,200,OK,Benchmark - Operaciones Normales 1-18,text,true,,1456,255,21,21,http://localhost:3500/query/empresa_simulada,35,0,0
1783612211122,32,POST get_monedas,200,OK,Benchmark - Operaciones Normales 1-16,text,true,,1572,255,21,21,http://localhost:3500/query/empresa_simulada,32,0,0
1783612211122,33,POST get_cuentas_cobrar,200,OK,Benchmark - Operaciones Normales 1-17,text,true,,1981,311,21,21,http://localhost:3500/query/empresa_simulada,33,0,0
1783612211123,198,POST get_empresa,200,OK,Benchmark - Operaciones Normales 1-24,text,true,,1456,255,22,22,http://localhost:3500/query/empresa_simulada,198,0,0
1783612211123,199,POST get_monedas,200,OK,Benchmark - Operaciones Normales 1-10,text,true,,1572,255,22,22,http://localhost:3500/query/empresa_simulada,199,0,0
1783612211127,195,POST get_cuentas_cobrar,200,OK,Benchmark - Operaciones Normales 1-23,text,true,,1981,311,22,22,http://localhost:3500/query/empresa_simulada,195,0,0
1783612211092,230,POST get_cuentas_cobrar,200,OK,Benchmark - Operaciones Normales 1-12,text,true,,1981,311,22,22,http://localhost:3500/query/empresa_simulada,230,0,0
1783612211094,228,POST get_monedas,200,OK,Benchmark - Operaciones Normales 1-25,text,true,,1572,255,22,22,http://localhost:3500/query/empresa_simulada,228,0,0
1783612211139,183,POST get_bancos,200,OK,Benchmark - Operaciones Normales 1-14,text,true,,1344,254,22,22,http://localhost:3500/query/empresa_simulada,183,0,0
1783612211143,179,POST get_empresa,200,OK,Benchmark - Operaciones Normales 1-19,text,true,,1456,255,22,22,http://localhost:3500/query/empresa_simulada,179,0,0
1783612211145,177,POST get_monedas,200,OK,Benchmark - Operaciones Normales 1-8,text,true,,1572,255,22,22,http://localhost:3500/query/empresa_simulada,177,0,0
1783612211153,169,POST get_empresa,200,OK,Benchmark - Operaciones Normales 1-15,text,true,,1456,255,22,22,http://localhost:3500/query/empresa_simulada,169,0,0
1783612211153,169,POST get_cuentas_cobrar,200,OK,Benchmark - Operaciones Normales 1-18,text,true,,1981,311,22,22,http://localhost:3500/query/empresa_simulada,169,0,0
1783612211151,171,POST get_cuentas_cobrar,200,OK,Benchmark - Operaciones Normales 1-22,text,true,,1981,311,22,22,http://localhost:3500/query/empresa_simulada,171,0,0
1783612211156,166,POST get_bancos,200,OK,Benchmark - Operaciones Normales 1-17,text,true,,1344,254,22,22,http://localhost:3500/query/empresa_simulada,166,0,0
1783612211150,172,POST get_monedas,200,OK,Benchmark - Operaciones Normales 1-20,text,true,,1572,255,22,22,http://localhost:3500/query/empresa_simulada,172,0,0
1783612211133,190,POST get_cuentas_cobrar,200,OK,Benchmark - Operaciones Normales 1-13,text,true,,1981,311,22,22,http://localhost:3500/query/empresa_simulada,190,0,0
1783612211130,193,POST get_cuentas_cobrar,200,OK,Benchmark - Operaciones Normales 1-21,text,true,,1981,311,22,22,http://localhost:3500/query/empresa_simulada,193,0,0
1783612211138,185,POST get_bancos,200,OK,Benchmark - Operaciones Normales 1-26,text,true,,1344,254,22,22,http://localhost:3500/query/empresa_simulada,185,0,0
1783612211145,178,POST get_cuentas_cobrar,200,OK,Benchmark - Operaciones Normales 1-27,text,true,,1981,311,22,22,http://localhost:3500/query/empresa_simulada,178,0,2
1783612211139,183,POST get_empresa,200,OK,Benchmark - Operaciones Normales 1-9,text,true,,1456,255,22,22,http://localhost:3500/query/empresa_simulada,183,0,0
1783612211148,174,POST get_monedas,200,OK,Benchmark - Operaciones Normales 1-11,text,true,,1572,255,22,22,http://localhost:3500/query/empresa_simulada,174,0,0
1783612211133,190,POST get_cuentas_cobrar,200,OK,Benchmark - Operaciones Normales 1-7,text,true,,1981,311,22,22,http://localhost:3500/query/empresa_simulada,190,0,0
1783612211155,167,POST get_empresa,200,OK,Benchmark - Operaciones Normales 1-16,text,true,,1456,255,22,22,http://localhost:3500/query/empresa_simulada,167,0,0
1783612211322,6,POST get_empresa,200,OK,Benchmark - Operaciones Normales 1-25,text,true,,1456,255,21,21,http://localhost:3500/query/empresa_simulada,6,0,0
1783612211323,5,POST get_bancos,200,OK,Benchmark - Operaciones Normales 1-13,text,true,,1344,254,21,21,http://localhost:3500/query/empresa_simulada,5,0,0
1783612211323,25,POST get_monedas,200,OK,Benchmark - Operaciones Normales 1-17,text,true,,1572,255,22,22,http://localhost:3500/query/empresa_simulada,25,0,0
1783612211323,26,POST get_cuentas_cobrar,200,OK,Benchmark - Operaciones Normales 1-15,text,true,,1981,311,22,22,http://localhost:3500/query/empresa_simulada,26,0,0
1783612211323,26,POST get_empresa,200,OK,Benchmark - Operaciones Normales 1-20,text,true,,1456,255,22,22,http://localhost:3500/query/empresa_simulada,26,0,0
1783612211323,48,POST get_bancos,200,OK,Benchmark - Operaciones Normales 1-21,text,true,,1344,254,22,22,http://localhost:3500/query/empresa_simulada,48,0,0
1783612211323,48,POST get_bancos,200,OK,Benchmark - Operaciones Normales 1-18,text,true,,1344,254,22,22,http://localhost:3500/query/empresa_simulada,48,0,0
1783612211323,48,POST get_monedas,200,OK,Benchmark - Operaciones Normales 1-26,text,true,,1572,255,22,22,http://localhost:3500/query/empresa_simulada,48,0,0
1783612211322,49,POST get_cuentas_cobrar,200,OK,Benchmark - Operaciones Normales 1-24,text,true,,1981,311,22,22,http://localhost:3500/query/empresa_simulada,49,0,0
1783612211322,50,POST get_cuentas_cobrar,200,OK,Benchmark - Operaciones Normales 1-19,text,true,,1981,311,22,22,http://localhost:3500/query/empresa_simulada,50,0,0
1783612211322,50,POST get_bancos,200,OK,Benchmark - Operaciones Normales 1-23,text,true,,1344,254,22,22,http://localhost:3500/query/empresa_simulada,50,0,0
1783612211322,50,POST get_empresa,200,OK,Benchmark - Operaciones Normales 1-8,text,true,,1456,255,22,22,http://localhost:3500/query/empresa_simulada,50,0,0
1783612211323,50,POST get_bancos,200,OK,Benchmark - Operaciones Normales 1-22,text,true,,1344,254,22,22,http://localhost:3500/query/empresa_simulada,50,0,0
1783612211322,51,POST get_bancos,200,OK,Benchmark - Operaciones Normales 1-12,text,true,,1344,254,22,22,http://localhost:3500/query/empresa_simulada,51,0,0
1783612211322,51,POST get_monedas,200,OK,Benchmark - Operaciones Normales 1-14,text,true,,1572,255,22,22,http://localhost:3500/query/empresa_simulada,51,0,0
1783612211322,51,POST get_empresa,200,OK,Benchmark - Operaciones Normales 1-10,text,true,,1456,255,22,22,http://localhost:3500/query/empresa_simulada,51,0,0
1783612211324,51,POST get_empresa,200,OK,Benchmark - Operaciones Normales 1-11,text,true,,1456,255,22,22,http://localhost:3500/query/empresa_simulada,51,0,0
1783612211323,52,POST get_bancos,200,OK,Benchmark - Operaciones Normales 1-27,text,true,,1344,254,22,22,http://localhost:3500/query/empresa_simulada,52,0,0
1783612211328,47,POST get_cuentas_cobrar,200,OK,Benchmark - Operaciones Normales 1-25,text,true,,1981,311,22,22,http://localhost:3500/query/empresa_simulada,47,0,0
1783612211324,51,POST get_bancos,200,OK,Benchmark - Operaciones Normales 1-7,text,true,,1344,254,22,22,http://localhost:3500/query/empresa_simulada,51,0,0
1783612211328,47,POST get_monedas,200,OK,Benchmark - Operaciones Normales 1-13,text,true,,1572,255,22,22,http://localhost:3500/query/empresa_simulada,47,0,0
1783612211325,51,POST get_cuentas_cobrar,200,OK,Benchmark - Operaciones Normales 1-16,text,true,,1981,311,22,22,http://localhost:3500/query/empresa_simulada,51,0,0
1783612211349,29,POST get_empresa,200,OK,Benchmark - Operaciones Normales 1-17,text,true,,1456,255,22,22,http://localhost:3500/query/empresa_simulada,29,0,0
1783612211350,28,POST get_cuentas_cobrar,200,OK,Benchmark - Operaciones Normales 1-20,text,true,,1981,311,22,22,http://localhost:3500/query/empresa_simulada,28,0,0
1783612211350,28,POST get_bancos,200,OK,Benchmark - Operaciones Normales 1-15,text,true,,1344,254,22,22,http://localhost:3500/query/empresa_simulada,28,0,0
1783612211246,133,POST get_cuentas_cobrar,200,OK,Benchmark - Operaciones Normales 1-28,text,true,,1981,311,22,22,http://localhost:3500/query/empresa_simulada,133,0,1
1783612211372,13,POST get_cuentas_cobrar,200,OK,Benchmark - Operaciones Normales 1-8,text,true,,1981,311,22,22,http://localhost:3500/query/empresa_simulada,13,0,0
1783612211344,41,POST get_cuentas_cobrar,200,OK,Benchmark - Operaciones Normales 1-29,text,true,,1981,311,22,22,http://localhost:3500/query/empresa_simulada,41,0,2
1783612211372,14,POST get_bancos,200,OK,Benchmark - Operaciones Normales 1-24,text,true,,1344,254,22,22,http://localhost:3500/query/empresa_simulada,14,0,0
1783612211373,12,POST get_cuentas_cobrar,200,OK,Benchmark - Operaciones Normales 1-10,text,true,,1981,311,22,22,http://localhost:3500/query/empresa_simulada,12,0,0
1783612211371,15,POST get_monedas,200,OK,Benchmark - Operaciones Normales 1-18,text,true,,1572,255,22,22,http://localhost:3500/query/empresa_simulada,15,0,0
1783612211371,16,POST get_empresa,200,OK,Benchmark - Operaciones Normales 1-26,text,true,,1456,255,22,22,http://localhost:3500/query/empresa_simulada,16,0,0
1783612211375,12,POST get_cuentas_cobrar,200,OK,Benchmark - Operaciones Normales 1-11,text,true,,1981,311,22,22,http://localhost:3500/query/empresa_simulada,12,0,0
1783612211372,15,POST get_bancos,200,OK,Benchmark - Operaciones Normales 1-19,text,true,,1344,254,22,22,http://localhost:3500/query/empresa_simulada,15,0,0
1783612211375,15,POST get_bancos,200,OK,Benchmark - Operaciones Normales 1-25,text,true,,1344,254,22,22,http://localhost:3500/query/empresa_simulada,15,0,0
1783612211372,18,POST get_monedas,200,OK,Benchmark - Operaciones Normales 1-23,text,true,,1572,255,22,22,http://localhost:3500/query/empresa_simulada,18,0,0
1783612211371,21,POST get_monedas,200,OK,Benchmark - Operaciones Normales 1-21,text,true,,1572,255,22,22,http://localhost:3500/query/empresa_simulada,21,0,0
1783612211375,19,POST get_empresa,200,OK,Benchmark - Operaciones Normales 1-13,text,true,,1456,255,22,22,http://localhost:3500/query/empresa_simulada,19,0,0
1783612211375,21,POST get_monedas,200,OK,Benchmark - Operaciones Normales 1-27,text,true,,1572,255,22,22,http://localhost:3500/query/empresa_simulada,21,0,0
1783612211386,11,POST get_bancos,200,OK,Benchmark - Operaciones Normales 1-10,text,true,,1344,254,22,22,http://localhost:3500/query/empresa_simulada,11,0,0
1783612211386,12,POST get_monedas,200,OK,Benchmark - Operaciones Normales 1-24,text,true,,1572,255,22,22,http://localhost:3500/query/empresa_simulada,12,0,0
1783612211386,16,POST get_empresa,200,OK,Benchmark - Operaciones Normales 1-18,text,true,,1456,255,22,22,http://localhost:3500/query/empresa_simulada,16,0,0
1783612211387,15,POST get_cuentas_cobrar,200,OK,Benchmark - Operaciones Normales 1-26,text,true,,1981,311,22,22,http://localhost:3500/query/empresa_simulada,15,0,0
1783612211387,18,POST get_bancos,200,OK,Benchmark - Operaciones Normales 1-11,text,true,,1344,254,22,22,http://localhost:3500/query/empresa_simulada,18,0,0
1783612211388,17,POST get_monedas,200,OK,Benchmark - Operaciones Normales 1-19,text,true,,1572,255,22,22,http://localhost:3500/query/empresa_simulada,17,0,0
1783612211391,15,POST get_empresa,200,OK,Benchmark - Operaciones Normales 1-23,text,true,,1456,255,22,22,http://localhost:3500/query/empresa_simulada,15,0,0
1783612211391,15,POST get_monedas,200,OK,Benchmark - Operaciones Normales 1-25,text,true,,1572,255,22,22,http://localhost:3500/query/empresa_simulada,15,0,0
1783612211393,15,POST get_empresa,200,OK,Benchmark - Operaciones Normales 1-21,text,true,,1456,255,22,22,http://localhost:3500/query/empresa_simulada,15,0,0
1783612211379,31,POST get_cuentas_cobrar,200,OK,Benchmark - Operaciones Normales 1-17,text,true,,1981,311,22,22,http://localhost:3500/query/empresa_simulada,31,0,0
1783612211376,36,POST get_bancos,200,OK,Benchmark - Operaciones Normales 1-16,text,true,,1344,254,22,22,http://localhost:3500/query/empresa_simulada,35,0,0
1783612211373,40,POST get_monedas,200,OK,Benchmark - Operaciones Normales 1-22,text,true,,1572,255,22,22,http://localhost:3500/query/empresa_simulada,40,0,0
1783612211375,41,POST get_monedas,200,OK,Benchmark - Operaciones Normales 1-7,text,true,,1572,255,22,22,http://localhost:3500/query/empresa_simulada,41,0,0
1783612211373,44,POST get_monedas,200,OK,Benchmark - Operaciones Normales 1-12,text,true,,1572,255,22,22,http://localhost:3500/query/empresa_simulada,44,0,0
1783612211379,39,POST get_bancos,200,OK,Benchmark - Operaciones Normales 1-28,text,true,,1344,254,22,22,http://localhost:3500/query/empresa_simulada,39,0,0
1783612211373,47,POST get_empresa,200,OK,Benchmark - Operaciones Normales 1-14,text,true,,1456,255,22,22,http://localhost:3500/query/empresa_simulada,47,0,0
1783612211379,42,POST get_bancos,200,OK,Benchmark - Operaciones Normales 1-20,text,true,,1344,254,22,22,http://localhost:3500/query/empresa_simulada,42,0,0
1783612211379,43,POST get_monedas,200,OK,Benchmark - Operaciones Normales 1-15,text,true,,1572,255,22,22,http://localhost:3500/query/empresa_simulada,43,0,0
1783612211386,38,POST get_bancos,200,OK,Benchmark - Operaciones Normales 1-8,text,true,,1344,254,22,22,http://localhost:3500/query/empresa_simulada,38,0,0
1783612211386,38,POST get_bancos,200,OK,Benchmark - Operaciones Normales 1-29,text,true,,1344,254,22,22,http://localhost:3500/query/empresa_simulada,38,0,0
1783612211397,29,POST get_monedas,200,OK,Benchmark - Operaciones Normales 1-10,text,true,,1572,255,22,22,http://localhost:3500/query/empresa_simulada,29,0,0
1783612211399,29,POST get_empresa,200,OK,Benchmark - Operaciones Normales 1-24,text,true,,1456,255,22,22,http://localhost:3500/query/empresa_simulada,29,0,0
1783612211402,28,POST get_cuentas_cobrar,200,OK,Benchmark - Operaciones Normales 1-18,text,true,,1981,311,22,22,http://localhost:3500/query/empresa_simulada,28,0,0
1783612211402,29,POST get_bancos,200,OK,Benchmark - Operaciones Normales 1-26,text,true,,1344,254,22,22,http://localhost:3500/query/empresa_simulada,29,0,0
1783612211405,28,POST get_monedas,200,OK,Benchmark - Operaciones Normales 1-11,text,true,,1572,255,22,22,http://localhost:3500/query/empresa_simulada,28,0,0
1783612211405,30,POST get_empresa,200,OK,Benchmark - Operaciones Normales 1-19,text,true,,1456,255,22,22,http://localhost:3500/query/empresa_simulada,30,0,0
1783612211407,32,POST get_cuentas_cobrar,200,OK,Benchmark - Operaciones Normales 1-23,text,true,,1981,311,22,22,http://localhost:3500/query/empresa_simulada,32,0,0
1783612211407,34,POST get_empresa,200,OK,Benchmark - Operaciones Normales 1-25,text,true,,1456,255,22,22,http://localhost:3500/query/empresa_simulada,34,0,0
1783612211408,34,POST get_cuentas_cobrar,200,OK,Benchmark - Operaciones Normales 1-21,text,true,,1981,311,22,22,http://localhost:3500/query/empresa_simulada,34,0,0
1783612211410,33,POST get_bancos,200,OK,Benchmark - Operaciones Normales 1-17,text,true,,1344,254,22,22,http://localhost:3500/query/empresa_simulada,33,0,0
1783612211416,30,POST get_empresa,200,OK,Benchmark - Operaciones Normales 1-7,text,true,,1456,255,23,23,http://localhost:3500/query/empresa_simulada,30,0,0
1783612211414,32,POST get_empresa,200,OK,Benchmark - Operaciones Normales 1-22,text,true,,1456,255,23,23,http://localhost:3500/query/empresa_simulada,32,0,0
1783612211412,34,POST get_monedas,200,OK,Benchmark - Operaciones Normales 1-16,text,true,,1572,255,23,23,http://localhost:3500/query/empresa_simulada,34,0,0
1783612211417,31,POST get_empresa,200,OK,Benchmark - Operaciones Normales 1-12,text,true,,1456,255,22,22,http://localhost:3500/query/empresa_simulada,31,0,0
1783612211419,31,POST get_monedas,200,OK,Benchmark - Operaciones Normales 1-28,text,true,,1572,255,22,22,http://localhost:3500/query/empresa_simulada,31,0,0
1783612211420,32,POST get_cuentas_cobrar,200,OK,Benchmark - Operaciones Normales 1-14,text,true,,1981,311,22,22,http://localhost:3500/query/empresa_simulada,32,0,0
1783612211395,58,POST get_cuentas_cobrar,200,OK,Benchmark - Operaciones Normales 1-13,text,true,,1981,311,22,22,http://localhost:3500/query/empresa_simulada,58,0,0
1783612211397,57,POST get_empresa,200,OK,Benchmark - Operaciones Normales 1-27,text,true,,1456,255,22,22,http://localhost:3500/query/empresa_simulada,57,0,0
1783612211426,30,POST get_empresa,200,OK,Benchmark - Operaciones Normales 1-10,text,true,,1456,255,22,22,http://localhost:3500/query/empresa_simulada,30,0,0
1783612211428,29,POST get_cuentas_cobrar,200,OK,Benchmark - Operaciones Normales 1-24,text,true,,1981,311,22,22,http://localhost:3500/query/empresa_simulada,29,0,0
1783612211430,28,POST get_bancos,200,OK,Benchmark - Operaciones Normales 1-18,text,true,,1344,254,22,22,http://localhost:3500/query/empresa_simulada,28,0,0
1783612211431,29,POST get_monedas,200,OK,Benchmark - Operaciones Normales 1-26,text,true,,1572,255,22,22,http://localhost:3500/query/empresa_simulada,29,0,0
1783612211433,27,POST get_empresa,200,OK,Benchmark - Operaciones Normales 1-11,text,true,,1456,255,22,22,http://localhost:3500/query/empresa_simulada,27,0,0
1783612211435,27,POST get_cuentas_cobrar,200,OK,Benchmark - Operaciones Normales 1-19,text,true,,1981,311,22,22,http://localhost:3500/query/empresa_simulada,26,0,0
1783612211440,22,POST get_bancos,200,OK,Benchmark - Operaciones Normales 1-23,text,true,,1344,254,22,22,http://localhost:3500/query/empresa_simulada,22,0,0
1783612211441,23,POST get_cuentas_cobrar,200,OK,Benchmark - Operaciones Normales 1-25,text,true,,1981,311,22,22,http://localhost:3500/query/empresa_simulada,23,0,0
1783612211442,22,POST get_bancos,200,OK,Benchmark - Operaciones Normales 1-21,text,true,,1344,254,22,22,http://localhost:3500/query/empresa_simulada,22,0,0
1783612211443,22,POST get_monedas,200,OK,Benchmark - Operaciones Normales 1-17,text,true,,1572,255,22,22,http://localhost:3500/query/empresa_simulada,22,0,0
1783612211446,20,POST get_empresa,200,OK,Benchmark - Operaciones Normales 1-16,text,true,,1456,255,22,22,http://localhost:3500/query/empresa_simulada,20,0,0
1783612211446,22,POST get_cuentas_cobrar,200,OK,Benchmark - Operaciones Normales 1-22,text,true,,1981,311,22,22,http://localhost:3500/query/empresa_simulada,22,0,0
1783612211449,21,POST get_cuentas_cobrar,200,OK,Benchmark - Operaciones Normales 1-12,text,true,,1981,311,22,22,http://localhost:3500/query/empresa_simulada,20,0,0
1783612211450,20,POST get_empresa,200,OK,Benchmark - Operaciones Normales 1-28,text,true,,1456,255,22,22,http://localhost:3500/query/empresa_simulada,20,0,0
1783612211452,20,POST get_bancos,200,OK,Benchmark - Operaciones Normales 1-14,text,true,,1344,254,22,22,http://localhost:3500/query/empresa_simulada,20,0,0
1783612211423,50,POST get_empresa,200,OK,Benchmark - Operaciones Normales 1-15,text,true,,1456,255,22,22,http://localhost:3500/query/empresa_simulada,50,0,0
1783612211421,54,POST get_monedas,200,OK,Benchmark - Operaciones Normales 1-20,text,true,,1572,255,22,22,http://localhost:3500/query/empresa_simulada,54,0,0
1783612211425,53,POST get_monedas,200,OK,Benchmark - Operaciones Normales 1-8,text,true,,1572,255,22,22,http://localhost:3500/query/empresa_simulada,53,0,0
1783612211456,25,POST get_cuentas_cobrar,200,OK,Benchmark - Operaciones Normales 1-10,text,true,,1981,311,22,22,http://localhost:3500/query/empresa_simulada,25,0,0
1783612211425,56,POST get_monedas,200,OK,Benchmark - Operaciones Normales 1-29,text,true,,1572,255,22,22,http://localhost:3500/query/empresa_simulada,56,0,0
1783612211457,25,POST get_bancos,200,OK,Benchmark - Operaciones Normales 1-24,text,true,,1344,254,22,22,http://localhost:3500/query/empresa_simulada,25,0,0
1783612211459,24,POST get_monedas,200,OK,Benchmark - Operaciones Normales 1-18,text,true,,1572,255,22,22,http://localhost:3500/query/empresa_simulada,24,0,0
1783612211460,24,POST get_empresa,200,OK,Benchmark - Operaciones Normales 1-26,text,true,,1456,255,22,22,http://localhost:3500/query/empresa_simulada,24,0,0
1783612211461,24,POST get_cuentas_cobrar,200,OK,Benchmark - Operaciones Normales 1-11,text,true,,1981,311,22,22,http://localhost:3500/query/empresa_simulada,24,0,0
1783612211462,25,POST get_bancos,200,OK,Benchmark - Operaciones Normales 1-19,text,true,,1344,254,22,22,http://localhost:3500/query/empresa_simulada,25,0,0
1783612211463,26,POST get_monedas,200,OK,Benchmark - Operaciones Normales 1-23,text,true,,1572,255,22,22,http://localhost:3500/query/empresa_simulada,26,0,0
1783612211464,29,POST get_bancos,200,OK,Benchmark - Operaciones Normales 1-25,text,true,,1344,254,22,22,http://localhost:3500/query/empresa_simulada,29,0,0
1783612211464,36,POST get_monedas,200,OK,Benchmark - Operaciones Normales 1-21,text,true,,1572,255,22,22,http://localhost:3500/query/empresa_simulada,35,0,0
1783612211466,35,POST get_empresa,200,OK,Benchmark - Operaciones Normales 1-17,text,true,,1456,255,22,22,http://localhost:3500/query/empresa_simulada,35,0,0
1783612211467,34,POST get_cuentas_cobrar,200,OK,Benchmark - Operaciones Normales 1-16,text,true,,1981,311,22,22,http://localhost:3500/query/empresa_simulada,34,0,0
1783612211468,36,POST get_bancos,200,OK,Benchmark - Operaciones Normales 1-22,text,true,,1344,254,22,22,http://localhost:3500/query/empresa_simulada,36,0,0
1783612211470,34,POST get_bancos,200,OK,Benchmark - Operaciones Normales 1-12,text,true,,1344,254,22,22,http://localhost:3500/query/empresa_simulada,34,0,0
1783612211471,34,POST get_cuentas_cobrar,200,OK,Benchmark - Operaciones Normales 1-28,text,true,,1981,311,22,22,http://localhost:3500/query/empresa_simulada,34,0,0
1783612211472,33,POST get_monedas,200,OK,Benchmark - Operaciones Normales 1-14,text,true,,1572,255,22,22,http://localhost:3500/query/empresa_simulada,33,0,0
1783612211473,36,POST get_cuentas_cobrar,200,OK,Benchmark - Operaciones Normales 1-15,text,true,,1981,311,22,22,http://localhost:3500/query/empresa_simulada,36,0,0
1783612211453,58,POST get_bancos,200,OK,Benchmark - Operaciones Normales 1-13,text,true,,1344,254,22,22,http://localhost:3500/query/empresa_simulada,58,0,0
1783612211454,59,POST get_cuentas_cobrar,200,OK,Benchmark - Operaciones Normales 1-27,text,true,,1981,311,22,22,http://localhost:3500/query/empresa_simulada,59,0,0
1783612211447,68,POST get_cuentas_cobrar,200,OK,Benchmark - Operaciones Normales 1-30,text,true,,1981,311,22,22,http://localhost:3500/query/empresa_simulada,68,0,1
1783612211481,36,POST get_bancos,200,OK,Benchmark - Operaciones Normales 1-10,text,true,,1344,254,22,22,http://localhost:3500/query/empresa_simulada,36,0,0
1783612211483,36,POST get_empresa,200,OK,Benchmark - Operaciones Normales 1-18,text,true,,1456,255,22,22,http://localhost:3500/query/empresa_simulada,36,0,0
1783612211483,36,POST get_monedas,200,OK,Benchmark - Operaciones Normales 1-24,text,true,,1572,255,22,22,http://localhost:3500/query/empresa_simulada,36,0,0
1783612211484,38,POST get_cuentas_cobrar,200,OK,Benchmark - Operaciones Normales 1-26,text,true,,1981,311,22,22,http://localhost:3500/query/empresa_simulada,38,0,0
1783612211486,39,POST get_bancos,200,OK,Benchmark - Operaciones Normales 1-11,text,true,,1344,254,22,22,http://localhost:3500/query/empresa_simulada,39,0,0
1783612211487,40,POST get_monedas,200,OK,Benchmark - Operaciones Normales 1-19,text,true,,1572,255,22,22,http://localhost:3500/query/empresa_simulada,40,0,0
1783612211489,40,POST get_empresa,200,OK,Benchmark - Operaciones Normales 1-23,text,true,,1456,255,22,22,http://localhost:3500/query/empresa_simulada,40,0,0
1783612211493,38,POST get_monedas,200,OK,Benchmark - Operaciones Normales 1-25,text,true,,1572,255,22,22,http://localhost:3500/query/empresa_simulada,38,0,0
1783612211500,34,POST get_empresa,200,OK,Benchmark - Operaciones Normales 1-21,text,true,,1456,255,22,22,http://localhost:3500/query/empresa_simulada,34,0,0
1783612211501,34,POST get_bancos,200,OK,Benchmark - Operaciones Normales 1-16,text,true,,1344,254,22,22,http://localhost:3500/query/empresa_simulada,34,0,0
1783612211501,34,POST get_cuentas_cobrar,200,OK,Benchmark - Operaciones Normales 1-17,text,true,,1981,311,22,22,http://localhost:3500/query/empresa_simulada,34,0,0
1783612211504,33,POST get_monedas,200,OK,Benchmark - Operaciones Normales 1-22,text,true,,1572,255,22,22,http://localhost:3500/query/empresa_simulada,33,0,0
1783612211504,34,POST get_monedas,200,OK,Benchmark - Operaciones Normales 1-12,text,true,,1572,255,22,22,http://localhost:3500/query/empresa_simulada,34,0,0
1783612211505,35,POST get_bancos,200,OK,Benchmark - Operaciones Normales 1-28,text,true,,1344,254,22,22,http://localhost:3500/query/empresa_simulada,35,0,0
1783612211506,37,POST get_empresa,200,OK,Benchmark - Operaciones Normales 1-14,text,true,,1456,255,23,23,http://localhost:3500/query/empresa_simulada,37,0,0
1783612211509,37,POST get_bancos,200,OK,Benchmark - Operaciones Normales 1-15,text,true,,1344,254,23,23,http://localhost:3500/query/empresa_simulada,37,0,0
1783612211512,36,POST get_monedas,200,OK,Benchmark - Operaciones Normales 1-13,text,true,,1572,255,23,23,http://localhost:3500/query/empresa_simulada,36,0,0
1783612211478,279,POST get_empresa,200,OK,Benchmark - Operaciones Normales 1-8,text,true,,1456,255,25,25,http://localhost:3500/query/empresa_simulada,279,0,0
1783612211475,283,POST get_empresa,200,OK,Benchmark - Operaciones Normales 1-20,text,true,,1456,255,25,25,http://localhost:3500/query/empresa_simulada,283,0,0
1783612211481,279,POST get_empresa,200,OK,Benchmark - Operaciones Normales 1-29,text,true,,1456,255,24,24,http://localhost:3500/query/empresa_simulada,279,0,0
1783612211517,243,POST get_monedas,200,OK,Benchmark - Operaciones Normales 1-10,text,true,,1572,255,24,24,http://localhost:3500/query/empresa_simulada,243,0,0
1783612211519,242,POST get_empresa,200,OK,Benchmark - Operaciones Normales 1-24,text,true,,1456,255,24,24,http://localhost:3500/query/empresa_simulada,242,0,0
1783612211519,242,POST get_cuentas_cobrar,200,OK,Benchmark - Operaciones Normales 1-18,text,true,,1981,311,24,24,http://localhost:3500/query/empresa_simulada,242,0,0
1783612211522,240,POST get_bancos,200,OK,Benchmark - Operaciones Normales 1-26,text,true,,1344,254,24,24,http://localhost:3500/query/empresa_simulada,240,0,0
1783612211528,243,POST get_empresa,200,OK,Benchmark - Operaciones Normales 1-19,text,true,,1456,255,24,24,http://localhost:3500/query/empresa_simulada,243,0,0
1783612211525,246,POST get_monedas,200,OK,Benchmark - Operaciones Normales 1-11,text,true,,1572,255,24,24,http://localhost:3500/query/empresa_simulada,246,0,0
1783612211529,245,POST get_cuentas_cobrar,200,OK,Benchmark - Operaciones Normales 1-23,text,true,,1981,311,24,24,http://localhost:3500/query/empresa_simulada,245,0,0
1783612211532,245,POST get_empresa,200,OK,Benchmark - Operaciones Normales 1-25,text,true,,1456,255,24,24,http://localhost:3500/query/empresa_simulada,245,0,0
1783612211534,243,POST get_cuentas_cobrar,200,OK,Benchmark - Operaciones Normales 1-21,text,true,,1981,311,24,24,http://localhost:3500/query/empresa_simulada,243,0,0
1783612211535,250,POST get_bancos,200,OK,Benchmark - Operaciones Normales 1-17,text,true,,1344,254,24,24,http://localhost:3500/query/empresa_simulada,250,0,0
1783612211535,251,POST get_monedas,200,OK,Benchmark - Operaciones Normales 1-16,text,true,,1572,255,24,24,http://localhost:3500/query/empresa_simulada,251,0,0
1783612211537,249,POST get_empresa,200,OK,Benchmark - Operaciones Normales 1-22,text,true,,1456,255,24,24,http://localhost:3500/query/empresa_simulada,249,0,0
1783612211539,247,POST get_empresa,200,OK,Benchmark - Operaciones Normales 1-12,text,true,,1456,255,24,24,http://localhost:3500/query/empresa_simulada,247,0,0
1783612211541,246,POST get_monedas,200,OK,Benchmark - Operaciones Normales 1-28,text,true,,1572,255,24,24,http://localhost:3500/query/empresa_simulada,246,0,0
1783612211513,274,POST get_bancos,200,OK,Benchmark - Operaciones Normales 1-27,text,true,,1344,254,24,24,http://localhost:3500/query/empresa_simulada,274,0,0
1783612211515,272,POST get_bancos,200,OK,Benchmark - Operaciones Normales 1-30,text,true,,1344,254,24,24,http://localhost:3500/query/empresa_simulada,272,0,0
1783612211548,239,POST get_empresa,200,OK,Benchmark - Operaciones Normales 1-13,text,true,,1456,255,24,24,http://localhost:3500/query/empresa_simulada,239,0,0
1783612211543,244,POST get_cuentas_cobrar,200,OK,Benchmark - Operaciones Normales 1-31,text,true,,1981,311,24,24,http://localhost:3500/query/empresa_simulada,244,0,2
1783612211547,240,POST get_monedas,200,OK,Benchmark - Operaciones Normales 1-15,text,true,,1572,255,24,24,http://localhost:3500/query/empresa_simulada,240,0,0
1783612211544,243,POST get_cuentas_cobrar,200,OK,Benchmark - Operaciones Normales 1-14,text,true,,1981,311,24,24,http://localhost:3500/query/empresa_simulada,243,0,0
1783612211771,33,POST get_empresa,200,OK,Benchmark - Operaciones Normales 1-11,text,true,,1456,255,24,24,http://localhost:3500/query/empresa_simulada,33,0,0
1783612211759,45,POST get_cuentas_cobrar,200,OK,Benchmark - Operaciones Normales 1-20,text,true,,1981,311,24,24,http://localhost:3500/query/empresa_simulada,45,0,0
1783612211774,30,POST get_bancos,200,OK,Benchmark - Operaciones Normales 1-23,text,true,,1344,254,24,24,http://localhost:3500/query/empresa_simulada,30,0,0
1783612211760,44,POST get_empresa,200,OK,Benchmark - Operaciones Normales 1-10,text,true,,1456,255,24,24,http://localhost:3500/query/empresa_simulada,44,0,0
1783612211771,33,POST get_cuentas_cobrar,200,OK,Benchmark - Operaciones Normales 1-19,text,true,,1981,311,24,24,http://localhost:3500/query/empresa_simulada,33,0,0
1783612211761,43,POST get_cuentas_cobrar,200,OK,Benchmark - Operaciones Normales 1-24,text,true,,1981,311,24,24,http://localhost:3500/query/empresa_simulada,43,0,0
1783612211760,46,POST get_cuentas_cobrar,200,OK,Benchmark - Operaciones Normales 1-29,text,true,,1981,311,23,23,http://localhost:3500/query/empresa_simulada,46,0,0
1783612211777,40,POST get_cuentas_cobrar,200,OK,Benchmark - Operaciones Normales 1-25,text,true,,1981,311,23,23,http://localhost:3500/query/empresa_simulada,40,0,0
1783612211777,40,POST get_bancos,200,OK,Benchmark - Operaciones Normales 1-21,text,true,,1344,254,23,23,http://localhost:3500/query/empresa_simulada,40,0,0
1783612211786,34,POST get_monedas,200,OK,Benchmark - Operaciones Normales 1-17,text,true,,1572,255,23,23,http://localhost:3500/query/empresa_simulada,34,0,0
1783612211787,33,POST get_monedas,200,OK,Benchmark - Operaciones Normales 1-30,text,true,,1572,255,23,23,http://localhost:3500/query/empresa_simulada,33,0,0
1783612211787,34,POST get_empresa,200,OK,Benchmark - Operaciones Normales 1-28,text,true,,1456,255,23,23,http://localhost:3500/query/empresa_simulada,34,0,0
1783612211786,43,POST get_empresa,200,OK,Benchmark - Operaciones Normales 1-16,text,true,,1456,255,23,23,http://localhost:3500/query/empresa_simulada,43,0,0
1783612211786,43,POST get_cuentas_cobrar,200,OK,Benchmark - Operaciones Normales 1-12,text,true,,1981,311,23,23,http://localhost:3500/query/empresa_simulada,43,0,0
1783612211786,43,POST get_cuentas_cobrar,200,OK,Benchmark - Operaciones Normales 1-22,text,true,,1981,311,23,23,http://localhost:3500/query/empresa_simulada,43,0,0
1783612211787,43,POST get_monedas,200,OK,Benchmark - Operaciones Normales 1-27,text,true,,1572,255,23,23,http://localhost:3500/query/empresa_simulada,43,0,0
1783612211788,42,POST get_empresa,200,OK,Benchmark - Operaciones Normales 1-15,text,true,,1456,255,23,23,http://localhost:3500/query/empresa_simulada,42,0,0
1783612211788,42,POST get_bancos,200,OK,Benchmark - Operaciones Normales 1-14,text,true,,1344,254,23,23,http://localhost:3500/query/empresa_simulada,42,0,0
1783612211787,43,POST get_cuentas_cobrar,200,OK,Benchmark - Operaciones Normales 1-13,text,true,,1981,311,23,23,http://localhost:3500/query/empresa_simulada,43,0,0
1783612211787,43,POST get_bancos,200,OK,Benchmark - Operaciones Normales 1-31,text,true,,1344,254,23,23,http://localhost:3500/query/empresa_simulada,43,0,0
1783612211762,69,POST get_bancos,200,OK,Benchmark - Operaciones Normales 1-18,text,true,,1344,254,23,23,http://localhost:3500/query/empresa_simulada,68,0,0
1783612211762,69,POST get_monedas,200,OK,Benchmark - Operaciones Normales 1-26,text,true,,1572,255,23,23,http://localhost:3500/query/empresa_simulada,69,0,0
1783612211805,26,POST get_bancos,200,OK,Benchmark - Operaciones Normales 1-24,text,true,,1344,254,23,23,http://localhost:3500/query/empresa_simulada,26,0,0
1783612211804,27,POST get_monedas,200,OK,Benchmark - Operaciones Normales 1-23,text,true,,1572,255,23,23,http://localhost:3500/query/empresa_simulada,27,0,0
1783612211805,26,POST get_cuentas_cobrar,200,OK,Benchmark - Operaciones Normales 1-11,text,true,,1981,311,23,23,http://localhost:3500/query/empresa_simulada,26,0,0
1783612211805,26,POST get_bancos,200,OK,Benchmark - Operaciones Normales 1-19,text,true,,1344,254,23,23,http://localhost:3500/query/empresa_simulada,26,0,0
1783612211804,27,POST get_bancos,200,OK,Benchmark - Operaciones Normales 1-20,text,true,,1344,254,23,23,http://localhost:3500/query/empresa_simulada,27,0,0
1783612211806,29,POST get_bancos,200,OK,Benchmark - Operaciones Normales 1-29,text,true,,1344,254,23,23,http://localhost:3500/query/empresa_simulada,29,0,0
1783612211644,193,POST get_cuentas_cobrar,200,OK,Benchmark - Operaciones Normales 1-32,text,true,,1981,311,23,23,http://localhost:3500/query/empresa_simulada,193,0,2
1783612211745,92,POST get_cuentas_cobrar,200,OK,Benchmark - Operaciones Normales 1-33,text,true,,1981,311,23,23,http://localhost:3500/query/empresa_simulada,92,0,1
1783612211830,7,POST get_cuentas_cobrar,200,OK,Benchmark - Operaciones Normales 1-15,text,true,,1981,311,23,23,http://localhost:3500/query/empresa_simulada,7,0,0
1783612211821,20,POST get_cuentas_cobrar,200,OK,Benchmark - Operaciones Normales 1-28,text,true,,1981,311,23,23,http://localhost:3500/query/empresa_simulada,20,0,0
1783612211820,21,POST get_empresa,200,OK,Benchmark - Operaciones Normales 1-17,text,true,,1456,255,23,23,http://localhost:3500/query/empresa_simulada,21,0,0
1783612211820,27,POST get_empresa,200,OK,Benchmark - Operaciones Normales 1-30,text,true,,1456,255,24,24,http://localhost:3500/query/empresa_simulada,27,0,0
1783612211818,29,POST get_monedas,200,OK,Benchmark - Operaciones Normales 1-21,text,true,,1572,255,24,24,http://localhost:3500/query/empresa_simulada,29,0,0
1783612211829,19,POST get_cuentas_cobrar,200,OK,Benchmark - Operaciones Normales 1-16,text,true,,1981,311,24,24,http://localhost:3500/query/empresa_simulada,19,0,0
1783612211831,20,POST get_monedas,200,OK,Benchmark - Operaciones Normales 1-24,text,true,,1572,255,24,24,http://localhost:3500/query/empresa_simulada,20,0,0
1783612211829,22,POST get_bancos,200,OK,Benchmark - Operaciones Normales 1-12,text,true,,1344,254,24,24,http://localhost:3500/query/empresa_simulada,22,0,0
1783612211829,22,POST get_bancos,200,OK,Benchmark - Operaciones Normales 1-22,text,true,,1344,254,24,24,http://localhost:3500/query/empresa_simulada,22,0,0
1783612211818,33,POST get_bancos,200,OK,Benchmark - Operaciones Normales 1-25,text,true,,1344,254,24,24,http://localhost:3500/query/empresa_simulada,33,0,0
1783612211830,22,POST get_bancos,200,OK,Benchmark - Operaciones Normales 1-13,text,true,,1344,254,24,24,http://localhost:3500/query/empresa_simulada,21,0,0
1783612211831,22,POST get_monedas,200,OK,Benchmark - Operaciones Normales 1-18,text,true,,1572,255,24,24,http://localhost:3500/query/empresa_simulada,22,0,0
1783612211831,22,POST get_monedas,200,OK,Benchmark - Operaciones Normales 1-31,text,true,,1572,255,24,24,http://localhost:3500/query/empresa_simulada,22,0,0
1783612211830,23,POST get_monedas,200,OK,Benchmark - Operaciones Normales 1-14,text,true,,1572,255,24,24,http://localhost:3500/query/empresa_simulada,23,0,0
1783612211837,22,POST get_bancos,200,OK,Benchmark - Operaciones Normales 1-15,text,true,,1344,254,24,24,http://localhost:3500/query/empresa_simulada,22,0,0
1783612211841,21,POST get_cuentas_cobrar,200,OK,Benchmark - Operaciones Normales 1-17,text,true,,1981,311,24,24,http://localhost:3500/query/empresa_simulada,21,0,0
1783612211841,22,POST get_bancos,200,OK,Benchmark - Operaciones Normales 1-28,text,true,,1344,254,24,24,http://localhost:3500/query/empresa_simulada,22,0,0
1783612211847,17,POST get_cuentas_cobrar,200,OK,Benchmark - Operaciones Normales 1-30,text,true,,1981,311,24,24,http://localhost:3500/query/empresa_simulada,17,0,0
1783612211847,18,POST get_empresa,200,OK,Benchmark - Operaciones Normales 1-21,text,true,,1456,255,24,24,http://localhost:3500/query/empresa_simulada,18,0,0
1783612211831,35,POST get_empresa,200,OK,Benchmark - Operaciones Normales 1-26,text,true,,1456,255,24,24,http://localhost:3500/query/empresa_simulada,35,0,0
1783612211830,38,POST get_empresa,200,OK,Benchmark - Operaciones Normales 1-27,text,true,,1456,255,24,24,http://localhost:3500/query/empresa_simulada,38,0,0
1783612211831,38,POST get_empresa,200,OK,Benchmark - Operaciones Normales 1-23,text,true,,1456,255,24,24,http://localhost:3500/query/empresa_simulada,38,0,0
1783612211832,39,POST get_monedas,200,OK,Benchmark - Operaciones Normales 1-20,text,true,,1572,255,24,24,http://localhost:3500/query/empresa_simulada,38,0,0
1783612211831,42,POST get_bancos,200,OK,Benchmark - Operaciones Normales 1-11,text,true,,1344,254,24,24,http://localhost:3500/query/empresa_simulada,42,0,0
1783612211831,44,POST get_monedas,200,OK,Benchmark - Operaciones Normales 1-19,text,true,,1572,255,24,24,http://localhost:3500/query/empresa_simulada,44,0,0
1783612211835,42,POST get_monedas,200,OK,Benchmark - Operaciones Normales 1-29,text,true,,1572,255,24,24,http://localhost:3500/query/empresa_simulada,42,0,0
1783612211837,43,POST get_bancos,200,OK,Benchmark - Operaciones Normales 1-33,text,true,,1344,254,24,24,http://localhost:3500/query/empresa_simulada,43,0,0
1783612211837,45,POST get_bancos,200,OK,Benchmark - Operaciones Normales 1-32,text,true,,1344,254,24,24,http://localhost:3500/query/empresa_simulada,45,0,0
1783612211854,29,POST get_empresa,200,OK,Benchmark - Operaciones Normales 1-31,text,true,,1456,255,24,24,http://localhost:3500/query/empresa_simulada,29,0,0
1783612211859,26,POST get_monedas,200,OK,Benchmark - Operaciones Normales 1-15,text,true,,1572,255,24,24,http://localhost:3500/query/empresa_simulada,26,0,0
1783612211862,24,POST get_bancos,200,OK,Benchmark - Operaciones Normales 1-17,text,true,,1344,254,24,24,http://localhost:3500/query/empresa_simulada,24,0,0
1783612211863,25,POST get_monedas,200,OK,Benchmark - Operaciones Normales 1-28,text,true,,1572,255,24,24,http://localhost:3500/query/empresa_simulada,25,0,0
1783612211864,24,POST get_bancos,200,OK,Benchmark - Operaciones Normales 1-30,text,true,,1344,254,24,24,http://localhost:3500/query/empresa_simulada,24,0,0
1783612211866,32,POST get_cuentas_cobrar,200,OK,Benchmark - Operaciones Normales 1-21,text,true,,1981,311,24,24,http://localhost:3500/query/empresa_simulada,32,0,0
1783612211866,32,POST get_cuentas_cobrar,200,OK,Benchmark - Operaciones Normales 1-26,text,true,,1981,311,24,24,http://localhost:3500/query/empresa_simulada,32,0,0
1783612211868,31,POST get_cuentas_cobrar,200,OK,Benchmark - Operaciones Normales 1-27,text,true,,1981,311,24,24,http://localhost:3500/query/empresa_simulada,31,0,0
1783612211869,33,POST get_cuentas_cobrar,200,OK,Benchmark - Operaciones Normales 1-23,text,true,,1981,311,24,24,http://localhost:3500/query/empresa_simulada,33,0,0
1783612211871,32,POST get_empresa,200,OK,Benchmark - Operaciones Normales 1-20,text,true,,1456,255,24,24,http://localhost:3500/query/empresa_simulada,32,0,0
1783612211876,29,POST get_empresa,200,OK,Benchmark - Operaciones Normales 1-19,text,true,,1456,255,24,24,http://localhost:3500/query/empresa_simulada,29,0,0
1783612211873,32,POST get_monedas,200,OK,Benchmark - Operaciones Normales 1-11,text,true,,1572,255,24,24,http://localhost:3500/query/empresa_simulada,32,0,0
1783612211878,28,POST get_empresa,200,OK,Benchmark - Operaciones Normales 1-29,text,true,,1456,255,24,24,http://localhost:3500/query/empresa_simulada,28,0,0
1783612211852,55,POST get_monedas,200,OK,Benchmark - Operaciones Normales 1-25,text,true,,1572,255,24,24,http://localhost:3500/query/empresa_simulada,55,0,0
1783612211854,55,POST get_empresa,200,OK,Benchmark - Operaciones Normales 1-18,text,true,,1456,255,24,24,http://localhost:3500/query/empresa_simulada,55,0,0
1783612211848,71,POST get_bancos,200,OK,Benchmark - Operaciones Normales 1-16,text,true,,1344,254,24,24,http://localhost:3500/query/empresa_simulada,71,0,0
1783612211852,69,POST get_monedas,200,OK,Benchmark - Operaciones Normales 1-13,text,true,,1572,255,24,24,http://localhost:3500/query/empresa_simulada,69,0,0
1783612211851,71,POST get_monedas,200,OK,Benchmark - Operaciones Normales 1-22,text,true,,1572,255,24,24,http://localhost:3500/query/empresa_simulada,71,0,0
1783612211851,81,POST get_empresa,200,OK,Benchmark - Operaciones Normales 1-24,text,true,,1456,255,24,24,http://localhost:3500/query/empresa_simulada,81,0,0
1783612211854,78,POST get_empresa,200,OK,Benchmark - Operaciones Normales 1-14,text,true,,1456,255,24,24,http://localhost:3500/query/empresa_simulada,78,0,0
1783612211851,82,POST get_monedas,200,OK,Benchmark - Operaciones Normales 1-12,text,true,,1572,255,24,24,http://localhost:3500/query/empresa_simulada,82,0,0
1783612211883,50,POST get_cuentas_cobrar,200,OK,Benchmark - Operaciones Normales 1-31,text,true,,1981,311,24,24,http://localhost:3500/query/empresa_simulada,50,0,0
1783612211885,48,POST get_empresa,200,OK,Benchmark - Operaciones Normales 1-15,text,true,,1456,255,24,24,http://localhost:3500/query/empresa_simulada,48,0,0
1783612211887,61,POST get_monedas,200,OK,Benchmark - Operaciones Normales 1-17,text,true,,1572,255,25,25,http://localhost:3500/query/empresa_simulada,61,0,0
1783612211888,61,POST get_empresa,200,OK,Benchmark - Operaciones Normales 1-28,text,true,,1456,255,25,25,http://localhost:3500/query/empresa_simulada,61,0,0
1783612211889,66,POST get_monedas,200,OK,Benchmark - Operaciones Normales 1-30,text,true,,1572,255,25,25,http://localhost:3500/query/empresa_simulada,66,0,0
1783612211898,57,POST get_bancos,200,OK,Benchmark - Operaciones Normales 1-21,text,true,,1344,254,25,25,http://localhost:3500/query/empresa_simulada,57,0,0
1783612211898,57,POST get_bancos,200,OK,Benchmark - Operaciones Normales 1-26,text,true,,1344,254,25,25,http://localhost:3500/query/empresa_simulada,57,0,0
1783612211899,60,POST get_bancos,200,OK,Benchmark - Operaciones Normales 1-27,text,true,,1344,254,25,25,http://localhost:3500/query/empresa_simulada,60,0,0
1783612211903,56,POST get_bancos,200,OK,Benchmark - Operaciones Normales 1-23,text,true,,1344,254,25,25,http://localhost:3500/query/empresa_simulada,56,0,0
1783612211903,59,POST get_cuentas_cobrar,200,OK,Benchmark - Operaciones Normales 1-20,text,true,,1981,311,25,25,http://localhost:3500/query/empresa_simulada,59,0,0
1783612211905,59,POST get_empresa,200,OK,Benchmark - Operaciones Normales 1-11,text,true,,1456,255,25,25,http://localhost:3500/query/empresa_simulada,59,0,0
1783612211905,60,POST get_cuentas_cobrar,200,OK,Benchmark - Operaciones Normales 1-19,text,true,,1981,311,24,24,http://localhost:3500/query/empresa_simulada,60,0,0
1783612211906,60,POST get_cuentas_cobrar,200,OK,Benchmark - Operaciones Normales 1-29,text,true,,1981,311,24,24,http://localhost:3500/query/empresa_simulada,60,0,0
1783612211907,63,POST get_empresa,200,OK,Benchmark - Operaciones Normales 1-25,text,true,,1456,255,24,24,http://localhost:3500/query/empresa_simulada,63,0,0
1783612211880,92,POST get_monedas,200,OK,Benchmark - Operaciones Normales 1-33,text,true,,1572,255,24,24,http://localhost:3500/query/empresa_simulada,92,0,0
1783612211882,90,POST get_monedas,200,OK,Benchmark - Operaciones Normales 1-32,text,true,,1572,255,24,24,http://localhost:3500/query/empresa_simulada,90,0,0
1783612211909,63,POST get_cuentas_cobrar,200,OK,Benchmark - Operaciones Normales 1-18,text,true,,1981,311,24,24,http://localhost:3500/query/empresa_simulada,63,0,0
1783612211845,128,POST get_cuentas_cobrar,200,OK,Benchmark - Operaciones Normales 1-34,text,true,,1981,311,24,24,http://localhost:3500/query/empresa_simulada,128,0,2
1783612211933,215,POST get_bancos,200,OK,Benchmark - Operaciones Normales 1-31,text,true,,1344,254,26,26,http://localhost:3500/query/empresa_simulada,215,0,0
1783612211933,219,POST get_cuentas_cobrar,200,OK,Benchmark - Operaciones Normales 1-15,text,true,,1981,311,26,26,http://localhost:3500/query/empresa_simulada,219,0,0
1783612211949,203,POST get_empresa,200,OK,Benchmark - Operaciones Normales 1-17,text,true,,1456,255,26,26,http://localhost:3500/query/empresa_simulada,203,0,0
1783612211949,203,POST get_cuentas_cobrar,200,OK,Benchmark - Operaciones Normales 1-28,text,true,,1981,311,26,26,http://localhost:3500/query/empresa_simulada,203,0,0
1783612211955,197,POST get_empresa,200,OK,Benchmark - Operaciones Normales 1-30,text,true,,1456,255,26,26,http://localhost:3500/query/empresa_simulada,197,0,0
1783612211955,198,POST get_monedas,200,OK,Benchmark - Operaciones Normales 1-21,text,true,,1572,255,26,26,http://localhost:3500/query/empresa_simulada,198,0,0
1783612211955,198,POST get_monedas,200,OK,Benchmark - Operaciones Normales 1-26,text,true,,1572,255,26,26,http://localhost:3500/query/empresa_simulada,198,0,0
1783612211959,195,POST get_monedas,200,OK,Benchmark - Operaciones Normales 1-27,text,true,,1572,255,26,26,http://localhost:3500/query/empresa_simulada,195,0,0
1783612211959,195,POST get_monedas,200,OK,Benchmark - Operaciones Normales 1-23,text,true,,1572,255,26,26,http://localhost:3500/query/empresa_simulada,195,0,0
1783612211963,191,POST get_bancos,200,OK,Benchmark - Operaciones Normales 1-20,text,true,,1344,254,26,26,http://localhost:3500/query/empresa_simulada,191,0,0
1783612211966,188,POST get_bancos,200,OK,Benchmark - Operaciones Normales 1-19,text,true,,1344,254,26,26,http://localhost:3500/query/empresa_simulada,188,0,0
1783612211967,192,POST get_bancos,200,OK,Benchmark - Operaciones Normales 1-29,text,true,,1344,254,26,26,http://localhost:3500/query/empresa_simulada,192,0,0
1783612211920,239,POST get_monedas,200,OK,Benchmark - Operaciones Normales 1-16,text,true,,1572,255,26,26,http://localhost:3500/query/empresa_simulada,239,0,0
1783612211921,238,POST get_empresa,200,OK,Benchmark - Operaciones Normales 1-13,text,true,,1456,255,26,26,http://localhost:3500/query/empresa_simulada,238,0,0
1783612211922,237,POST get_empresa,200,OK,Benchmark - Operaciones Normales 1-22,text,true,,1456,255,26,26,http://localhost:3500/query/empresa_simulada,237,0,0
1783612211933,227,POST get_empresa,200,OK,Benchmark - Operaciones Normales 1-12,text,true,,1456,255,26,26,http://localhost:3500/query/empresa_simulada,227,0,0
1783612211932,228,POST get_cuentas_cobrar,200,OK,Benchmark - Operaciones Normales 1-14,text,true,,1981,311,26,26,http://localhost:3500/query/empresa_simulada,228,0,0
1783612211932,228,POST get_cuentas_cobrar,200,OK,Benchmark - Operaciones Normales 1-24,text,true,,1981,311,26,26,http://localhost:3500/query/empresa_simulada,228,0,0
1783612211970,191,POST get_cuentas_cobrar,200,OK,Benchmark - Operaciones Normales 1-25,text,true,,1981,311,26,26,http://localhost:3500/query/empresa_simulada,191,0,0
1783612211946,215,POST get_cuentas_cobrar,200,OK,Benchmark - Operaciones Normales 1-35,text,true,,1981,311,26,26,http://localhost:3500/query/empresa_simulada,215,0,1
1783612211972,189,POST get_empresa,200,OK,Benchmark - Operaciones Normales 1-33,text,true,,1456,255,26,26,http://localhost:3500/query/empresa_simulada,189,0,0
1783612211973,188,POST get_bancos,200,OK,Benchmark - Operaciones Normales 1-18,text,true,,1344,254,26,26,http://localhost:3500/query/empresa_simulada,188,0,0
1783612211973,188,POST get_bancos,200,OK,Benchmark - Operaciones Normales 1-34,text,true,,1344,254,26,26,http://localhost:3500/query/empresa_simulada,188,0,0
1783612211972,193,POST get_empresa,200,OK,Benchmark - Operaciones Normales 1-32,text,true,,1456,255,26,26,http://localhost:3500/query/empresa_simulada,193,0,0
1783612212148,49,POST get_monedas,200,OK,Benchmark - Operaciones Normales 1-31,text,true,,1572,255,26,26,http://localhost:3500/query/empresa_simulada,49,0,0
1783612212154,43,POST get_monedas,200,OK,Benchmark - Operaciones Normales 1-19,text,true,,1572,255,26,26,http://localhost:3500/query/empresa_simulada,43,0,0
1783612212154,43,POST get_empresa,200,OK,Benchmark - Operaciones Normales 1-23,text,true,,1456,255,26,26,http://localhost:3500/query/empresa_simulada,43,0,0
1783612212154,44,POST get_empresa,200,OK,Benchmark - Operaciones Normales 1-27,text,true,,1456,255,26,26,http://localhost:3500/query/empresa_simulada,44,0,0
1783612212153,45,POST get_empresa,200,OK,Benchmark - Operaciones Normales 1-21,text,true,,1456,255,26,26,http://localhost:3500/query/empresa_simulada,45,0,0
1783612212152,47,POST get_cuentas_cobrar,200,OK,Benchmark - Operaciones Normales 1-30,text,true,,1981,311,26,26,http://localhost:3500/query/empresa_simulada,47,0,0
1783612212152,47,POST get_cuentas_cobrar,200,OK,Benchmark - Operaciones Normales 1-17,text,true,,1981,311,26,26,http://localhost:3500/query/empresa_simulada,47,0,0
1783612212154,45,POST get_monedas,200,OK,Benchmark - Operaciones Normales 1-20,text,true,,1572,255,26,26,http://localhost:3500/query/empresa_simulada,45,0,0
1783612212152,47,POST get_bancos,200,OK,Benchmark - Operaciones Normales 1-15,text,true,,1344,254,26,26,http://localhost:3500/query/empresa_simulada,47,0,0
1783612212152,47,POST get_bancos,200,OK,Benchmark - Operaciones Normales 1-28,text,true,,1344,254,26,26,http://localhost:3500/query/empresa_simulada,47,0,0
1783612212153,46,POST get_empresa,200,OK,Benchmark - Operaciones Normales 1-26,text,true,,1456,255,26,26,http://localhost:3500/query/empresa_simulada,46,0,0
1783612212159,40,POST get_monedas,200,OK,Benchmark - Operaciones Normales 1-29,text,true,,1572,255,26,26,http://localhost:3500/query/empresa_simulada,40,0,0
1783612212161,39,POST get_bancos,200,OK,Benchmark - Operaciones Normales 1-25,text,true,,1344,254,26,26,http://localhost:3500/query/empresa_simulada,39,0,0
1783612212160,40,POST get_cuentas_cobrar,200,OK,Benchmark - Operaciones Normales 1-12,text,true,,1981,311,26,26,http://localhost:3500/query/empresa_simulada,40,0,0
1783612212159,41,POST get_cuentas_cobrar,200,OK,Benchmark - Operaciones Normales 1-13,text,true,,1981,311,26,26,http://localhost:3500/query/empresa_simulada,41,0,0
1783612212159,41,POST get_cuentas_cobrar,200,OK,Benchmark - Operaciones Normales 1-22,text,true,,1981,311,26,26,http://localhost:3500/query/empresa_simulada,41,0,0
1783612212160,40,POST get_bancos,200,OK,Benchmark - Operaciones Normales 1-14,text,true,,1344,254,26,26,http://localhost:3500/query/empresa_simulada,40,0,0
1783612212160,40,POST get_bancos,200,OK,Benchmark - Operaciones Normales 1-24,text,true,,1344,254,26,26,http://localhost:3500/query/empresa_simulada,40,0,0
1783612212159,41,POST get_empresa,200,OK,Benchmark - Operaciones Normales 1-16,text,true,,1456,255,26,26,http://localhost:3500/query/empresa_simulada,41,0,0
1783612212161,39,POST get_cuentas_cobrar,200,OK,Benchmark - Operaciones Normales 1-33,text,true,,1981,311,26,26,http://localhost:3500/query/empresa_simulada,39,0,0
1783612212161,40,POST get_monedas,200,OK,Benchmark - Operaciones Normales 1-34,text,true,,1572,255,26,26,http://localhost:3500/query/empresa_simulada,40,0,0
1783612212161,40,POST get_monedas,200,OK,Benchmark - Operaciones Normales 1-18,text,true,,1572,255,26,26,http://localhost:3500/query/empresa_simulada,40,0,0
1783612212045,156,POST get_cuentas_cobrar,200,OK,Benchmark - Operaciones Normales 1-36,text,true,,1981,311,26,26,http://localhost:3500/query/empresa_simulada,156,0,1
1783612212161,40,POST get_bancos,200,OK,Benchmark - Operaciones Normales 1-35,text,true,,1344,254,26,26,http://localhost:3500/query/empresa_simulada,40,0,0
1783612212165,36,POST get_cuentas_cobrar,200,OK,Benchmark - Operaciones Normales 1-32,text,true,,1981,311,26,26,http://localhost:3500/query/empresa_simulada,36,0,0
1783612212144,59,POST get_cuentas_cobrar,200,OK,Benchmark - Operaciones Normales 1-37,text,true,,1981,311,26,26,http://localhost:3500/query/empresa_simulada,59,0,1
1783612212198,12,POST get_empresa,200,OK,Benchmark - Operaciones Normales 1-31,text,true,,1456,255,26,26,http://localhost:3500/query/empresa_simulada,12,0,0
1783612212199,13,POST get_bancos,200,OK,Benchmark - Operaciones Normales 1-30,text,true,,1344,254,26,26,http://localhost:3500/query/empresa_simulada,13,0,0
1783612212199,13,POST get_empresa,200,OK,Benchmark - Operaciones Normales 1-20,text,true,,1456,255,26,26,http://localhost:3500/query/empresa_simulada,13,0,0
1783612212199,14,POST get_bancos,200,OK,Benchmark - Operaciones Normales 1-17,text,true,,1344,254,26,26,http://localhost:3500/query/empresa_simulada,14,0,0
1783612212199,14,POST get_cuentas_cobrar,200,OK,Benchmark - Operaciones Normales 1-27,text,true,,1981,311,26,26,http://localhost:3500/query/empresa_simulada,14,0,0
1783612212200,17,POST get_monedas,200,OK,Benchmark - Operaciones Normales 1-14,text,true,,1572,255,26,26,http://localhost:3500/query/empresa_simulada,17,0,0
1783612212199,18,POST get_cuentas_cobrar,200,OK,Benchmark - Operaciones Normales 1-21,text,true,,1981,311,26,26,http://localhost:3500/query/empresa_simulada,18,0,0
1783612212198,19,POST get_cuentas_cobrar,200,OK,Benchmark - Operaciones Normales 1-23,text,true,,1981,311,26,26,http://localhost:3500/query/empresa_simulada,19,0,0
1783612212198,20,POST get_empresa,200,OK,Benchmark - Operaciones Normales 1-19,text,true,,1456,255,26,26,http://localhost:3500/query/empresa_simulada,20,0,0
1783612212200,25,POST get_bancos,200,OK,Benchmark - Operaciones Normales 1-22,text,true,,1344,254,26,26,http://localhost:3500/query/empresa_simulada,25,0,0
1783612212200,25,POST get_bancos,200,OK,Benchmark - Operaciones Normales 1-13,text,true,,1344,254,26,26,http://localhost:3500/query/empresa_simulada,25,0,0
1783612212200,25,POST get_monedas,200,OK,Benchmark - Operaciones Normales 1-25,text,true,,1572,255,26,26,http://localhost:3500/query/empresa_simulada,25,0,0
1783612212200,25,POST get_bancos,200,OK,Benchmark - Operaciones Normales 1-12,text,true,,1344,254,26,26,http://localhost:3500/query/empresa_simulada,25,0,0
1783612212200,25,POST get_cuentas_cobrar,200,OK,Benchmark - Operaciones Normales 1-26,text,true,,1981,311,26,26,http://localhost:3500/query/empresa_simulada,25,0,0
1783612212199,30,POST get_empresa,200,OK,Benchmark - Operaciones Normales 1-29,text,true,,1456,255,26,26,http://localhost:3500/query/empresa_simulada,30,0,0
1783612212199,30,POST get_monedas,200,OK,Benchmark - Operaciones Normales 1-28,text,true,,1572,255,26,26,http://localhost:3500/query/empresa_simulada,30,0,0
1783612212201,36,POST get_monedas,200,OK,Benchmark - Operaciones Normales 1-35,text,true,,1572,255,26,26,http://localhost:3500/query/empresa_simulada,36,0,0
1783612212199,38,POST get_monedas,200,OK,Benchmark - Operaciones Normales 1-15,text,true,,1572,255,26,26,http://localhost:3500/query/empresa_simulada,38,0,0
1783612212201,36,POST get_bancos,200,OK,Benchmark - Operaciones Normales 1-36,text,true,,1344,254,26,26,http://localhost:3500/query/empresa_simulada,36,0,0
1783612212201,36,POST get_empresa,200,OK,Benchmark - Operaciones Normales 1-18,text,true,,1456,255,26,26,http://localhost:3500/query/empresa_simulada,36,0,0
1783612212217,20,POST get_empresa,200,OK,Benchmark - Operaciones Normales 1-14,text,true,,1456,255,26,26,http://localhost:3500/query/empresa_simulada,20,0,0
1783612212217,24,POST get_bancos,200,OK,Benchmark - Operaciones Normales 1-23,text,true,,1344,254,25,25,http://localhost:3500/query/empresa_simulada,24,0,0
1783612212217,24,POST get_bancos,200,OK,Benchmark - Operaciones Normales 1-21,text,true,,1344,254,25,25,http://localhost:3500/query/empresa_simulada,24,0,0
1783612212218,24,POST get_cuentas_cobrar,200,OK,Benchmark - Operaciones Normales 1-19,text,true,,1981,311,25,25,http://localhost:3500/query/empresa_simulada,24,0,0
1783612212201,48,POST get_empresa,200,OK,Benchmark - Operaciones Normales 1-34,text,true,,1456,255,26,26,http://localhost:3500/query/empresa_simulada,48,0,0
1783612212200,50,POST get_cuentas_cobrar,200,OK,Benchmark - Operaciones Normales 1-16,text,true,,1981,311,26,26,http://localhost:3500/query/empresa_simulada,50,0,0
1783612212200,50,POST get_monedas,200,OK,Benchmark - Operaciones Normales 1-24,text,true,,1572,255,26,26,http://localhost:3500/query/empresa_simulada,50,0,0
1783612212201,49,POST get_bancos,200,OK,Benchmark - Operaciones Normales 1-32,text,true,,1344,254,26,26,http://localhost:3500/query/empresa_simulada,49,0,0
1783612212201,50,POST get_bancos,200,OK,Benchmark - Operaciones Normales 1-33,text,true,,1344,254,26,26,http://localhost:3500/query/empresa_simulada,50,0,0
1783612212203,49,POST get_bancos,200,OK,Benchmark - Operaciones Normales 1-37,text,true,,1344,254,26,26,http://localhost:3500/query/empresa_simulada,49,0,0
1783612212210,42,POST get_cuentas_cobrar,200,OK,Benchmark - Operaciones Normales 1-31,text,true,,1981,311,26,26,http://localhost:3500/query/empresa_simulada,42,0,0
1783612212212,44,POST get_monedas,200,OK,Benchmark - Operaciones Normales 1-30,text,true,,1572,255,26,26,http://localhost:3500/query/empresa_simulada,44,0,0
1783612212212,44,POST get_cuentas_cobrar,200,OK,Benchmark - Operaciones Normales 1-20,text,true,,1981,311,26,26,http://localhost:3500/query/empresa_simulada,44,0,0
1783612212213,43,POST get_bancos,200,OK,Benchmark - Operaciones Normales 1-27,text,true,,1344,254,26,26,http://localhost:3500/query/empresa_simulada,43,0,0
1783612212213,43,POST get_monedas,200,OK,Benchmark - Operaciones Normales 1-17,text,true,,1572,255,26,26,http://localhost:3500/query/empresa_simulada,43,0,0
1783612212241,16,POST get_monedas,200,OK,Benchmark - Operaciones Normales 1-21,text,true,,1572,255,26,26,http://localhost:3500/query/empresa_simulada,16,0,0
1783612212241,19,POST get_monedas,200,OK,Benchmark - Operaciones Normales 1-23,text,true,,1572,255,26,26,http://localhost:3500/query/empresa_simulada,19,0,0
1783612212242,22,POST get_bancos,200,OK,Benchmark - Operaciones Normales 1-19,text,true,,1344,254,26,26,http://localhost:3500/query/empresa_simulada,22,0,0
1783612212249,18,POST get_cuentas_cobrar,200,OK,Benchmark - Operaciones Normales 1-34,text,true,,1981,311,26,26,http://localhost:3500/query/empresa_simulada,18,0,0
1783612212250,18,POST get_empresa,200,OK,Benchmark - Operaciones Normales 1-24,text,true,,1456,255,26,26,http://localhost:3500/query/empresa_simulada,18,0,0
1783612212250,19,POST get_bancos,200,OK,Benchmark - Operaciones Normales 1-16,text,true,,1344,254,26,26,http://localhost:3500/query/empresa_simulada,19,0,0
1783612212250,21,POST get_monedas,200,OK,Benchmark - Operaciones Normales 1-32,text,true,,1572,255,26,26,http://localhost:3500/query/empresa_simulada,21,0,0
1783612212229,43,POST get_cuentas_cobrar,200,OK,Benchmark - Operaciones Normales 1-29,text,true,,1981,311,26,26,http://localhost:3500/query/empresa_simulada,43,0,0
1783612212225,47,POST get_empresa,200,OK,Benchmark - Operaciones Normales 1-25,text,true,,1456,255,26,26,http://localhost:3500/query/empresa_simulada,47,0,0
1783612212225,49,POST get_monedas,200,OK,Benchmark - Operaciones Normales 1-13,text,true,,1572,255,26,26,http://localhost:3500/query/empresa_simulada,49,0,0
1783612212226,50,POST get_bancos,200,OK,Benchmark - Operaciones Normales 1-26,text,true,,1344,254,26,26,http://localhost:3500/query/empresa_simulada,50,0,0
1783612212225,52,POST get_monedas,200,OK,Benchmark - Operaciones Normales 1-12,text,true,,1572,255,26,26,http://localhost:3500/query/empresa_simulada,52,0,0
1783612212225,54,POST get_monedas,200,OK,Benchmark - Operaciones Normales 1-22,text,true,,1572,255,26,26,http://localhost:3500/query/empresa_simulada,54,0,0
1783612212229,52,POST get_empresa,200,OK,Benchmark - Operaciones Normales 1-28,text,true,,1456,255,26,26,http://localhost:3500/query/empresa_simulada,51,0,0
1783612212237,48,POST get_cuentas_cobrar,200,OK,Benchmark - Operaciones Normales 1-18,text,true,,1981,311,26,26,http://localhost:3500/query/empresa_simulada,48,0,0
1783612212237,50,POST get_empresa,200,OK,Benchmark - Operaciones Normales 1-35,text,true,,1456,255,26,26,http://localhost:3500/query/empresa_simulada,50,0,0
1783612212237,52,POST get_empresa,200,OK,Benchmark - Operaciones Normales 1-15,text,true,,1456,255,26,26,http://localhost:3500/query/empresa_simulada,52,0,0
1783612212237,52,POST get_monedas,200,OK,Benchmark - Operaciones Normales 1-36,text,true,,1572,255,26,26,http://localhost:3500/query/empresa_simulada,52,0,0
1783612212257,34,POST get_empresa,200,OK,Benchmark - Operaciones Normales 1-21,text,true,,1456,255,26,26,http://localhost:3500/query/empresa_simulada,34,0,0
1783612212260,34,POST get_empresa,200,OK,Benchmark - Operaciones Normales 1-23,text,true,,1456,255,26,26,http://localhost:3500/query/empresa_simulada,34,0,0
1783612212265,33,POST get_monedas,200,OK,Benchmark - Operaciones Normales 1-19,text,true,,1572,255,26,26,http://localhost:3500/query/empresa_simulada,33,0,0
1783612212267,39,POST get_bancos,200,OK,Benchmark - Operaciones Normales 1-34,text,true,,1344,254,26,26,http://localhost:3500/query/empresa_simulada,39,0,0
1783612212268,40,POST get_cuentas_cobrar,200,OK,Benchmark - Operaciones Normales 1-24,text,true,,1981,311,26,26,http://localhost:3500/query/empresa_simulada,40,0,0
1783612212271,37,POST get_empresa,200,OK,Benchmark - Operaciones Normales 1-32,text,true,,1456,255,26,26,http://localhost:3500/query/empresa_simulada,37,0,0
1783612212270,38,POST get_monedas,200,OK,Benchmark - Operaciones Normales 1-16,text,true,,1572,255,26,26,http://localhost:3500/query/empresa_simulada,38,0,0
1783612212272,42,POST get_bancos,200,OK,Benchmark - Operaciones Normales 1-29,text,true,,1344,254,26,26,http://localhost:3500/query/empresa_simulada,42,0,0
1783612212272,44,POST get_cuentas_cobrar,200,OK,Benchmark - Operaciones Normales 1-25,text,true,,1981,311,26,26,http://localhost:3500/query/empresa_simulada,44,0,0
1783612212276,40,POST get_monedas,200,OK,Benchmark - Operaciones Normales 1-26,text,true,,1572,255,26,26,http://localhost:3500/query/empresa_simulada,40,0,0
1783612212275,41,POST get_empresa,200,OK,Benchmark - Operaciones Normales 1-13,text,true,,1456,255,26,26,http://localhost:3500/query/empresa_simulada,41,0,0
1783612212278,44,POST get_empresa,200,OK,Benchmark - Operaciones Normales 1-12,text,true,,1456,255,26,26,http://localhost:3500/query/empresa_simulada,44,0,0
1783612212279,46,POST get_empresa,200,OK,Benchmark - Operaciones Normales 1-22,text,true,,1456,255,26,26,http://localhost:3500/query/empresa_simulada,46,0,0
1783612212281,47,POST get_cuentas_cobrar,200,OK,Benchmark - Operaciones Normales 1-28,text,true,,1981,311,26,26,http://localhost:3500/query/empresa_simulada,47,0,0
1783612212285,46,POST get_bancos,200,OK,Benchmark - Operaciones Normales 1-18,text,true,,1344,254,26,26,http://localhost:3500/query/empresa_simulada,46,0,0
1783612212287,44,POST get_cuentas_cobrar,200,OK,Benchmark - Operaciones Normales 1-35,text,true,,1981,311,26,26,http://localhost:3500/query/empresa_simulada,44,0,0
1783612212251,80,POST get_monedas,200,OK,Benchmark - Operaciones Normales 1-33,text,true,,1572,255,26,26,http://localhost:3500/query/empresa_simulada,80,0,0
1783612212252,80,POST get_bancos,200,OK,Benchmark - Operaciones Normales 1-31,text,true,,1344,254,26,26,http://localhost:3500/query/empresa_simulada,80,0,0
1783612212252,84,POST get_monedas,200,OK,Benchmark - Operaciones Normales 1-37,text,true,,1572,255,26,26,http://localhost:3500/query/empresa_simulada,84,0,0
1783612212256,83,POST get_bancos,200,OK,Benchmark - Operaciones Normales 1-20,text,true,,1344,254,26,26,http://localhost:3500/query/empresa_simulada,83,0,0
1783612212256,86,POST get_empresa,200,OK,Benchmark - Operaciones Normales 1-17,text,true,,1456,255,26,26,http://localhost:3500/query/empresa_simulada,86,0,0
1783612212256,94,POST get_empresa,200,OK,Benchmark - Operaciones Normales 1-30,text,true,,1456,255,27,27,http://localhost:3500/query/empresa_simulada,94,0,0
1783612212292,58,POST get_cuentas_cobrar,200,OK,Benchmark - Operaciones Normales 1-21,text,true,,1981,311,27,27,http://localhost:3500/query/empresa_simulada,58,0,0
1783612212295,56,POST get_cuentas_cobrar,200,OK,Benchmark - Operaciones Normales 1-23,text,true,,1981,311,27,27,http://localhost:3500/query/empresa_simulada,56,0,0
1783612212246,105,POST get_cuentas_cobrar,200,OK,Benchmark - Operaciones Normales 1-38,text,true,,1981,311,27,27,http://localhost:3500/query/empresa_simulada,105,0,2
1783612212299,52,POST get_empresa,200,OK,Benchmark - Operaciones Normales 1-19,text,true,,1456,255,27,27,http://localhost:3500/query/empresa_simulada,52,0,0
1783612212256,97,POST get_monedas,200,OK,Benchmark - Operaciones Normales 1-27,text,true,,1572,255,27,27,http://localhost:3500/query/empresa_simulada,97,0,0
1783612212307,47,POST get_monedas,200,OK,Benchmark - Operaciones Normales 1-34,text,true,,1572,255,27,27,http://localhost:3500/query/empresa_simulada,47,0,0
1783612212308,46,POST get_bancos,200,OK,Benchmark - Operaciones Normales 1-24,text,true,,1344,254,27,27,http://localhost:3500/query/empresa_simulada,46,0,0
1783612212309,235,POST get_cuentas_cobrar,200,OK,Benchmark - Operaciones Normales 1-32,text,true,,1981,311,29,29,http://localhost:3500/query/empresa_simulada,235,0,0
1783612212309,235,POST get_empresa,200,OK,Benchmark - Operaciones Normales 1-16,text,true,,1456,255,29,29,http://localhost:3500/query/empresa_simulada,235,0,0
1783612212315,230,POST get_monedas,200,OK,Benchmark - Operaciones Normales 1-29,text,true,,1572,255,29,29,http://localhost:3500/query/empresa_simulada,230,0,0
1783612212316,230,POST get_bancos,200,OK,Benchmark - Operaciones Normales 1-25,text,true,,1344,254,29,29,http://localhost:3500/query/empresa_simulada,230,0,0
1783612212316,230,POST get_cuentas_cobrar,200,OK,Benchmark - Operaciones Normales 1-13,text,true,,1981,311,29,29,http://localhost:3500/query/empresa_simulada,230,0,0
1783612212316,230,POST get_empresa,200,OK,Benchmark - Operaciones Normales 1-26,text,true,,1456,255,29,29,http://localhost:3500/query/empresa_simulada,230,0,0
1783612212323,223,POST get_cuentas_cobrar,200,OK,Benchmark - Operaciones Normales 1-12,text,true,,1981,311,29,29,http://localhost:3500/query/empresa_simulada,223,0,0
1783612212325,221,POST get_cuentas_cobrar,200,OK,Benchmark - Operaciones Normales 1-22,text,true,,1981,311,29,29,http://localhost:3500/query/empresa_simulada,221,0,0
1783612212328,218,POST get_bancos,200,OK,Benchmark - Operaciones Normales 1-28,text,true,,1344,254,29,29,http://localhost:3500/query/empresa_simulada,218,0,0
1783612212331,245,POST get_monedas,200,OK,Benchmark - Operaciones Normales 1-18,text,true,,1572,255,29,29,http://localhost:3500/query/empresa_simulada,245,0,0
1783612212331,245,POST get_bancos,200,OK,Benchmark - Operaciones Normales 1-35,text,true,,1344,254,29,29,http://localhost:3500/query/empresa_simulada,245,0,0
1783612212331,245,POST get_empresa,200,OK,Benchmark - Operaciones Normales 1-33,text,true,,1456,255,29,29,http://localhost:3500/query/empresa_simulada,245,0,0
1783612212332,245,POST get_monedas,200,OK,Benchmark - Operaciones Normales 1-31,text,true,,1572,255,29,29,http://localhost:3500/query/empresa_simulada,245,0,0
1783612212337,240,POST get_empresa,200,OK,Benchmark - Operaciones Normales 1-37,text,true,,1456,255,29,29,http://localhost:3500/query/empresa_simulada,240,0,0
1783612212339,238,POST get_monedas,200,OK,Benchmark - Operaciones Normales 1-20,text,true,,1572,255,29,29,http://localhost:3500/query/empresa_simulada,238,0,0
1783612212290,287,POST get_cuentas_cobrar,200,OK,Benchmark - Operaciones Normales 1-15,text,true,,1981,311,29,29,http://localhost:3500/query/empresa_simulada,287,0,0
1783612212290,287,POST get_empresa,200,OK,Benchmark - Operaciones Normales 1-36,text,true,,1456,255,29,29,http://localhost:3500/query/empresa_simulada,287,0,0
1783612212351,227,POST get_bancos,200,OK,Benchmark - Operaciones Normales 1-21,text,true,,1344,254,29,29,http://localhost:3500/query/empresa_simulada,227,0,0
1783612212351,227,POST get_bancos,200,OK,Benchmark - Operaciones Normales 1-23,text,true,,1344,254,29,29,http://localhost:3500/query/empresa_simulada,227,0,0
1783612212351,227,POST get_cuentas_cobrar,200,OK,Benchmark - Operaciones Normales 1-19,text,true,,1981,311,29,29,http://localhost:3500/query/empresa_simulada,227,0,0
1783612212355,223,POST get_empresa,200,OK,Benchmark - Operaciones Normales 1-34,text,true,,1456,255,29,29,http://localhost:3500/query/empresa_simulada,223,0,0
1783612212355,223,POST get_monedas,200,OK,Benchmark - Operaciones Normales 1-24,text,true,,1572,255,29,29,http://localhost:3500/query/empresa_simulada,223,0,0
1783612212343,235,POST get_cuentas_cobrar,200,OK,Benchmark - Operaciones Normales 1-17,text,true,,1981,311,29,29,http://localhost:3500/query/empresa_simulada,235,0,0
1783612212353,226,POST get_empresa,200,OK,Benchmark - Operaciones Normales 1-27,text,true,,1456,255,29,29,http://localhost:3500/query/empresa_simulada,226,0,0
1783612212351,228,POST get_bancos,200,OK,Benchmark - Operaciones Normales 1-38,text,true,,1344,254,29,29,http://localhost:3500/query/empresa_simulada,228,0,0
1783612212350,229,POST get_cuentas_cobrar,200,OK,Benchmark - Operaciones Normales 1-30,text,true,,1981,311,29,29,http://localhost:3500/query/empresa_simulada,229,0,0
1783612212345,235,POST get_cuentas_cobrar,200,OK,Benchmark - Operaciones Normales 1-39,text,true,,1981,311,29,29,http://localhost:3500/query/empresa_simulada,235,0,2
1783612212545,35,POST get_cuentas_cobrar,200,OK,Benchmark - Operaciones Normales 1-16,text,true,,1981,311,29,29,http://localhost:3500/query/empresa_simulada,35,0,0
1783612212546,34,POST get_monedas,200,OK,Benchmark - Operaciones Normales 1-25,text,true,,1572,255,29,29,http://localhost:3500/query/empresa_simulada,34,0,0
1783612212546,35,POST get_cuentas_cobrar,200,OK,Benchmark - Operaciones Normales 1-26,text,true,,1981,311,29,29,http://localhost:3500/query/empresa_simulada,35,0,0
1783612212546,35,POST get_bancos,200,OK,Benchmark - Operaciones Normales 1-12,text,true,,1344,254,29,29,http://localhost:3500/query/empresa_simulada,35,0,0
1783612212545,40,POST get_empresa,200,OK,Benchmark - Operaciones Normales 1-29,text,true,,1456,255,29,29,http://localhost:3500/query/empresa_simulada,40,0,0
1783612212546,39,POST get_bancos,200,OK,Benchmark - Operaciones Normales 1-13,text,true,,1344,254,29,29,http://localhost:3500/query/empresa_simulada,39,0,0
1783612212546,40,POST get_bancos,200,OK,Benchmark - Operaciones Normales 1-22,text,true,,1344,254,29,29,http://localhost:3500/query/empresa_simulada,40,0,0
1783612212545,41,POST get_bancos,200,OK,Benchmark - Operaciones Normales 1-32,text,true,,1344,254,29,29,http://localhost:3500/query/empresa_simulada,41,0,0
1783612212546,40,POST get_monedas,200,OK,Benchmark - Operaciones Normales 1-28,text,true,,1572,255,29,29,http://localhost:3500/query/empresa_simulada,40,0,0
1783612212444,144,POST get_cuentas_cobrar,200,OK,Benchmark - Operaciones Normales 1-40,text,true,,1981,311,29,29,http://localhost:3500/query/empresa_simulada,144,0,1
1783612212581,7,POST get_empresa,200,OK,Benchmark - Operaciones Normales 1-25,text,true,,1456,255,29,29,http://localhost:3500/query/empresa_simulada,7,0,0
1783612212577,12,POST get_cuentas_cobrar,200,OK,Benchmark - Operaciones Normales 1-37,text,true,,1981,311,29,29,http://localhost:3500/query/empresa_simulada,12,0,0
1783612212577,12,POST get_bancos,200,OK,Benchmark - Operaciones Normales 1-15,text,true,,1344,254,29,29,http://localhost:3500/query/empresa_simulada,12,0,0
1783612212577,13,POST get_empresa,200,OK,Benchmark - Operaciones Normales 1-20,text,true,,1456,255,29,29,http://localhost:3500/query/empresa_simulada,13,0,0
1783612212578,14,POST get_monedas,200,OK,Benchmark - Operaciones Normales 1-21,text,true,,1572,255,29,29,http://localhost:3500/query/empresa_simulada,14,0,0
1783612212589,3,POST get_bancos,200,OK,Benchmark - Operaciones Normales 1-37,text,true,,1344,254,29,29,http://localhost:3500/query/empresa_simulada,3,0,0
1783612212576,20,POST get_empresa,200,OK,Benchmark - Operaciones Normales 1-18,text,true,,1456,255,29,29,http://localhost:3500/query/empresa_simulada,20,0,0
1783612212589,7,POST get_monedas,200,OK,Benchmark - Operaciones Normales 1-15,text,true,,1572,255,29,29,http://localhost:3500/query/empresa_simulada,7,0,0
1783612212577,19,POST get_cuentas_cobrar,200,OK,Benchmark - Operaciones Normales 1-33,text,true,,1981,311,29,29,http://localhost:3500/query/empresa_simulada,19,0,0
1783612212577,19,POST get_empresa,200,OK,Benchmark - Operaciones Normales 1-31,text,true,,1456,255,29,29,http://localhost:3500/query/empresa_simulada,19,0,0
1783612212576,22,POST get_monedas,200,OK,Benchmark - Operaciones Normales 1-35,text,true,,1572,255,29,29,http://localhost:3500/query/empresa_simulada,22,0,0
1783612212579,19,POST get_cuentas_cobrar,200,OK,Benchmark - Operaciones Normales 1-27,text,true,,1981,311,29,29,http://localhost:3500/query/empresa_simulada,19,0,0
1783612212579,23,POST get_monedas,200,OK,Benchmark - Operaciones Normales 1-38,text,true,,1572,255,29,29,http://localhost:3500/query/empresa_simulada,23,0,0
1783612212579,23,POST get_bancos,200,OK,Benchmark - Operaciones Normales 1-17,text,true,,1344,254,29,29,http://localhost:3500/query/empresa_simulada,23,0,0
1783612212578,25,POST get_cuentas_cobrar,200,OK,Benchmark - Operaciones Normales 1-34,text,true,,1981,311,29,29,http://localhost:3500/query/empresa_simulada,25,0,0
1783612212579,24,POST get_bancos,200,OK,Benchmark - Operaciones Normales 1-30,text,true,,1344,254,29,29,http://localhost:3500/query/empresa_simulada,24,0,0
1783612212578,27,POST get_empresa,200,OK,Benchmark - Operaciones Normales 1-24,text,true,,1456,255,29,29,http://localhost:3500/query/empresa_simulada,27,0,0
1783612212581,26,POST get_monedas,200,OK,Benchmark - Operaciones Normales 1-12,text,true,,1572,255,29,29,http://localhost:3500/query/empresa_simulada,26,0,0
1783612212581,28,POST get_bancos,200,OK,Benchmark - Operaciones Normales 1-26,text,true,,1344,254,29,29,http://localhost:3500/query/empresa_simulada,28,0,0
1783612212578,32,POST get_monedas,200,OK,Benchmark - Operaciones Normales 1-23,text,true,,1572,255,29,29,http://localhost:3500/query/empresa_simulada,32,0,0
1783612212578,34,POST get_bancos,200,OK,Benchmark - Operaciones Normales 1-19,text,true,,1344,254,29,29,http://localhost:3500/query/empresa_simulada,34,0,0
1783612212580,33,POST get_bancos,200,OK,Benchmark - Operaciones Normales 1-39,text,true,,1344,254,29,29,http://localhost:3500/query/empresa_simulada,33,0,0
1783612212578,36,POST get_cuentas_cobrar,200,OK,Benchmark - Operaciones Normales 1-36,text,true,,1981,311,29,29,http://localhost:3500/query/empresa_simulada,36,0,0
1783612212580,35,POST get_bancos,200,OK,Benchmark - Operaciones Normales 1-16,text,true,,1344,254,29,29,http://localhost:3500/query/empresa_simulada,35,0,0
1783612212544,73,POST get_cuentas_cobrar,200,OK,Benchmark - Operaciones Normales 1-41,text,true,,1981,311,29,29,http://localhost:3500/query/empresa_simulada,73,0,1
1783612212585,33,POST get_cuentas_cobrar,200,OK,Benchmark - Operaciones Normales 1-29,text,true,,1981,311,29,29,http://localhost:3500/query/empresa_simulada,33,0,0
1783612212586,33,POST get_monedas,200,OK,Benchmark - Operaciones Normales 1-22,text,true,,1572,255,29,29,http://localhost:3500/query/empresa_simulada,33,0,0
1783612212586,33,POST get_empresa,200,OK,Benchmark - Operaciones Normales 1-28,text,true,,1456,255,29,29,http://localhost:3500/query/empresa_simulada,33,0,0
1783612212586,35,POST get_monedas,200,OK,Benchmark - Operaciones Normales 1-32,text,true,,1572,255,29,29,http://localhost:3500/query/empresa_simulada,35,0,0
1783612212589,36,POST get_cuentas_cobrar,200,OK,Benchmark - Operaciones Normales 1-25,text,true,,1981,311,29,29,http://localhost:3500/query/empresa_simulada,36,0,0
1783612212585,40,POST get_monedas,200,OK,Benchmark - Operaciones Normales 1-13,text,true,,1572,255,29,29,http://localhost:3500/query/empresa_simulada,40,0,0
1783612212588,38,POST get_bancos,200,OK,Benchmark - Operaciones Normales 1-40,text,true,,1344,254,29,29,http://localhost:3500/query/empresa_simulada,38,0,0
1783612212593,34,POST get_monedas,200,OK,Benchmark - Operaciones Normales 1-37,text,true,,1572,255,29,29,http://localhost:3500/query/empresa_simulada,34,0,0
1783612212596,33,POST get_empresa,200,OK,Benchmark - Operaciones Normales 1-15,text,true,,1456,255,29,29,http://localhost:3500/query/empresa_simulada,33,0,0
1783612212597,35,POST get_cuentas_cobrar,200,OK,Benchmark - Operaciones Normales 1-31,text,true,,1981,311,28,28,http://localhost:3500/query/empresa_simulada,35,0,0
1783612212596,37,POST get_cuentas_cobrar,200,OK,Benchmark - Operaciones Normales 1-18,text,true,,1981,311,28,28,http://localhost:3500/query/empresa_simulada,37,0,0
1783612212596,38,POST get_bancos,200,OK,Benchmark - Operaciones Normales 1-33,text,true,,1344,254,28,28,http://localhost:3500/query/empresa_simulada,38,0,0
1783612212599,36,POST get_bancos,200,OK,Benchmark - Operaciones Normales 1-27,text,true,,1344,254,28,28,http://localhost:3500/query/empresa_simulada,36,0,0
1783612212599,38,POST get_empresa,200,OK,Benchmark - Operaciones Normales 1-35,text,true,,1456,255,28,28,http://localhost:3500/query/empresa_simulada,38,0,0
1783612212602,35,POST get_empresa,200,OK,Benchmark - Operaciones Normales 1-38,text,true,,1456,255,28,28,http://localhost:3500/query/empresa_simulada,35,0,0
1783612212602,37,POST get_monedas,200,OK,Benchmark - Operaciones Normales 1-17,text,true,,1572,255,28,28,http://localhost:3500/query/empresa_simulada,37,0,0
1783612212603,36,POST get_bancos,200,OK,Benchmark - Operaciones Normales 1-34,text,true,,1344,254,28,28,http://localhost:3500/query/empresa_simulada,36,0,0
1783612212603,38,POST get_monedas,200,OK,Benchmark - Operaciones Normales 1-30,text,true,,1572,255,28,28,http://localhost:3500/query/empresa_simulada,37,0,0
1783612212605,37,POST get_cuentas_cobrar,200,OK,Benchmark - Operaciones Normales 1-24,text,true,,1981,311,28,28,http://localhost:3500/query/empresa_simulada,37,0,0
1783612212607,36,POST get_empresa,200,OK,Benchmark - Operaciones Normales 1-12,text,true,,1456,255,28,28,http://localhost:3500/query/empresa_simulada,36,0,0
1783612212609,35,POST get_monedas,200,OK,Benchmark - Operaciones Normales 1-26,text,true,,1572,255,27,27,http://localhost:3500/query/empresa_simulada,35,0,0
1783612212611,35,POST get_empresa,200,OK,Benchmark - Operaciones Normales 1-23,text,true,,1456,255,27,27,http://localhost:3500/query/empresa_simulada,35,0,0
1783612212612,35,POST get_monedas,200,OK,Benchmark - Operaciones Normales 1-19,text,true,,1572,255,27,27,http://localhost:3500/query/empresa_simulada,35,0,0
1783612212614,35,POST get_monedas,200,OK,Benchmark - Operaciones Normales 1-39,text,true,,1572,255,27,27,http://localhost:3500/query/empresa_simulada,35,0,0
1783612212615,35,POST get_bancos,200,OK,Benchmark - Operaciones Normales 1-36,text,true,,1344,254,27,27,http://localhost:3500/query/empresa_simulada,35,0,0
1783612212616,36,POST get_monedas,200,OK,Benchmark - Operaciones Normales 1-16,text,true,,1572,255,27,27,http://localhost:3500/query/empresa_simulada,36,0,0
1783612212617,36,POST get_bancos,200,OK,Benchmark - Operaciones Normales 1-41,text,true,,1344,254,27,27,http://localhost:3500/query/empresa_simulada,36,0,0
1783612212618,37,POST get_bancos,200,OK,Benchmark - Operaciones Normales 1-29,text,true,,1344,254,28,28,http://localhost:3500/query/empresa_simulada,37,0,0
1783612212619,39,POST get_empresa,200,OK,Benchmark - Operaciones Normales 1-22,text,true,,1456,255,28,28,http://localhost:3500/query/empresa_simulada,39,0,0
1783612212620,39,POST get_cuentas_cobrar,200,OK,Benchmark - Operaciones Normales 1-28,text,true,,1981,311,28,28,http://localhost:3500/query/empresa_simulada,39,0,0
1783612212621,38,POST get_empresa,200,OK,Benchmark - Operaciones Normales 1-32,text,true,,1456,255,28,28,http://localhost:3500/query/empresa_simulada,38,0,0
1783612212591,70,POST get_cuentas_cobrar,200,OK,Benchmark - Operaciones Normales 1-20,text,true,,1981,311,28,28,http://localhost:3500/query/empresa_simulada,70,0,0
1783612212593,68,POST get_empresa,200,OK,Benchmark - Operaciones Normales 1-21,text,true,,1456,255,28,28,http://localhost:3500/query/empresa_simulada,68,0,0
1783612212628,35,POST get_empresa,200,OK,Benchmark - Operaciones Normales 1-37,text,true,,1456,255,28,28,http://localhost:3500/query/empresa_simulada,35,0,0
1783612212632,31,POST get_bancos,200,OK,Benchmark - Operaciones Normales 1-31,text,true,,1344,254,28,28,http://localhost:3500/query/empresa_simulada,31,0,0
1783612212633,32,POST get_bancos,200,OK,Benchmark - Operaciones Normales 1-18,text,true,,1344,254,28,28,http://localhost:3500/query/empresa_simulada,32,0,0
1783612212635,32,POST get_monedas,200,OK,Benchmark - Operaciones Normales 1-33,text,true,,1572,255,28,28,http://localhost:3500/query/empresa_simulada,32,0,0
1783612212636,32,POST get_monedas,200,OK,Benchmark - Operaciones Normales 1-27,text,true,,1572,255,28,28,http://localhost:3500/query/empresa_simulada,32,0,0
1783612212637,33,POST get_cuentas_cobrar,200,OK,Benchmark - Operaciones Normales 1-35,text,true,,1981,311,28,28,http://localhost:3500/query/empresa_simulada,33,0,0
1783612212638,33,POST get_cuentas_cobrar,200,OK,Benchmark - Operaciones Normales 1-38,text,true,,1981,311,28,28,http://localhost:3500/query/empresa_simulada,33,0,0
1783612212639,33,POST get_empresa,200,OK,Benchmark - Operaciones Normales 1-17,text,true,,1456,255,28,28,http://localhost:3500/query/empresa_simulada,33,0,0
1783612212640,33,POST get_monedas,200,OK,Benchmark - Operaciones Normales 1-34,text,true,,1572,255,28,28,http://localhost:3500/query/empresa_simulada,33,0,0
1783612212641,34,POST get_empresa,200,OK,Benchmark - Operaciones Normales 1-30,text,true,,1456,255,27,27,http://localhost:3500/query/empresa_simulada,34,0,0
1783612212642,35,POST get_bancos,200,OK,Benchmark - Operaciones Normales 1-24,text,true,,1344,254,27,27,http://localhost:3500/query/empresa_simulada,35,0,0
1783612212644,34,POST get_empresa,200,OK,Benchmark - Operaciones Normales 1-26,text,true,,1456,255,27,27,http://localhost:3500/query/empresa_simulada,34,0,0
1783612212646,35,POST get_cuentas_cobrar,200,OK,Benchmark - Operaciones Normales 1-23,text,true,,1981,311,27,27,http://localhost:3500/query/empresa_simulada,35,0,0
1783612212647,35,POST get_empresa,200,OK,Benchmark - Operaciones Normales 1-19,text,true,,1456,255,27,27,http://localhost:3500/query/empresa_simulada,35,0,0
1783612212649,35,POST get_empresa,200,OK,Benchmark - Operaciones Normales 1-39,text,true,,1456,255,26,26,http://localhost:3500/query/empresa_simulada,35,0,0
1783612212650,35,POST get_monedas,200,OK,Benchmark - Operaciones Normales 1-36,text,true,,1572,255,26,26,http://localhost:3500/query/empresa_simulada,35,0,0
1783612212652,35,POST get_empresa,200,OK,Benchmark - Operaciones Normales 1-16,text,true,,1456,255,26,26,http://localhost:3500/query/empresa_simulada,35,0,0
1783612212653,36,POST get_monedas,200,OK,Benchmark - Operaciones Normales 1-41,text,true,,1572,255,25,25,http://localhost:3500/query/empresa_simulada,36,0,0
1783612212656,36,POST get_monedas,200,OK,Benchmark - Operaciones Normales 1-29,text,true,,1572,255,25,25,http://localhost:3500/query/empresa_simulada,36,0,0
1783612212658,35,POST get_cuentas_cobrar,200,OK,Benchmark - Operaciones Normales 1-22,text,true,,1981,311,25,25,http://localhost:3500/query/empresa_simulada,35,0,0
1783612212626,68,POST get_bancos,200,OK,Benchmark - Operaciones Normales 1-25,text,true,,1344,254,25,25,http://localhost:3500/query/empresa_simulada,68,0,0
1783612212626,70,POST get_monedas,200,OK,Benchmark - Operaciones Normales 1-40,text,true,,1572,255,25,25,http://localhost:3500/query/empresa_simulada,69,0,0
1783612212626,71,POST get_empresa,200,OK,Benchmark - Operaciones Normales 1-13,text,true,,1456,255,25,25,http://localhost:3500/query/empresa_simulada,71,0,0
1783612212663,38,POST get_cuentas_cobrar,200,OK,Benchmark - Operaciones Normales 1-37,text,true,,1981,311,24,24,http://localhost:3500/query/empresa_simulada,38,0,0
1783612212664,41,POST get_monedas,200,OK,Benchmark - Operaciones Normales 1-31,text,true,,1572,255,24,24,http://localhost:3500/query/empresa_simulada,41,0,0
1783612212665,43,POST get_monedas,200,OK,Benchmark - Operaciones Normales 1-18,text,true,,1572,255,24,24,http://localhost:3500/query/empresa_simulada,43,0,0
1783612212667,44,POST get_empresa,200,OK,Benchmark - Operaciones Normales 1-33,text,true,,1456,255,24,24,http://localhost:3500/query/empresa_simulada,44,0,0
1783612212668,43,POST get_empresa,200,OK,Benchmark - Operaciones Normales 1-27,text,true,,1456,255,24,24,http://localhost:3500/query/empresa_simulada,43,0,0
1783612212670,44,POST get_bancos,200,OK,Benchmark - Operaciones Normales 1-35,text,true,,1344,254,24,24,http://localhost:3500/query/empresa_simulada,44,0,0
1783612212672,42,POST get_bancos,200,OK,Benchmark - Operaciones Normales 1-38,text,true,,1344,254,24,24,http://localhost:3500/query/empresa_simulada,42,0,0
1783612212674,42,POST get_empresa,200,OK,Benchmark - Operaciones Normales 1-34,text,true,,1456,255,24,24,http://localhost:3500/query/empresa_simulada,42,0,0
1783612212677,42,POST get_monedas,200,OK,Benchmark - Operaciones Normales 1-24,text,true,,1572,255,24,24,http://localhost:3500/query/empresa_simulada,42,0,0
1783612212676,43,POST get_cuentas_cobrar,200,OK,Benchmark - Operaciones Normales 1-30,text,true,,1981,311,24,24,http://localhost:3500/query/empresa_simulada,43,0,0
1783612212678,44,POST get_cuentas_cobrar,200,OK,Benchmark - Operaciones Normales 1-26,text,true,,1981,311,24,24,http://localhost:3500/query/empresa_simulada,44,0,0
1783612212681,45,POST get_bancos,200,OK,Benchmark - Operaciones Normales 1-23,text,true,,1344,254,24,24,http://localhost:3500/query/empresa_simulada,45,0,0
1783612212684,45,POST get_cuentas_cobrar,200,OK,Benchmark - Operaciones Normales 1-39,text,true,,1981,311,24,24,http://localhost:3500/query/empresa_simulada,45,0,0
1783612212685,44,POST get_empresa,200,OK,Benchmark - Operaciones Normales 1-36,text,true,,1456,255,24,24,http://localhost:3500/query/empresa_simulada,44,0,0
1783612212690,45,POST get_empresa,200,OK,Benchmark - Operaciones Normales 1-41,text,true,,1456,255,24,24,http://localhost:3500/query/empresa_simulada,45,0,0
1783612212692,43,POST get_empresa,200,OK,Benchmark - Operaciones Normales 1-29,text,true,,1456,255,24,24,http://localhost:3500/query/empresa_simulada,43,0,0
1783612212693,43,POST get_bancos,200,OK,Benchmark - Operaciones Normales 1-22,text,true,,1344,254,24,24,http://localhost:3500/query/empresa_simulada,43,0,0
1783612212695,42,POST get_monedas,200,OK,Benchmark - Operaciones Normales 1-25,text,true,,1572,255,24,24,http://localhost:3500/query/empresa_simulada,42,0,0
1783612212696,41,POST get_empresa,200,OK,Benchmark - Operaciones Normales 1-40,text,true,,1456,255,24,24,http://localhost:3500/query/empresa_simulada,41,0,0
1783612212659,82,POST get_bancos,200,OK,Benchmark - Operaciones Normales 1-28,text,true,,1344,254,24,24,http://localhost:3500/query/empresa_simulada,82,0,0
1783612212659,86,POST get_cuentas_cobrar,200,OK,Benchmark - Operaciones Normales 1-32,text,true,,1981,311,24,24,http://localhost:3500/query/empresa_simulada,86,0,0
1783612212662,91,POST get_cuentas_cobrar,200,OK,Benchmark - Operaciones Normales 1-21,text,true,,1981,311,25,25,http://localhost:3500/query/empresa_simulada,91,0,0
1783612212662,95,POST get_bancos,200,OK,Benchmark - Operaciones Normales 1-20,text,true,,1344,254,25,25,http://localhost:3500/query/empresa_simulada,95,0,0
1783612212656,103,POST get_cuentas_cobrar,200,OK,Benchmark - Operaciones Normales 1-42,text,true,,1981,311,25,25,http://localhost:3500/query/empresa_simulada,102,0,2
1783612212701,60,POST get_bancos,200,OK,Benchmark - Operaciones Normales 1-37,text,true,,1344,254,25,25,http://localhost:3500/query/empresa_simulada,60,0,0
1783612212705,58,POST get_empresa,200,OK,Benchmark - Operaciones Normales 1-31,text,true,,1456,255,25,25,http://localhost:3500/query/empresa_simulada,58,0,0
1783612212709,56,POST get_empresa,200,OK,Benchmark - Operaciones Normales 1-18,text,true,,1456,255,25,25,http://localhost:3500/query/empresa_simulada,56,0,0
1783612212711,56,POST get_cuentas_cobrar,200,OK,Benchmark - Operaciones Normales 1-33,text,true,,1981,311,25,25,http://localhost:3500/query/empresa_simulada,56,0,0
1783612212711,58,POST get_cuentas_cobrar,200,OK,Benchmark - Operaciones Normales 1-27,text,true,,1981,311,25,25,http://localhost:3500/query/empresa_simulada,58,0,0
1783612212714,56,POST get_monedas,200,OK,Benchmark - Operaciones Normales 1-35,text,true,,1572,255,25,25,http://localhost:3500/query/empresa_simulada,56,0,0
1783612212715,57,POST get_monedas,200,OK,Benchmark - Operaciones Normales 1-38,text,true,,1572,255,25,25,http://localhost:3500/query/empresa_simulada,57,0,0
1783612212719,55,POST get_bancos,200,OK,Benchmark - Operaciones Normales 1-30,text,true,,1344,254,25,25,http://localhost:3500/query/empresa_simulada,55,0,0
1783612212716,58,POST get_cuentas_cobrar,200,OK,Benchmark - Operaciones Normales 1-34,text,true,,1981,311,25,25,http://localhost:3500/query/empresa_simulada,58,0,0
1783612212722,237,POST get_bancos,200,OK,Benchmark - Operaciones Normales 1-26,text,true,,1344,254,27,27,http://localhost:3500/query/empresa_simulada,237,0,0
1783612212730,230,POST get_cuentas_cobrar,200,OK,Benchmark - Operaciones Normales 1-36,text,true,,1981,311,27,27,http://localhost:3500/query/empresa_simulada,230,0,0
1783612212719,241,POST get_empresa,200,OK,Benchmark - Operaciones Normales 1-24,text,true,,1456,255,27,27,http://localhost:3500/query/empresa_simulada,241,0,0
1783612212735,225,POST get_cuentas_cobrar,200,OK,Benchmark - Operaciones Normales 1-29,text,true,,1981,311,27,27,http://localhost:3500/query/empresa_simulada,225,0,0
1783612212726,235,POST get_monedas,200,OK,Benchmark - Operaciones Normales 1-23,text,true,,1572,255,27,27,http://localhost:3500/query/empresa_simulada,235,0,0
1783612212730,231,POST get_bancos,200,OK,Benchmark - Operaciones Normales 1-39,text,true,,1344,254,27,27,http://localhost:3500/query/empresa_simulada,231,0,0
1783612212737,224,POST get_empresa,200,OK,Benchmark - Operaciones Normales 1-25,text,true,,1456,255,27,27,http://localhost:3500/query/empresa_simulada,224,0,0
1783612212745,218,POST get_bancos,200,OK,Benchmark - Operaciones Normales 1-32,text,true,,1344,254,27,27,http://localhost:3500/query/empresa_simulada,218,0,0
1783612212735,228,POST get_cuentas_cobrar,200,OK,Benchmark - Operaciones Normales 1-41,text,true,,1981,311,27,27,http://localhost:3500/query/empresa_simulada,228,0,0
1783612212753,210,POST get_bancos,200,OK,Benchmark - Operaciones Normales 1-21,text,true,,1344,254,27,27,http://localhost:3500/query/empresa_simulada,210,0,0
1783612212737,226,POST get_cuentas_cobrar,200,OK,Benchmark - Operaciones Normales 1-40,text,true,,1981,311,27,27,http://localhost:3500/query/empresa_simulada,226,0,0
1783612212741,222,POST get_monedas,200,OK,Benchmark - Operaciones Normales 1-28,text,true,,1572,255,27,27,http://localhost:3500/query/empresa_simulada,222,0,0
1783612212757,207,POST get_monedas,200,OK,Benchmark - Operaciones Normales 1-20,text,true,,1572,255,27,27,http://localhost:3500/query/empresa_simulada,207,0,0
1783612212759,205,POST get_bancos,200,OK,Benchmark - Operaciones Normales 1-42,text,true,,1344,254,27,27,http://localhost:3500/query/empresa_simulada,205,0,0
1783612212762,203,POST get_monedas,200,OK,Benchmark - Operaciones Normales 1-37,text,true,,1572,255,27,27,http://localhost:3500/query/empresa_simulada,203,0,0
1783612212763,203,POST get_cuentas_cobrar,200,OK,Benchmark - Operaciones Normales 1-31,text,true,,1981,311,27,27,http://localhost:3500/query/empresa_simulada,203,0,0
1783612212765,202,POST get_cuentas_cobrar,200,OK,Benchmark - Operaciones Normales 1-18,text,true,,1981,311,27,27,http://localhost:3500/query/empresa_simulada,202,0,0
1783612212768,199,POST get_bancos,200,OK,Benchmark - Operaciones Normales 1-33,text,true,,1344,254,27,27,http://localhost:3500/query/empresa_simulada,199,0,0
1783612212736,237,POST get_monedas,200,OK,Benchmark - Operaciones Normales 1-22,text,true,,1572,255,27,27,http://localhost:3500/query/empresa_simulada,237,0,0
1783612212770,204,POST get_empresa,200,OK,Benchmark - Operaciones Normales 1-35,text,true,,1456,255,27,27,http://localhost:3500/query/empresa_simulada,204,0,0
1783612212770,204,POST get_bancos,200,OK,Benchmark - Operaciones Normales 1-27,text,true,,1344,254,27,27,http://localhost:3500/query/empresa_simulada,204,0,0
1783612212773,201,POST get_empresa,200,OK,Benchmark - Operaciones Normales 1-38,text,true,,1456,255,27,27,http://localhost:3500/query/empresa_simulada,201,0,0
1783612212775,200,POST get_monedas,200,OK,Benchmark - Operaciones Normales 1-30,text,true,,1572,255,27,27,http://localhost:3500/query/empresa_simulada,200,0,0
1783612212749,227,POST get_cuentas_cobrar,200,OK,Benchmark - Operaciones Normales 1-43,text,true,,1981,311,27,27,http://localhost:3500/query/empresa_simulada,227,0,2
1783612212775,201,POST get_bancos,200,OK,Benchmark - Operaciones Normales 1-34,text,true,,1344,254,27,27,http://localhost:3500/query/empresa_simulada,201,0,0
1783612212960,17,POST get_bancos,200,OK,Benchmark - Operaciones Normales 1-36,text,true,,1344,254,27,27,http://localhost:3500/query/empresa_simulada,17,0,0
1783612212960,17,POST get_monedas,200,OK,Benchmark - Operaciones Normales 1-26,text,true,,1572,255,27,27,http://localhost:3500/query/empresa_simulada,17,0,0
1783612212962,16,POST get_cuentas_cobrar,200,OK,Benchmark - Operaciones Normales 1-25,text,true,,1981,311,27,27,http://localhost:3500/query/empresa_simulada,16,0,0
1783612212961,17,POST get_cuentas_cobrar,200,OK,Benchmark - Operaciones Normales 1-24,text,true,,1981,311,27,27,http://localhost:3500/query/empresa_simulada,17,0,0
1783612212961,26,POST get_monedas,200,OK,Benchmark - Operaciones Normales 1-39,text,true,,1572,255,27,27,http://localhost:3500/query/empresa_simulada,26,0,0
1783612212961,26,POST get_bancos,200,OK,Benchmark - Operaciones Normales 1-29,text,true,,1344,254,27,27,http://localhost:3500/query/empresa_simulada,26,0,0
1783612212961,27,POST get_empresa,200,OK,Benchmark - Operaciones Normales 1-23,text,true,,1456,255,27,27,http://localhost:3500/query/empresa_simulada,27,0,0
1783612212963,25,POST get_monedas,200,OK,Benchmark - Operaciones Normales 1-32,text,true,,1572,255,27,27,http://localhost:3500/query/empresa_simulada,25,0,0
1783612212965,24,POST get_empresa,200,OK,Benchmark - Operaciones Normales 1-37,text,true,,1456,255,27,27,http://localhost:3500/query/empresa_simulada,24,0,0
1783612212964,32,POST get_bancos,200,OK,Benchmark - Operaciones Normales 1-40,text,true,,1344,254,27,27,http://localhost:3500/query/empresa_simulada,32,0,0
1783612212963,33,POST get_monedas,200,OK,Benchmark - Operaciones Normales 1-21,text,true,,1572,255,27,27,http://localhost:3500/query/empresa_simulada,33,0,0
1783612212964,33,POST get_empresa,200,OK,Benchmark - Operaciones Normales 1-28,text,true,,1456,255,27,27,http://localhost:3500/query/empresa_simulada,33,0,0
1783612212963,44,POST get_bancos,200,OK,Benchmark - Operaciones Normales 1-41,text,true,,1344,254,27,27,http://localhost:3500/query/empresa_simulada,44,0,0
1783612212964,43,POST get_empresa,200,OK,Benchmark - Operaciones Normales 1-20,text,true,,1456,255,27,27,http://localhost:3500/query/empresa_simulada,43,0,0
1783612212964,44,POST get_monedas,200,OK,Benchmark - Operaciones Normales 1-42,text,true,,1572,255,27,27,http://localhost:3500/query/empresa_simulada,44,0,0
1783612212967,42,POST get_bancos,200,OK,Benchmark - Operaciones Normales 1-31,text,true,,1344,254,27,27,http://localhost:3500/query/empresa_simulada,42,0,0
1783612212974,35,POST get_empresa,200,OK,Benchmark - Operaciones Normales 1-22,text,true,,1456,255,27,27,http://localhost:3500/query/empresa_simulada,35,0,0
1783612212967,42,POST get_bancos,200,OK,Benchmark - Operaciones Normales 1-18,text,true,,1344,254,27,27,http://localhost:3500/query/empresa_simulada,42,0,0
1783612212967,42,POST get_monedas,200,OK,Benchmark - Operaciones Normales 1-33,text,true,,1572,255,27,27,http://localhost:3500/query/empresa_simulada,42,0,0
1783612212858,158,POST get_cuentas_cobrar,200,OK,Benchmark - Operaciones Normales 1-44,text,true,,1981,311,27,27,http://localhost:3500/query/empresa_simulada,158,0,1
1783612212944,72,POST get_cuentas_cobrar,200,OK,Benchmark - Operaciones Normales 1-45,text,true,,1981,311,27,27,http://localhost:3500/query/empresa_simulada,72,0,2
1783612212975,41,POST get_monedas,200,OK,Benchmark - Operaciones Normales 1-27,text,true,,1572,255,27,27,http://localhost:3500/query/empresa_simulada,41,0,0
1783612212975,42,POST get_cuentas_cobrar,200,OK,Benchmark - Operaciones Normales 1-35,text,true,,1981,311,27,27,http://localhost:3500/query/empresa_simulada,42,0,0
1783612212975,41,POST get_cuentas_cobrar,200,OK,Benchmark - Operaciones Normales 1-38,text,true,,1981,311,27,27,http://localhost:3500/query/empresa_simulada,41,0,0
1783612212975,42,POST get_empresa,200,OK,Benchmark - Operaciones Normales 1-30,text,true,,1456,255,27,27,http://localhost:3500/query/empresa_simulada,42,0,0
1783612212978,45,POST get_bancos,200,OK,Benchmark - Operaciones Normales 1-25,text,true,,1344,254,27,27,http://localhost:3500/query/empresa_simulada,45,0,0
1783612212977,47,POST get_empresa,200,OK,Benchmark - Operaciones Normales 1-26,text,true,,1456,255,27,27,http://localhost:3500/query/empresa_simulada,47,0,0
1783612212977,47,POST get_monedas,200,OK,Benchmark - Operaciones Normales 1-36,text,true,,1572,255,27,27,http://localhost:3500/query/empresa_simulada,47,0,0
1783612212977,48,POST get_bancos,200,OK,Benchmark - Operaciones Normales 1-43,text,true,,1344,254,27,27,http://localhost:3500/query/empresa_simulada,48,0,0
1783612212997,31,POST get_empresa,200,OK,Benchmark - Operaciones Normales 1-21,text,true,,1456,255,27,27,http://localhost:3500/query/empresa_simulada,31,0,0
1783612212978,51,POST get_bancos,200,OK,Benchmark - Operaciones Normales 1-24,text,true,,1344,254,27,27,http://localhost:3500/query/empresa_simulada,51,0,0
1783612212997,32,POST get_cuentas_cobrar,200,OK,Benchmark - Operaciones Normales 1-28,text,true,,1981,311,27,27,http://localhost:3500/query/empresa_simulada,32,0,0
1783612213008,21,POST get_cuentas_cobrar,200,OK,Benchmark - Operaciones Normales 1-20,text,true,,1981,311,27,27,http://localhost:3500/query/empresa_simulada,21,0,0
1783612213008,22,POST get_monedas,200,OK,Benchmark - Operaciones Normales 1-41,text,true,,1572,255,27,27,http://localhost:3500/query/empresa_simulada,22,0,0
1783612213008,22,POST get_empresa,200,OK,Benchmark - Operaciones Normales 1-42,text,true,,1456,255,27,27,http://localhost:3500/query/empresa_simulada,22,0,0
1783612213009,21,POST get_monedas,200,OK,Benchmark - Operaciones Normales 1-31,text,true,,1572,255,27,27,http://localhost:3500/query/empresa_simulada,21,0,0
1783612212977,54,POST get_monedas,200,OK,Benchmark - Operaciones Normales 1-34,text,true,,1572,255,27,27,http://localhost:3500/query/empresa_simulada,54,0,0
1783612213009,29,POST get_cuentas_cobrar,200,OK,Benchmark - Operaciones Normales 1-22,text,true,,1981,311,27,27,http://localhost:3500/query/empresa_simulada,29,0,0
1783612213009,34,POST get_empresa,200,OK,Benchmark - Operaciones Normales 1-33,text,true,,1456,255,27,27,http://localhost:3500/query/empresa_simulada,34,0,0
1783612212988,55,POST get_monedas,200,OK,Benchmark - Operaciones Normales 1-29,text,true,,1572,255,27,27,http://localhost:3500/query/empresa_simulada,55,0,0
1783612212989,55,POST get_cuentas_cobrar,200,OK,Benchmark - Operaciones Normales 1-37,text,true,,1981,311,28,28,http://localhost:3500/query/empresa_simulada,55,0,0
1783612212988,56,POST get_empresa,200,OK,Benchmark - Operaciones Normales 1-39,text,true,,1456,255,28,28,http://localhost:3500/query/empresa_simulada,56,0,0
1783612212988,57,POST get_empresa,200,OK,Benchmark - Operaciones Normales 1-32,text,true,,1456,255,28,28,http://localhost:3500/query/empresa_simulada,57,0,0
1783612212988,57,POST get_cuentas_cobrar,200,OK,Benchmark - Operaciones Normales 1-23,text,true,,1981,311,28,28,http://localhost:3500/query/empresa_simulada,57,0,0
1783612212997,48,POST get_monedas,200,OK,Benchmark - Operaciones Normales 1-40,text,true,,1572,255,28,28,http://localhost:3500/query/empresa_simulada,48,0,0
1783612213017,28,POST get_bancos,200,OK,Benchmark - Operaciones Normales 1-35,text,true,,1344,254,28,28,http://localhost:3500/query/empresa_simulada,28,0,0
1783612213009,37,POST get_monedas,200,OK,Benchmark - Operaciones Normales 1-18,text,true,,1572,255,28,28,http://localhost:3500/query/empresa_simulada,37,0,0
1783612213017,36,POST get_cuentas_cobrar,200,OK,Benchmark - Operaciones Normales 1-30,text,true,,1981,311,28,28,http://localhost:3500/query/empresa_simulada,36,0,0
1783612213017,36,POST get_bancos,200,OK,Benchmark - Operaciones Normales 1-45,text,true,,1344,254,28,28,http://localhost:3500/query/empresa_simulada,36,0,0
1783612213017,36,POST get_bancos,200,OK,Benchmark - Operaciones Normales 1-38,text,true,,1344,254,28,28,http://localhost:3500/query/empresa_simulada,36,0,0
1783612213017,37,POST get_bancos,200,OK,Benchmark - Operaciones Normales 1-44,text,true,,1344,254,28,28,http://localhost:3500/query/empresa_simulada,37,0,0
1783612213017,37,POST get_empresa,200,OK,Benchmark - Operaciones Normales 1-27,text,true,,1456,255,28,28,http://localhost:3500/query/empresa_simulada,37,0,0
1783612213024,30,POST get_cuentas_cobrar,200,OK,Benchmark - Operaciones Normales 1-26,text,true,,1981,311,28,28,http://localhost:3500/query/empresa_simulada,30,0,0
1783612213025,30,POST get_monedas,200,OK,Benchmark - Operaciones Normales 1-43,text,true,,1572,255,28,28,http://localhost:3500/query/empresa_simulada,30,0,0
1783612213023,32,POST get_monedas,200,OK,Benchmark - Operaciones Normales 1-25,text,true,,1572,255,28,28,http://localhost:3500/query/empresa_simulada,32,0,0
1783612213025,31,POST get_empresa,200,OK,Benchmark - Operaciones Normales 1-36,text,true,,1456,255,28,28,http://localhost:3500/query/empresa_simulada,31,0,0
1783612213029,27,POST get_monedas,200,OK,Benchmark - Operaciones Normales 1-24,text,true,,1572,255,28,28,http://localhost:3500/query/empresa_simulada,27,0,0
1783612213032,27,POST get_empresa,200,OK,Benchmark - Operaciones Normales 1-34,text,true,,1456,255,28,28,http://localhost:3500/query/empresa_simulada,27,0,0
1783612213029,31,POST get_bancos,200,OK,Benchmark - Operaciones Normales 1-28,text,true,,1344,254,28,28,http://localhost:3500/query/empresa_simulada,31,0,0
1783612213030,31,POST get_cuentas_cobrar,200,OK,Benchmark - Operaciones Normales 1-42,text,true,,1981,311,28,28,http://localhost:3500/query/empresa_simulada,31,0,0
1783612213030,32,POST get_empresa,200,OK,Benchmark - Operaciones Normales 1-41,text,true,,1456,255,28,28,http://localhost:3500/query/empresa_simulada,32,0,0
1783612213028,40,POST get_cuentas_cobrar,200,OK,Benchmark - Operaciones Normales 1-21,text,true,,1981,311,28,28,http://localhost:3500/query/empresa_simulada,40,0,0
1783612213029,39,POST get_bancos,200,OK,Benchmark - Operaciones Normales 1-20,text,true,,1344,254,28,28,http://localhost:3500/query/empresa_simulada,39,0,0
1783612213031,37,POST get_empresa,200,OK,Benchmark - Operaciones Normales 1-31,text,true,,1456,255,28,28,http://localhost:3500/query/empresa_simulada,37,0,0
1783612213038,31,POST get_bancos,200,OK,Benchmark - Operaciones Normales 1-22,text,true,,1344,254,28,28,http://localhost:3500/query/empresa_simulada,31,0,0
1783612213044,25,POST get_bancos,200,OK,Benchmark - Operaciones Normales 1-37,text,true,,1344,254,28,28,http://localhost:3500/query/empresa_simulada,25,0,0
1783612213043,26,POST get_cuentas_cobrar,200,OK,Benchmark - Operaciones Normales 1-33,text,true,,1981,311,28,28,http://localhost:3500/query/empresa_simulada,26,0,0
1783612213043,26,POST get_empresa,200,OK,Benchmark - Operaciones Normales 1-29,text,true,,1456,255,28,28,http://localhost:3500/query/empresa_simulada,26,0,0
1783612213046,23,POST get_monedas,200,OK,Benchmark - Operaciones Normales 1-35,text,true,,1572,255,28,28,http://localhost:3500/query/empresa_simulada,23,0,0
1783612213045,25,POST get_bancos,200,OK,Benchmark - Operaciones Normales 1-23,text,true,,1344,254,28,28,http://localhost:3500/query/empresa_simulada,25,0,0
1783612213045,25,POST get_cuentas_cobrar,200,OK,Benchmark - Operaciones Normales 1-32,text,true,,1981,311,28,28,http://localhost:3500/query/empresa_simulada,25,0,0
1783612213046,25,POST get_empresa,200,OK,Benchmark - Operaciones Normales 1-40,text,true,,1456,255,28,28,http://localhost:3500/query/empresa_simulada,25,0,0
1783612213045,27,POST get_cuentas_cobrar,200,OK,Benchmark - Operaciones Normales 1-39,text,true,,1981,311,28,28,http://localhost:3500/query/empresa_simulada,27,0,0
1783612213054,19,POST get_cuentas_cobrar,200,OK,Benchmark - Operaciones Normales 1-27,text,true,,1981,311,28,28,http://localhost:3500/query/empresa_simulada,19,0,0
1783612213054,19,POST get_monedas,200,OK,Benchmark - Operaciones Normales 1-38,text,true,,1572,255,28,28,http://localhost:3500/query/empresa_simulada,19,0,0
1783612213054,19,POST get_monedas,200,OK,Benchmark - Operaciones Normales 1-45,text,true,,1572,255,28,28,http://localhost:3500/query/empresa_simulada,19,0,0
1783612213054,19,POST get_bancos,200,OK,Benchmark - Operaciones Normales 1-26,text,true,,1344,254,28,28,http://localhost:3500/query/empresa_simulada,19,0,0
1783612213054,21,POST get_monedas,200,OK,Benchmark - Operaciones Normales 1-44,text,true,,1572,255,28,28,http://localhost:3500/query/empresa_simulada,21,0,0
1783612213053,22,POST get_bancos,200,OK,Benchmark - Operaciones Normales 1-30,text,true,,1344,254,28,28,http://localhost:3500/query/empresa_simulada,22,0,0
1783612213047,28,POST get_empresa,200,OK,Benchmark - Operaciones Normales 1-18,text,true,,1456,255,28,28,http://localhost:3500/query/empresa_simulada,28,0,0
1783612213056,19,POST get_empresa,200,OK,Benchmark - Operaciones Normales 1-25,text,true,,1456,255,28,28,http://localhost:3500/query/empresa_simulada,19,0,0
1783612213056,19,POST get_cuentas_cobrar,200,OK,Benchmark - Operaciones Normales 1-36,text,true,,1981,311,28,28,http://localhost:3500/query/empresa_simulada,19,0,0
1783612213057,18,POST get_empresa,200,OK,Benchmark - Operaciones Normales 1-24,text,true,,1456,255,28,28,http://localhost:3500/query/empresa_simulada,18,0,0
1783612213056,20,POST get_empresa,200,OK,Benchmark - Operaciones Normales 1-43,text,true,,1456,255,27,27,http://localhost:3500/query/empresa_simulada,20,0,0
1783612213060,16,POST get_cuentas_cobrar,200,OK,Benchmark - Operaciones Normales 1-34,text,true,,1981,311,27,27,http://localhost:3500/query/empresa_simulada,16,0,0
1783612213062,14,POST get_cuentas_cobrar,200,OK,Benchmark - Operaciones Normales 1-41,text,true,,1981,311,27,27,http://localhost:3500/query/empresa_simulada,14,0,0
1783612213061,16,POST get_bancos,200,OK,Benchmark - Operaciones Normales 1-42,text,true,,1344,254,27,27,http://localhost:3500/query/empresa_simulada,16,0,0
1783612213060,17,POST get_monedas,200,OK,Benchmark - Operaciones Normales 1-28,text,true,,1572,255,27,27,http://localhost:3500/query/empresa_simulada,17,0,0
1783612213045,34,POST get_cuentas_cobrar,200,OK,Benchmark - Operaciones Normales 1-46,text,true,,1981,311,27,27,http://localhost:3500/query/empresa_simulada,34,0,1
1783612213068,11,POST get_monedas,200,OK,Benchmark - Operaciones Normales 1-20,text,true,,1572,255,27,27,http://localhost:3500/query/empresa_simulada,11,0,0
1783612213076,6,POST get_bancos,200,OK,Benchmark - Operaciones Normales 1-41,text,true,,1344,254,27,27,http://localhost:3500/query/empresa_simulada,6,0,0
1783612213069,14,POST get_bancos,200,OK,Benchmark - Operaciones Normales 1-33,text,true,,1344,254,27,27,http://localhost:3500/query/empresa_simulada,14,0,0
1783612213069,14,POST get_empresa,200,OK,Benchmark - Operaciones Normales 1-35,text,true,,1456,255,27,27,http://localhost:3500/query/empresa_simulada,14,0,0
1783612213076,7,POST get_bancos,200,OK,Benchmark - Operaciones Normales 1-34,text,true,,1344,254,27,27,http://localhost:3500/query/empresa_simulada,7,0,0
1783612213074,11,POST get_empresa,200,OK,Benchmark - Operaciones Normales 1-38,text,true,,1456,255,27,27,http://localhost:3500/query/empresa_simulada,11,0,0
1783612213075,10,POST get_empresa,200,OK,Benchmark - Operaciones Normales 1-44,text,true,,1456,255,27,27,http://localhost:3500/query/empresa_simulada,10,0,0
1783612213074,14,POST get_empresa,200,OK,Benchmark - Operaciones Normales 1-45,text,true,,1456,255,27,27,http://localhost:3500/query/empresa_simulada,14,0,0
1783612213075,14,POST get_monedas,200,OK,Benchmark - Operaciones Normales 1-30,text,true,,1572,255,27,27,http://localhost:3500/query/empresa_simulada,14,0,0
1783612213069,22,POST get_cuentas_cobrar,200,OK,Benchmark - Operaciones Normales 1-29,text,true,,1981,311,27,27,http://localhost:3500/query/empresa_simulada,22,0,0
1783612213074,20,POST get_bancos,200,OK,Benchmark - Operaciones Normales 1-27,text,true,,1344,254,27,27,http://localhost:3500/query/empresa_simulada,20,0,0
1783612213069,30,POST get_monedas,200,OK,Benchmark - Operaciones Normales 1-37,text,true,,1572,255,27,27,http://localhost:3500/query/empresa_simulada,30,0,0
1783612213073,26,POST get_bancos,200,OK,Benchmark - Operaciones Normales 1-39,text,true,,1344,254,27,27,http://localhost:3500/query/empresa_simulada,26,0,0
1783612213069,32,POST get_monedas,200,OK,Benchmark - Operaciones Normales 1-22,text,true,,1572,255,27,27,http://localhost:3500/query/empresa_simulada,32,0,0
1783612213070,31,POST get_monedas,200,OK,Benchmark - Operaciones Normales 1-23,text,true,,1572,255,27,27,http://localhost:3500/query/empresa_simulada,31,0,0
1783612213069,34,POST get_cuentas_cobrar,200,OK,Benchmark - Operaciones Normales 1-31,text,true,,1981,311,27,27,http://localhost:3500/query/empresa_simulada,34,0,0
1783612213068,37,POST get_bancos,200,OK,Benchmark - Operaciones Normales 1-21,text,true,,1344,254,27,27,http://localhost:3500/query/empresa_simulada,37,0,0
1783612213074,32,POST get_monedas,200,OK,Benchmark - Operaciones Normales 1-26,text,true,,1572,255,27,27,http://localhost:3500/query/empresa_simulada,32,0,0
1783612213076,31,POST get_cuentas_cobrar,200,OK,Benchmark - Operaciones Normales 1-43,text,true,,1981,311,27,27,http://localhost:3500/query/empresa_simulada,31,0,0
1783612213075,35,POST get_cuentas_cobrar,200,OK,Benchmark - Operaciones Normales 1-24,text,true,,1981,311,27,27,http://localhost:3500/query/empresa_simulada,35,0,0
1783612213075,37,POST get_cuentas_cobrar,200,OK,Benchmark - Operaciones Normales 1-25,text,true,,1981,311,27,27,http://localhost:3500/query/empresa_simulada,37,0,0
1783612213075,41,POST get_bancos,200,OK,Benchmark - Operaciones Normales 1-36,text,true,,1344,254,27,27,http://localhost:3500/query/empresa_simulada,41,0,0
1783612213071,45,POST get_cuentas_cobrar,200,OK,Benchmark - Operaciones Normales 1-40,text,true,,1981,311,27,27,http://localhost:3500/query/empresa_simulada,45,0,0
1783612213070,50,POST get_bancos,200,OK,Benchmark - Operaciones Normales 1-32,text,true,,1344,254,27,27,http://localhost:3500/query/empresa_simulada,50,0,0
1783612213082,41,POST get_monedas,200,OK,Benchmark - Operaciones Normales 1-41,text,true,,1572,255,27,27,http://localhost:3500/query/empresa_simulada,41,0,0
1783612213083,43,POST get_monedas,200,OK,Benchmark - Operaciones Normales 1-33,text,true,,1572,255,27,27,http://localhost:3500/query/empresa_simulada,42,0,0
1783612213083,45,POST get_cuentas_cobrar,200,OK,Benchmark - Operaciones Normales 1-35,text,true,,1981,311,27,27,http://localhost:3500/query/empresa_simulada,45,0,0
1783612213083,47,POST get_monedas,200,OK,Benchmark - Operaciones Normales 1-34,text,true,,1572,255,27,27,http://localhost:3500/query/empresa_simulada,47,0,0
1783612213086,47,POST get_cuentas_cobrar,200,OK,Benchmark - Operaciones Normales 1-38,text,true,,1981,311,27,27,http://localhost:3500/query/empresa_simulada,47,0,0
1783612213086,49,POST get_cuentas_cobrar,200,OK,Benchmark - Operaciones Normales 1-44,text,true,,1981,311,27,27,http://localhost:3500/query/empresa_simulada,49,0,0
1783612213088,50,POST get_cuentas_cobrar,200,OK,Benchmark - Operaciones Normales 1-45,text,true,,1981,311,27,27,http://localhost:3500/query/empresa_simulada,50,0,0
1783612213090,49,POST get_empresa,200,OK,Benchmark - Operaciones Normales 1-30,text,true,,1456,255,27,27,http://localhost:3500/query/empresa_simulada,49,0,0
1783612213091,51,POST get_bancos,200,OK,Benchmark - Operaciones Normales 1-29,text,true,,1344,254,27,27,http://localhost:3500/query/empresa_simulada,51,0,0
1783612213095,48,POST get_monedas,200,OK,Benchmark - Operaciones Normales 1-27,text,true,,1572,255,27,27,http://localhost:3500/query/empresa_simulada,48,0,0
1783612213099,44,POST get_empresa,200,OK,Benchmark - Operaciones Normales 1-37,text,true,,1456,255,28,28,http://localhost:3500/query/empresa_simulada,44,0,0
1783612213100,48,POST get_monedas,200,OK,Benchmark - Operaciones Normales 1-39,text,true,,1572,255,28,28,http://localhost:3500/query/empresa_simulada,48,0,0
1783612213102,49,POST get_empresa,200,OK,Benchmark - Operaciones Normales 1-22,text,true,,1456,255,28,28,http://localhost:3500/query/empresa_simulada,49,0,0
1783612213102,52,POST get_empresa,200,OK,Benchmark - Operaciones Normales 1-23,text,true,,1456,255,28,28,http://localhost:3500/query/empresa_simulada,52,0,0
1783612213103,52,POST get_bancos,200,OK,Benchmark - Operaciones Normales 1-31,text,true,,1344,254,28,28,http://localhost:3500/query/empresa_simulada,52,0,0
1783612213106,49,POST get_monedas,200,OK,Benchmark - Operaciones Normales 1-21,text,true,,1572,255,28,28,http://localhost:3500/query/empresa_simulada,49,0,0
1783612213106,51,POST get_empresa,200,OK,Benchmark - Operaciones Normales 1-26,text,true,,1456,255,28,28,http://localhost:3500/query/empresa_simulada,51,0,0
1783612213107,51,POST get_bancos,200,OK,Benchmark - Operaciones Normales 1-43,text,true,,1344,254,28,28,http://localhost:3500/query/empresa_simulada,51,0,0
1783612213110,49,POST get_bancos,200,OK,Benchmark - Operaciones Normales 1-24,text,true,,1344,254,28,28,http://localhost:3500/query/empresa_simulada,49,0,0
1783612213112,49,POST get_bancos,200,OK,Benchmark - Operaciones Normales 1-25,text,true,,1344,254,28,28,http://localhost:3500/query/empresa_simulada,49,0,0
1783612213117,48,POST get_bancos,200,OK,Benchmark - Operaciones Normales 1-40,text,true,,1344,254,28,28,http://localhost:3500/query/empresa_simulada,48,0,0
1783612213117,52,POST get_monedas,200,OK,Benchmark - Operaciones Normales 1-36,text,true,,1572,255,28,28,http://localhost:3500/query/empresa_simulada,52,0,0
1783612213077,95,POST get_monedas,200,OK,Benchmark - Operaciones Normales 1-42,text,true,,1572,255,28,28,http://localhost:3500/query/empresa_simulada,94,0,0
1783612213077,96,POST get_empresa,200,OK,Benchmark - Operaciones Normales 1-28,text,true,,1456,255,28,28,http://localhost:3500/query/empresa_simulada,96,0,0
1783612213079,95,POST get_bancos,200,OK,Benchmark - Operaciones Normales 1-46,text,true,,1344,254,28,28,http://localhost:3500/query/empresa_simulada,95,0,0
1783612213079,98,POST get_empresa,200,OK,Benchmark - Operaciones Normales 1-20,text,true,,1456,255,28,28,http://localhost:3500/query/empresa_simulada,98,0,0
1783612213124,54,POST get_empresa,200,OK,Benchmark - Operaciones Normales 1-41,text,true,,1456,255,27,27,http://localhost:3500/query/empresa_simulada,54,0,0
1783612213126,53,POST get_empresa,200,OK,Benchmark - Operaciones Normales 1-33,text,true,,1456,255,27,27,http://localhost:3500/query/empresa_simulada,53,0,0
1783612213128,52,POST get_bancos,200,OK,Benchmark - Operaciones Normales 1-35,text,true,,1344,254,27,27,http://localhost:3500/query/empresa_simulada,52,0,0
1783612213131,50,POST get_empresa,200,OK,Benchmark - Operaciones Normales 1-34,text,true,,1456,255,27,27,http://localhost:3500/query/empresa_simulada,50,0,0
1783612213133,50,POST get_bancos,200,OK,Benchmark - Operaciones Normales 1-38,text,true,,1344,254,27,27,http://localhost:3500/query/empresa_simulada,50,0,0
1783612213135,50,POST get_bancos,200,OK,Benchmark - Operaciones Normales 1-44,text,true,,1344,254,27,27,http://localhost:3500/query/empresa_simulada,50,0,0
1783612213143,226,POST get_empresa,200,OK,Benchmark - Operaciones Normales 1-27,text,true,,1456,255,29,29,http://localhost:3500/query/empresa_simulada,226,0,0
1783612213144,232,POST get_cuentas_cobrar,200,OK,Benchmark - Operaciones Normales 1-37,text,true,,1981,311,29,29,http://localhost:3500/query/empresa_simulada,232,0,0
1783612213139,237,POST get_bancos,200,OK,Benchmark - Operaciones Normales 1-45,text,true,,1344,254,29,29,http://localhost:3500/query/empresa_simulada,237,0,0
1783612213143,233,POST get_monedas,200,OK,Benchmark - Operaciones Normales 1-29,text,true,,1572,255,29,29,http://localhost:3500/query/empresa_simulada,233,0,0
1783612213140,236,POST get_cuentas_cobrar,200,OK,Benchmark - Operaciones Normales 1-30,text,true,,1981,311,29,29,http://localhost:3500/query/empresa_simulada,236,0,0
1783612213148,229,POST get_empresa,200,OK,Benchmark - Operaciones Normales 1-39,text,true,,1456,255,29,29,http://localhost:3500/query/empresa_simulada,229,0,0
1783612213152,225,POST get_cuentas_cobrar,200,OK,Benchmark - Operaciones Normales 1-22,text,true,,1981,311,29,29,http://localhost:3500/query/empresa_simulada,225,0,0
1783612213154,223,POST get_cuentas_cobrar,200,OK,Benchmark - Operaciones Normales 1-23,text,true,,1981,311,29,29,http://localhost:3500/query/empresa_simulada,223,0,0
1783612213155,222,POST get_monedas,200,OK,Benchmark - Operaciones Normales 1-31,text,true,,1572,255,29,29,http://localhost:3500/query/empresa_simulada,222,0,0
1783612213155,222,POST get_empresa,200,OK,Benchmark - Operaciones Normales 1-21,text,true,,1456,255,29,29,http://localhost:3500/query/empresa_simulada,222,0,0
1783612213158,219,POST get_cuentas_cobrar,200,OK,Benchmark - Operaciones Normales 1-26,text,true,,1981,311,29,29,http://localhost:3500/query/empresa_simulada,219,0,0
1783612213158,219,POST get_monedas,200,OK,Benchmark - Operaciones Normales 1-43,text,true,,1572,255,29,29,http://localhost:3500/query/empresa_simulada,219,0,0
1783612213160,217,POST get_monedas,200,OK,Benchmark - Operaciones Normales 1-24,text,true,,1572,255,29,29,http://localhost:3500/query/empresa_simulada,217,0,0
1783612213161,216,POST get_monedas,200,OK,Benchmark - Operaciones Normales 1-25,text,true,,1572,255,29,29,http://localhost:3500/query/empresa_simulada,216,0,0
1783612213165,212,POST get_monedas,200,OK,Benchmark - Operaciones Normales 1-40,text,true,,1572,255,29,29,http://localhost:3500/query/empresa_simulada,212,0,0
1783612213169,208,POST get_empresa,200,OK,Benchmark - Operaciones Normales 1-36,text,true,,1456,255,29,29,http://localhost:3500/query/empresa_simulada,208,0,0
1783612213172,205,POST get_empresa,200,OK,Benchmark - Operaciones Normales 1-42,text,true,,1456,255,29,29,http://localhost:3500/query/empresa_simulada,205,0,0
1783612213173,204,POST get_cuentas_cobrar,200,OK,Benchmark - Operaciones Normales 1-28,text,true,,1981,311,29,29,http://localhost:3500/query/empresa_simulada,204,0,0
1783612213175,202,POST get_monedas,200,OK,Benchmark - Operaciones Normales 1-46,text,true,,1572,255,29,29,http://localhost:3500/query/empresa_simulada,202,0,0
1783612213120,258,POST get_monedas,200,OK,Benchmark - Operaciones Normales 1-32,text,true,,1572,255,29,29,http://localhost:3500/query/empresa_simulada,258,0,0
1783612213178,200,POST get_cuentas_cobrar,200,OK,Benchmark - Operaciones Normales 1-41,text,true,,1981,311,29,29,http://localhost:3500/query/empresa_simulada,200,0,0
1783612213179,201,POST get_cuentas_cobrar,200,OK,Benchmark - Operaciones Normales 1-33,text,true,,1981,311,28,28,http://localhost:3500/query/empresa_simulada,201,0,0
1783612213180,200,POST get_monedas,200,OK,Benchmark - Operaciones Normales 1-35,text,true,,1572,255,28,28,http://localhost:3500/query/empresa_simulada,200,0,0
1783612213181,199,POST get_cuentas_cobrar,200,OK,Benchmark - Operaciones Normales 1-34,text,true,,1981,311,28,28,http://localhost:3500/query/empresa_simulada,199,0,0
1783612213185,195,POST get_monedas,200,OK,Benchmark - Operaciones Normales 1-44,text,true,,1572,255,28,28,http://localhost:3500/query/empresa_simulada,195,0,0
1783612213144,236,POST get_cuentas_cobrar,200,OK,Benchmark - Operaciones Normales 1-47,text,true,,1981,311,28,28,http://localhost:3500/query/empresa_simulada,236,0,4
1783612213184,196,POST get_monedas,200,OK,Benchmark - Operaciones Normales 1-38,text,true,,1572,255,28,28,http://localhost:3500/query/empresa_simulada,196,0,0
1783612213376,9,POST get_bancos,200,OK,Benchmark - Operaciones Normales 1-37,text,true,,1344,254,28,28,http://localhost:3500/query/empresa_simulada,9,0,0
1783612213377,8,POST get_bancos,200,OK,Benchmark - Operaciones Normales 1-22,text,true,,1344,254,28,28,http://localhost:3500/query/empresa_simulada,8,0,0
1783612213369,16,POST get_cuentas_cobrar,200,OK,Benchmark - Operaciones Normales 1-27,text,true,,1981,311,28,28,http://localhost:3500/query/empresa_simulada,16,0,0
1783612213376,10,POST get_monedas,200,OK,Benchmark - Operaciones Normales 1-45,text,true,,1572,255,28,28,http://localhost:3500/query/empresa_simulada,10,0,0
1783612213376,13,POST get_empresa,200,OK,Benchmark - Operaciones Normales 1-29,text,true,,1456,255,28,28,http://localhost:3500/query/empresa_simulada,13,0,0
1783612213377,12,POST get_empresa,200,OK,Benchmark - Operaciones Normales 1-31,text,true,,1456,255,28,28,http://localhost:3500/query/empresa_simulada,12,0,0
1783612213377,16,POST get_bancos,200,OK,Benchmark - Operaciones Normales 1-30,text,true,,1344,254,28,28,http://localhost:3500/query/empresa_simulada,16,0,0
1783612213377,16,POST get_empresa,200,OK,Benchmark - Operaciones Normales 1-25,text,true,,1456,255,28,28,http://localhost:3500/query/empresa_simulada,16,0,0
1783612213377,17,POST get_empresa,200,OK,Benchmark - Operaciones Normales 1-40,text,true,,1456,255,28,28,http://localhost:3500/query/empresa_simulada,17,0,0
1783612213377,17,POST get_empresa,200,OK,Benchmark - Operaciones Normales 1-24,text,true,,1456,255,28,28,http://localhost:3500/query/empresa_simulada,17,0,0
1783612213377,18,POST get_cuentas_cobrar,200,OK,Benchmark - Operaciones Normales 1-36,text,true,,1981,311,28,28,http://localhost:3500/query/empresa_simulada,18,0,0
1783612213377,18,POST get_cuentas_cobrar,200,OK,Benchmark - Operaciones Normales 1-39,text,true,,1981,311,28,28,http://localhost:3500/query/empresa_simulada,18,0,0
1783612213377,18,POST get_bancos,200,OK,Benchmark - Operaciones Normales 1-26,text,true,,1344,254,28,28,http://localhost:3500/query/empresa_simulada,18,0,0
1783612213378,17,POST get_bancos,200,OK,Benchmark - Operaciones Normales 1-41,text,true,,1344,254,28,28,http://localhost:3500/query/empresa_simulada,17,0,0
1783612213377,19,POST get_empresa,200,OK,Benchmark - Operaciones Normales 1-43,text,true,,1456,255,28,28,http://localhost:3500/query/empresa_simulada,19,0,0
1783612213378,21,POST get_bancos,200,OK,Benchmark - Operaciones Normales 1-28,text,true,,1344,254,28,28,http://localhost:3500/query/empresa_simulada,21,0,0
1783612213377,24,POST get_bancos,200,OK,Benchmark - Operaciones Normales 1-23,text,true,,1344,254,28,28,http://localhost:3500/query/empresa_simulada,24,0,0
1783612213381,22,POST get_bancos,200,OK,Benchmark - Operaciones Normales 1-34,text,true,,1344,254,28,28,http://localhost:3500/query/empresa_simulada,22,0,0
1783612213380,25,POST get_bancos,200,OK,Benchmark - Operaciones Normales 1-47,text,true,,1344,254,28,28,http://localhost:3500/query/empresa_simulada,25,0,0
1783612213380,25,POST get_empresa,200,OK,Benchmark - Operaciones Normales 1-38,text,true,,1456,255,28,28,http://localhost:3500/query/empresa_simulada,25,0,0
1783612213386,21,POST get_empresa,200,OK,Benchmark - Operaciones Normales 1-45,text,true,,1456,255,28,28,http://localhost:3500/query/empresa_simulada,21,0,0
1783612213389,18,POST get_cuentas_cobrar,200,OK,Benchmark - Operaciones Normales 1-29,text,true,,1981,311,28,28,http://localhost:3500/query/empresa_simulada,18,0,0
1783612213389,22,POST get_cuentas_cobrar,200,OK,Benchmark - Operaciones Normales 1-31,text,true,,1981,311,28,28,http://localhost:3500/query/empresa_simulada,22,0,0
1783612213394,17,POST get_cuentas_cobrar,200,OK,Benchmark - Operaciones Normales 1-25,text,true,,1981,311,28,28,http://localhost:3500/query/empresa_simulada,17,0,0
1783612213394,17,POST get_monedas,200,OK,Benchmark - Operaciones Normales 1-30,text,true,,1572,255,28,28,http://localhost:3500/query/empresa_simulada,17,0,0
1783612213395,17,POST get_cuentas_cobrar,200,OK,Benchmark - Operaciones Normales 1-24,text,true,,1981,311,28,28,http://localhost:3500/query/empresa_simulada,17,0,0
1783612213395,17,POST get_cuentas_cobrar,200,OK,Benchmark - Operaciones Normales 1-40,text,true,,1981,311,28,28,http://localhost:3500/query/empresa_simulada,17,0,0
1783612213395,19,POST get_bancos,200,OK,Benchmark - Operaciones Normales 1-36,text,true,,1344,254,28,28,http://localhost:3500/query/empresa_simulada,19,0,0
1783612213395,21,POST get_bancos,200,OK,Benchmark - Operaciones Normales 1-39,text,true,,1344,254,28,28,http://localhost:3500/query/empresa_simulada,21,0,0
1783612213395,24,POST get_monedas,200,OK,Benchmark - Operaciones Normales 1-26,text,true,,1572,255,28,28,http://localhost:3500/query/empresa_simulada,24,0,0
1783612213395,26,POST get_monedas,200,OK,Benchmark - Operaciones Normales 1-41,text,true,,1572,255,28,28,http://localhost:3500/query/empresa_simulada,26,0,0
1783612213396,26,POST get_cuentas_cobrar,200,OK,Benchmark - Operaciones Normales 1-43,text,true,,1981,311,28,28,http://localhost:3500/query/empresa_simulada,26,0,0
1783612213400,24,POST get_monedas,200,OK,Benchmark - Operaciones Normales 1-28,text,true,,1572,255,28,28,http://localhost:3500/query/empresa_simulada,24,0,0
1783612213401,23,POST get_monedas,200,OK,Benchmark - Operaciones Normales 1-23,text,true,,1572,255,28,28,http://localhost:3500/query/empresa_simulada,23,0,0
1783612213380,46,POST get_bancos,200,OK,Benchmark - Operaciones Normales 1-33,text,true,,1344,254,28,28,http://localhost:3500/query/empresa_simulada,46,0,0
1783612213380,47,POST get_empresa,200,OK,Benchmark - Operaciones Normales 1-35,text,true,,1456,255,28,28,http://localhost:3500/query/empresa_simulada,47,0,0
1783612213378,50,POST get_empresa,200,OK,Benchmark - Operaciones Normales 1-32,text,true,,1456,255,28,28,http://localhost:3500/query/empresa_simulada,50,0,0
1783612213378,51,POST get_empresa,200,OK,Benchmark - Operaciones Normales 1-46,text,true,,1456,255,28,28,http://localhost:3500/query/empresa_simulada,51,0,0
1783612213380,50,POST get_empresa,200,OK,Benchmark - Operaciones Normales 1-44,text,true,,1456,255,28,28,http://localhost:3500/query/empresa_simulada,50,0,0
1783612213377,54,POST get_cuentas_cobrar,200,OK,Benchmark - Operaciones Normales 1-42,text,true,,1981,311,28,28,http://localhost:3500/query/empresa_simulada,54,0,0
1783612213385,47,POST get_monedas,200,OK,Benchmark - Operaciones Normales 1-37,text,true,,1572,255,28,28,http://localhost:3500/query/empresa_simulada,47,0,0
1783612213385,48,POST get_bancos,200,OK,Benchmark - Operaciones Normales 1-27,text,true,,1344,254,28,28,http://localhost:3500/query/empresa_simulada,48,0,0
1783612213385,50,POST get_monedas,200,OK,Benchmark - Operaciones Normales 1-22,text,true,,1572,255,28,28,http://localhost:3500/query/empresa_simulada,50,0,0
1783612213243,193,POST get_cuentas_cobrar,200,OK,Benchmark - Operaciones Normales 1-48,text,true,,1981,311,28,28,http://localhost:3500/query/empresa_simulada,193,0,3
1783612213352,86,POST get_cuentas_cobrar,200,OK,Benchmark - Operaciones Normales 1-49,text,true,,1981,311,28,28,http://localhost:3500/query/empresa_simulada,86,0,1
1783612213407,32,POST get_cuentas_cobrar,200,OK,Benchmark - Operaciones Normales 1-45,text,true,,1981,311,28,28,http://localhost:3500/query/empresa_simulada,32,0,0
1783612213407,33,POST get_bancos,200,OK,Benchmark - Operaciones Normales 1-29,text,true,,1344,254,28,28,http://localhost:3500/query/empresa_simulada,33,0,0
1783612213411,31,POST get_bancos,200,OK,Benchmark - Operaciones Normales 1-31,text,true,,1344,254,28,28,http://localhost:3500/query/empresa_simulada,31,0,0
1783612213411,33,POST get_bancos,200,OK,Benchmark - Operaciones Normales 1-25,text,true,,1344,254,29,29,http://localhost:3500/query/empresa_simulada,32,0,0
1783612213412,33,POST get_empresa,200,OK,Benchmark - Operaciones Normales 1-30,text,true,,1456,255,29,29,http://localhost:3500/query/empresa_simulada,33,0,0
1783612213412,34,POST get_bancos,200,OK,Benchmark - Operaciones Normales 1-24,text,true,,1344,254,29,29,http://localhost:3500/query/empresa_simulada,34,0,0
1783612213412,36,POST get_bancos,200,OK,Benchmark - Operaciones Normales 1-40,text,true,,1344,254,29,29,http://localhost:3500/query/empresa_simulada,36,0,0
1783612213414,34,POST get_monedas,200,OK,Benchmark - Operaciones Normales 1-36,text,true,,1572,255,29,29,http://localhost:3500/query/empresa_simulada,34,0,0
1783612213419,31,POST get_empresa,200,OK,Benchmark - Operaciones Normales 1-26,text,true,,1456,255,29,29,http://localhost:3500/query/empresa_simulada,31,0,0
1783612213417,33,POST get_monedas,200,OK,Benchmark - Operaciones Normales 1-39,text,true,,1572,255,29,29,http://localhost:3500/query/empresa_simulada,33,0,0
1783612213421,31,POST get_empresa,200,OK,Benchmark - Operaciones Normales 1-41,text,true,,1456,255,29,29,http://localhost:3500/query/empresa_simulada,31,0,0
1783612213423,30,POST get_bancos,200,OK,Benchmark - Operaciones Normales 1-43,text,true,,1344,254,29,29,http://localhost:3500/query/empresa_simulada,30,0,0
1783612213425,30,POST get_empresa,200,OK,Benchmark - Operaciones Normales 1-28,text,true,,1456,255,29,29,http://localhost:3500/query/empresa_simulada,30,0,0
1783612213425,31,POST get_empresa,200,OK,Benchmark - Operaciones Normales 1-23,text,true,,1456,255,29,29,http://localhost:3500/query/empresa_simulada,31,0,0
1783612213426,32,POST get_monedas,200,OK,Benchmark - Operaciones Normales 1-33,text,true,,1572,255,28,28,http://localhost:3500/query/empresa_simulada,32,0,0
1783612213427,32,POST get_cuentas_cobrar,200,OK,Benchmark - Operaciones Normales 1-35,text,true,,1981,311,28,28,http://localhost:3500/query/empresa_simulada,32,0,0
1783612213428,33,POST get_cuentas_cobrar,200,OK,Benchmark - Operaciones Normales 1-32,text,true,,1981,311,28,28,http://localhost:3500/query/empresa_simulada,33,0,0
1783612213429,33,POST get_cuentas_cobrar,200,OK,Benchmark - Operaciones Normales 1-46,text,true,,1981,311,28,28,http://localhost:3500/query/empresa_simulada,33,0,0
1783612213430,33,POST get_cuentas_cobrar,200,OK,Benchmark - Operaciones Normales 1-44,text,true,,1981,311,28,28,http://localhost:3500/query/empresa_simulada,33,0,0
1783612213431,33,POST get_bancos,200,OK,Benchmark - Operaciones Normales 1-42,text,true,,1344,254,28,28,http://localhost:3500/query/empresa_simulada,33,0,0
1783612213432,33,POST get_empresa,200,OK,Benchmark - Operaciones Normales 1-37,text,true,,1456,255,28,28,http://localhost:3500/query/empresa_simulada,33,0,0
1783612213434,32,POST get_monedas,200,OK,Benchmark - Operaciones Normales 1-27,text,true,,1572,255,28,28,http://localhost:3500/query/empresa_simulada,32,0,0
1783612213435,32,POST get_empresa,200,OK,Benchmark - Operaciones Normales 1-22,text,true,,1456,255,28,28,http://localhost:3500/query/empresa_simulada,32,0,0
1783612213437,31,POST get_bancos,200,OK,Benchmark - Operaciones Normales 1-48,text,true,,1344,254,28,28,http://localhost:3500/query/empresa_simulada,31,0,0
1783612213403,66,POST get_monedas,200,OK,Benchmark - Operaciones Normales 1-34,text,true,,1572,255,27,27,http://localhost:3500/query/empresa_simulada,66,0,0
1783612213405,64,POST get_cuentas_cobrar,200,OK,Benchmark - Operaciones Normales 1-38,text,true,,1981,311,27,27,http://localhost:3500/query/empresa_simulada,64,0,0
1783612213405,65,POST get_monedas,200,OK,Benchmark - Operaciones Normales 1-47,text,true,,1572,255,27,27,http://localhost:3500/query/empresa_simulada,65,0,0
1783612213439,33,POST get_bancos,200,OK,Benchmark - Operaciones Normales 1-45,text,true,,1344,254,27,27,http://localhost:3500/query/empresa_simulada,33,0,0
1783612213441,32,POST get_monedas,200,OK,Benchmark - Operaciones Normales 1-29,text,true,,1572,255,27,27,http://localhost:3500/query/empresa_simulada,32,0,0
1783612213443,31,POST get_monedas,200,OK,Benchmark - Operaciones Normales 1-31,text,true,,1572,255,27,27,http://localhost:3500/query/empresa_simulada,31,0,0
1783612213444,31,POST get_monedas,200,OK,Benchmark - Operaciones Normales 1-25,text,true,,1572,255,27,27,http://localhost:3500/query/empresa_simulada,31,0,0
1783612213445,31,POST get_cuentas_cobrar,200,OK,Benchmark - Operaciones Normales 1-30,text,true,,1981,311,27,27,http://localhost:3500/query/empresa_simulada,31,0,0
1783612213446,31,POST get_monedas,200,OK,Benchmark - Operaciones Normales 1-24,text,true,,1572,255,27,27,http://localhost:3500/query/empresa_simulada,31,0,0
1783612213449,29,POST get_monedas,200,OK,Benchmark - Operaciones Normales 1-40,text,true,,1572,255,27,27,http://localhost:3500/query/empresa_simulada,29,0,0
1783612213449,30,POST get_empresa,200,OK,Benchmark - Operaciones Normales 1-36,text,true,,1456,255,27,27,http://localhost:3500/query/empresa_simulada,30,0,0
1783612213450,31,POST get_empresa,200,OK,Benchmark - Operaciones Normales 1-39,text,true,,1456,255,27,27,http://localhost:3500/query/empresa_simulada,31,0,0
1783612213450,34,POST get_cuentas_cobrar,200,OK,Benchmark - Operaciones Normales 1-26,text,true,,1981,311,27,27,http://localhost:3500/query/empresa_simulada,34,0,0
1783612213452,33,POST get_cuentas_cobrar,200,OK,Benchmark - Operaciones Normales 1-41,text,true,,1981,311,27,27,http://localhost:3500/query/empresa_simulada,33,0,0
1783612213453,33,POST get_monedas,200,OK,Benchmark - Operaciones Normales 1-43,text,true,,1572,255,27,27,http://localhost:3500/query/empresa_simulada,33,0,0
1783612213455,32,POST get_cuentas_cobrar,200,OK,Benchmark - Operaciones Normales 1-28,text,true,,1981,311,27,27,http://localhost:3500/query/empresa_simulada,32,0,0
1783612213458,30,POST get_empresa,200,OK,Benchmark - Operaciones Normales 1-33,text,true,,1456,255,27,27,http://localhost:3500/query/empresa_simulada,30,0,0
1783612213460,28,POST get_bancos,200,OK,Benchmark - Operaciones Normales 1-35,text,true,,1344,254,27,27,http://localhost:3500/query/empresa_simulada,28,0,0
1783612213461,28,POST get_bancos,200,OK,Benchmark - Operaciones Normales 1-32,text,true,,1344,254,27,27,http://localhost:3500/query/empresa_simulada,28,0,0
1783612213462,29,POST get_bancos,200,OK,Benchmark - Operaciones Normales 1-46,text,true,,1344,254,27,27,http://localhost:3500/query/empresa_simulada,29,0,0
1783612213463,29,POST get_bancos,200,OK,Benchmark - Operaciones Normales 1-44,text,true,,1344,254,27,27,http://localhost:3500/query/empresa_simulada,29,0,0
1783612213464,29,POST get_monedas,200,OK,Benchmark - Operaciones Normales 1-42,text,true,,1572,255,27,27,http://localhost:3500/query/empresa_simulada,29,0,0
1783612213465,30,POST get_cuentas_cobrar,200,OK,Benchmark - Operaciones Normales 1-37,text,true,,1981,311,27,27,http://localhost:3500/query/empresa_simulada,30,0,0
1783612213466,31,POST get_empresa,200,OK,Benchmark - Operaciones Normales 1-27,text,true,,1456,255,27,27,http://localhost:3500/query/empresa_simulada,31,0,0
1783612213468,30,POST get_monedas,200,OK,Benchmark - Operaciones Normales 1-48,text,true,,1572,255,27,27,http://localhost:3500/query/empresa_simulada,30,0,0
1783612213469,31,POST get_empresa,200,OK,Benchmark - Operaciones Normales 1-34,text,true,,1456,255,27,27,http://localhost:3500/query/empresa_simulada,31,0,0
1783612213438,65,POST get_bancos,200,OK,Benchmark - Operaciones Normales 1-49,text,true,,1344,254,27,27,http://localhost:3500/query/empresa_simulada,65,0,0
1783612213472,33,POST get_monedas,200,OK,Benchmark - Operaciones Normales 1-45,text,true,,1572,255,27,27,http://localhost:3500/query/empresa_simulada,33,0,0
1783612213473,34,POST get_empresa,200,OK,Benchmark - Operaciones Normales 1-29,text,true,,1456,255,27,27,http://localhost:3500/query/empresa_simulada,34,0,0
1783612213475,40,POST get_empresa,200,OK,Benchmark - Operaciones Normales 1-31,text,true,,1456,255,27,27,http://localhost:3500/query/empresa_simulada,40,0,0
1783612213475,42,POST get_empresa,200,OK,Benchmark - Operaciones Normales 1-25,text,true,,1456,255,27,27,http://localhost:3500/query/empresa_simulada,42,0,0
1783612213477,48,POST get_bancos,200,OK,Benchmark - Operaciones Normales 1-30,text,true,,1344,254,26,26,http://localhost:3500/query/empresa_simulada,48,0,0
1783612213478,47,POST get_empresa,200,OK,Benchmark - Operaciones Normales 1-24,text,true,,1456,255,26,26,http://localhost:3500/query/empresa_simulada,47,0,0
1783612213478,48,POST get_empresa,200,OK,Benchmark - Operaciones Normales 1-40,text,true,,1456,255,26,26,http://localhost:3500/query/empresa_simulada,48,0,0
1783612213481,47,POST get_cuentas_cobrar,200,OK,Benchmark - Operaciones Normales 1-39,text,true,,1981,311,25,25,http://localhost:3500/query/empresa_simulada,47,0,0
1783612213480,48,POST get_cuentas_cobrar,200,OK,Benchmark - Operaciones Normales 1-36,text,true,,1981,311,25,25,http://localhost:3500/query/empresa_simulada,48,0,0
1783612213484,48,POST get_bancos,200,OK,Benchmark - Operaciones Normales 1-26,text,true,,1344,254,25,25,http://localhost:3500/query/empresa_simulada,48,0,0
1783612213485,52,POST get_bancos,200,OK,Benchmark - Operaciones Normales 1-41,text,true,,1344,254,25,25,http://localhost:3500/query/empresa_simulada,52,0,0
1783612213486,56,POST get_empresa,200,OK,Benchmark - Operaciones Normales 1-43,text,true,,1456,255,25,25,http://localhost:3500/query/empresa_simulada,56,0,0
1783612213487,56,POST get_bancos,200,OK,Benchmark - Operaciones Normales 1-28,text,true,,1344,254,25,25,http://localhost:3500/query/empresa_simulada,56,0,0
1783612213488,56,POST get_cuentas_cobrar,200,OK,Benchmark - Operaciones Normales 1-33,text,true,,1981,311,25,25,http://localhost:3500/query/empresa_simulada,56,0,0
1783612213490,55,POST get_monedas,200,OK,Benchmark - Operaciones Normales 1-32,text,true,,1572,255,25,25,http://localhost:3500/query/empresa_simulada,55,0,0
1783612213489,56,POST get_monedas,200,OK,Benchmark - Operaciones Normales 1-35,text,true,,1572,255,25,25,http://localhost:3500/query/empresa_simulada,56,0,0
1783612213491,55,POST get_monedas,200,OK,Benchmark - Operaciones Normales 1-46,text,true,,1572,255,25,25,http://localhost:3500/query/empresa_simulada,55,0,0
1783612213492,56,POST get_monedas,200,OK,Benchmark - Operaciones Normales 1-44,text,true,,1572,255,25,25,http://localhost:3500/query/empresa_simulada,56,0,0
1783612213493,59,POST get_empresa,200,OK,Benchmark - Operaciones Normales 1-42,text,true,,1456,255,25,25,http://localhost:3500/query/empresa_simulada,59,0,0
1783612213495,62,POST get_bancos,200,OK,Benchmark - Operaciones Normales 1-37,text,true,,1344,254,25,25,http://localhost:3500/query/empresa_simulada,62,0,0
1783612213497,63,POST get_cuentas_cobrar,200,OK,Benchmark - Operaciones Normales 1-27,text,true,,1981,311,25,25,http://localhost:3500/query/empresa_simulada,62,0,0
1783612213498,64,POST get_empresa,200,OK,Benchmark - Operaciones Normales 1-48,text,true,,1456,255,25,25,http://localhost:3500/query/empresa_simulada,64,0,0
1783612213470,95,POST get_bancos,200,OK,Benchmark - Operaciones Normales 1-38,text,true,,1344,254,25,25,http://localhost:3500/query/empresa_simulada,95,0,0
1783612213471,96,POST get_empresa,200,OK,Benchmark - Operaciones Normales 1-47,text,true,,1456,255,25,25,http://localhost:3500/query/empresa_simulada,96,0,0
1783612213444,126,POST get_cuentas_cobrar,200,OK,Benchmark - Operaciones Normales 1-50,text,true,,1981,311,25,25,http://localhost:3500/query/empresa_simulada,126,0,2
1783612213505,66,POST get_empresa,200,OK,Benchmark - Operaciones Normales 1-45,text,true,,1456,255,25,25,http://localhost:3500/query/empresa_simulada,66,0,0
1783612213507,65,POST get_cuentas_cobrar,200,OK,Benchmark - Operaciones Normales 1-29,text,true,,1981,311,25,25,http://localhost:3500/query/empresa_simulada,65,0,0
1783612213515,58,POST get_cuentas_cobrar,200,OK,Benchmark - Operaciones Normales 1-31,text,true,,1981,311,25,25,http://localhost:3500/query/empresa_simulada,58,0,0
1783612213525,50,POST get_monedas,200,OK,Benchmark - Operaciones Normales 1-30,text,true,,1572,255,25,25,http://localhost:3500/query/empresa_simulada,50,0,0
1783612213526,230,POST get_cuentas_cobrar,200,OK,Benchmark - Operaciones Normales 1-40,text,true,,1981,311,25,25,http://localhost:3500/query/empresa_simulada,230,0,0
1783612213528,228,POST get_bancos,200,OK,Benchmark - Operaciones Normales 1-36,text,true,,1344,254,25,25,http://localhost:3500/query/empresa_simulada,228,0,0
1783612213528,229,POST get_bancos,200,OK,Benchmark - Operaciones Normales 1-39,text,true,,1344,254,25,25,http://localhost:3500/query/empresa_simulada,229,0,0
1783612213532,225,POST get_monedas,200,OK,Benchmark - Operaciones Normales 1-26,text,true,,1572,255,25,25,http://localhost:3500/query/empresa_simulada,225,0,0
1783612213537,220,POST get_monedas,200,OK,Benchmark - Operaciones Normales 1-41,text,true,,1572,255,25,25,http://localhost:3500/query/empresa_simulada,220,0,0
1783612213542,215,POST get_cuentas_cobrar,200,OK,Benchmark - Operaciones Normales 1-43,text,true,,1981,311,25,25,http://localhost:3500/query/empresa_simulada,215,0,0
1783612213543,214,POST get_monedas,200,OK,Benchmark - Operaciones Normales 1-28,text,true,,1572,255,25,25,http://localhost:3500/query/empresa_simulada,214,0,0
1783612213544,214,POST get_bancos,200,OK,Benchmark - Operaciones Normales 1-33,text,true,,1344,254,25,25,http://localhost:3500/query/empresa_simulada,214,0,0
1783612213546,212,POST get_empresa,200,OK,Benchmark - Operaciones Normales 1-35,text,true,,1456,255,25,25,http://localhost:3500/query/empresa_simulada,212,0,0
1783612213546,212,POST get_empresa,200,OK,Benchmark - Operaciones Normales 1-46,text,true,,1456,255,25,25,http://localhost:3500/query/empresa_simulada,212,0,0
1783612213557,201,POST get_monedas,200,OK,Benchmark - Operaciones Normales 1-37,text,true,,1572,255,25,25,http://localhost:3500/query/empresa_simulada,201,0,0
1783612213545,213,POST get_empresa,200,OK,Benchmark - Operaciones Normales 1-32,text,true,,1456,255,25,25,http://localhost:3500/query/empresa_simulada,213,0,0
1783612213562,196,POST get_cuentas_cobrar,200,OK,Benchmark - Operaciones Normales 1-48,text,true,,1981,311,25,25,http://localhost:3500/query/empresa_simulada,196,0,0
1783612213548,210,POST get_empresa,200,OK,Benchmark - Operaciones Normales 1-44,text,true,,1456,255,25,25,http://localhost:3500/query/empresa_simulada,210,0,0
1783612213552,206,POST get_cuentas_cobrar,200,OK,Benchmark - Operaciones Normales 1-42,text,true,,1981,311,25,25,http://localhost:3500/query/empresa_simulada,206,0,0
1783612213568,191,POST get_cuentas_cobrar,200,OK,Benchmark - Operaciones Normales 1-47,text,true,,1981,311,25,25,http://localhost:3500/query/empresa_simulada,191,0,0
1783612213560,199,POST get_bancos,200,OK,Benchmark - Operaciones Normales 1-27,text,true,,1344,254,25,25,http://localhost:3500/query/empresa_simulada,199,0,0
1783612213566,193,POST get_monedas,200,OK,Benchmark - Operaciones Normales 1-38,text,true,,1572,255,25,25,http://localhost:3500/query/empresa_simulada,193,0,0
1783612213571,188,POST get_cuentas_cobrar,200,OK,Benchmark - Operaciones Normales 1-45,text,true,,1981,311,25,25,http://localhost:3500/query/empresa_simulada,188,0,0
1783612213501,259,POST get_cuentas_cobrar,200,OK,Benchmark - Operaciones Normales 1-34,text,true,,1981,311,25,25,http://localhost:3500/query/empresa_simulada,259,0,0
1783612213503,257,POST get_monedas,200,OK,Benchmark - Operaciones Normales 1-49,text,true,,1572,255,25,25,http://localhost:3500/query/empresa_simulada,257,0,0
1783612213572,188,POST get_bancos,200,OK,Benchmark - Operaciones Normales 1-29,text,true,,1344,254,25,25,http://localhost:3500/query/empresa_simulada,188,0,0
1783612213573,187,POST get_bancos,200,OK,Benchmark - Operaciones Normales 1-31,text,true,,1344,254,25,25,http://localhost:3500/query/empresa_simulada,187,0,0
1783612213570,190,POST get_bancos,200,OK,Benchmark - Operaciones Normales 1-50,text,true,,1344,254,25,25,http://localhost:3500/query/empresa_simulada,190,0,0
1783612213575,185,POST get_empresa,200,OK,Benchmark - Operaciones Normales 1-30,text,true,,1456,255,25,25,http://localhost:3500/query/empresa_simulada,185,0,0
1783612213757,12,POST get_empresa,200,OK,Benchmark - Operaciones Normales 1-28,text,true,,1456,255,25,25,http://localhost:3500/query/empresa_simulada,12,0,0
1783612213757,13,POST get_bancos,200,OK,Benchmark - Operaciones Normales 1-43,text,true,,1344,254,25,25,http://localhost:3500/query/empresa_simulada,13,0,0
1783612213756,14,POST get_monedas,200,OK,Benchmark - Operaciones Normales 1-36,text,true,,1572,255,25,25,http://localhost:3500/query/empresa_simulada,14,0,0
1783612213757,13,POST get_monedas,200,OK,Benchmark - Operaciones Normales 1-39,text,true,,1572,255,25,25,http://localhost:3500/query/empresa_simulada,13,0,0
1783612213757,13,POST get_empresa,200,OK,Benchmark - Operaciones Normales 1-41,text,true,,1456,255,25,25,http://localhost:3500/query/empresa_simulada,13,0,0
1783612213757,13,POST get_empresa,200,OK,Benchmark - Operaciones Normales 1-26,text,true,,1456,255,25,25,http://localhost:3500/query/empresa_simulada,13,0,0
1783612213759,12,POST get_bancos,200,OK,Benchmark - Operaciones Normales 1-47,text,true,,1344,254,25,25,http://localhost:3500/query/empresa_simulada,12,0,0
1783612213758,14,POST get_cuentas_cobrar,200,OK,Benchmark - Operaciones Normales 1-35,text,true,,1981,311,24,24,http://localhost:3500/query/empresa_simulada,14,0,0
1783612213756,16,POST get_bancos,200,OK,Benchmark - Operaciones Normales 1-40,text,true,,1344,254,24,24,http://localhost:3500/query/empresa_simulada,16,0,0
1783612213758,18,POST get_cuentas_cobrar,200,OK,Benchmark - Operaciones Normales 1-44,text,true,,1981,311,24,24,http://localhost:3500/query/empresa_simulada,18,0,0
1783612213758,18,POST get_cuentas_cobrar,200,OK,Benchmark - Operaciones Normales 1-32,text,true,,1981,311,24,24,http://localhost:3500/query/empresa_simulada,18,0,0
1783612213759,17,POST get_bancos,200,OK,Benchmark - Operaciones Normales 1-42,text,true,,1344,254,24,24,http://localhost:3500/query/empresa_simulada,17,0,0
1783612213758,19,POST get_empresa,200,OK,Benchmark - Operaciones Normales 1-37,text,true,,1456,255,24,24,http://localhost:3500/query/empresa_simulada,18,0,0
1783612213758,23,POST get_bancos,200,OK,Benchmark - Operaciones Normales 1-48,text,true,,1344,254,24,24,http://localhost:3500/query/empresa_simulada,23,0,0
1783612213758,23,POST get_cuentas_cobrar,200,OK,Benchmark - Operaciones Normales 1-46,text,true,,1981,311,24,24,http://localhost:3500/query/empresa_simulada,23,0,0
1783612213758,23,POST get_monedas,200,OK,Benchmark - Operaciones Normales 1-33,text,true,,1572,255,24,24,http://localhost:3500/query/empresa_simulada,23,0,0
1783612213760,26,POST get_monedas,200,OK,Benchmark - Operaciones Normales 1-50,text,true,,1572,255,24,24,http://localhost:3500/query/empresa_simulada,26,0,0
1783612213760,26,POST get_monedas,200,OK,Benchmark - Operaciones Normales 1-31,text,true,,1572,255,24,24,http://localhost:3500/query/empresa_simulada,26,0,0
1783612213770,16,POST get_monedas,200,OK,Benchmark - Operaciones Normales 1-43,text,true,,1572,255,24,24,http://localhost:3500/query/empresa_simulada,16,0,0
1783612213770,17,POST get_empresa,200,OK,Benchmark - Operaciones Normales 1-36,text,true,,1456,255,24,24,http://localhost:3500/query/empresa_simulada,17,0,0
1783612213771,16,POST get_monedas,200,OK,Benchmark - Operaciones Normales 1-47,text,true,,1572,255,24,24,http://localhost:3500/query/empresa_simulada,16,0,0
1783612213772,21,POST get_monedas,200,OK,Benchmark - Operaciones Normales 1-40,text,true,,1572,255,24,24,http://localhost:3500/query/empresa_simulada,21,0,0
1783612213760,33,POST get_bancos,200,OK,Benchmark - Operaciones Normales 1-34,text,true,,1344,254,24,24,http://localhost:3500/query/empresa_simulada,33,0,0
1783612213772,21,POST get_bancos,200,OK,Benchmark - Operaciones Normales 1-35,text,true,,1344,254,24,24,http://localhost:3500/query/empresa_simulada,21,0,0
1783612213760,34,POST get_monedas,200,OK,Benchmark - Operaciones Normales 1-29,text,true,,1572,255,24,24,http://localhost:3500/query/empresa_simulada,34,0,0
1783612213760,34,POST get_empresa,200,OK,Benchmark - Operaciones Normales 1-49,text,true,,1456,255,24,24,http://localhost:3500/query/empresa_simulada,34,0,0
1783612213759,37,POST get_bancos,200,OK,Benchmark - Operaciones Normales 1-45,text,true,,1344,254,24,24,http://localhost:3500/query/empresa_simulada,37,0,0
1783612213759,37,POST get_monedas,200,OK,Benchmark - Operaciones Normales 1-27,text,true,,1572,255,24,24,http://localhost:3500/query/empresa_simulada,37,0,0
1783612213759,38,POST get_empresa,200,OK,Benchmark - Operaciones Normales 1-38,text,true,,1456,255,24,24,http://localhost:3500/query/empresa_simulada,38,0,0
1783612213769,29,POST get_cuentas_cobrar,200,OK,Benchmark - Operaciones Normales 1-28,text,true,,1981,311,24,24,http://localhost:3500/query/empresa_simulada,29,0,0
1783612213761,37,POST get_cuentas_cobrar,200,OK,Benchmark - Operaciones Normales 1-30,text,true,,1981,311,24,24,http://localhost:3500/query/empresa_simulada,37,0,0
1783612213770,29,POST get_empresa,200,OK,Benchmark - Operaciones Normales 1-39,text,true,,1456,255,24,24,http://localhost:3500/query/empresa_simulada,29,0,0
1783612213781,18,POST get_monedas,200,OK,Benchmark - Operaciones Normales 1-48,text,true,,1572,255,24,24,http://localhost:3500/query/empresa_simulada,18,0,0
1783612213770,29,POST get_cuentas_cobrar,200,OK,Benchmark - Operaciones Normales 1-41,text,true,,1981,311,24,24,http://localhost:3500/query/empresa_simulada,29,0,0
1783612213776,24,POST get_bancos,200,OK,Benchmark - Operaciones Normales 1-44,text,true,,1344,254,24,24,http://localhost:3500/query/empresa_simulada,24,0,0
1783612213776,25,POST get_monedas,200,OK,Benchmark - Operaciones Normales 1-42,text,true,,1572,255,24,24,http://localhost:3500/query/empresa_simulada,25,0,0
1783612213776,25,POST get_bancos,200,OK,Benchmark - Operaciones Normales 1-32,text,true,,1344,254,24,24,http://localhost:3500/query/empresa_simulada,25,0,0
1783612213777,27,POST get_cuentas_cobrar,200,OK,Benchmark - Operaciones Normales 1-37,text,true,,1981,311,24,24,http://localhost:3500/query/empresa_simulada,27,0,0
1783612213781,24,POST get_bancos,200,OK,Benchmark - Operaciones Normales 1-46,text,true,,1344,254,24,24,http://localhost:3500/query/empresa_simulada,24,0,0
1783612213781,24,POST get_empresa,200,OK,Benchmark - Operaciones Normales 1-33,text,true,,1456,255,24,24,http://localhost:3500/query/empresa_simulada,24,0,0
1783612213787,19,POST get_empresa,200,OK,Benchmark - Operaciones Normales 1-47,text,true,,1456,255,24,24,http://localhost:3500/query/empresa_simulada,19,0,0
1783612213786,21,POST get_empresa,200,OK,Benchmark - Operaciones Normales 1-31,text,true,,1456,255,24,24,http://localhost:3500/query/empresa_simulada,21,0,0
1783612213786,22,POST get_empresa,200,OK,Benchmark - Operaciones Normales 1-43,text,true,,1456,255,24,24,http://localhost:3500/query/empresa_simulada,22,0,0
1783612213787,21,POST get_cuentas_cobrar,200,OK,Benchmark - Operaciones Normales 1-36,text,true,,1981,311,24,24,http://localhost:3500/query/empresa_simulada,21,0,0
1783612213794,15,POST get_cuentas_cobrar,200,OK,Benchmark - Operaciones Normales 1-49,text,true,,1981,311,24,24,http://localhost:3500/query/empresa_simulada,15,0,0
1783612213786,25,POST get_empresa,200,OK,Benchmark - Operaciones Normales 1-50,text,true,,1456,255,24,24,http://localhost:3500/query/empresa_simulada,25,0,0
1783612213794,20,POST get_monedas,200,OK,Benchmark - Operaciones Normales 1-34,text,true,,1572,255,24,24,http://localhost:3500/query/empresa_simulada,20,0,0
1783612213794,22,POST get_empresa,200,OK,Benchmark - Operaciones Normales 1-40,text,true,,1456,255,24,24,http://localhost:3500/query/empresa_simulada,22,0,0
1783612213794,23,POST get_empresa,200,OK,Benchmark - Operaciones Normales 1-29,text,true,,1456,255,24,24,http://localhost:3500/query/empresa_simulada,23,0,0
1783612213794,24,POST get_monedas,200,OK,Benchmark - Operaciones Normales 1-35,text,true,,1572,255,24,24,http://localhost:3500/query/empresa_simulada,24,0,0
1783612213796,24,POST get_monedas,200,OK,Benchmark - Operaciones Normales 1-45,text,true,,1572,255,24,24,http://localhost:3500/query/empresa_simulada,24,0,0
1783612213797,24,POST get_empresa,200,OK,Benchmark - Operaciones Normales 1-27,text,true,,1456,255,24,24,http://localhost:3500/query/empresa_simulada,24,0,0
1783612213797,25,POST get_cuentas_cobrar,200,OK,Benchmark - Operaciones Normales 1-38,text,true,,1981,311,24,24,http://localhost:3500/query/empresa_simulada,25,0,0
1783612213798,25,POST get_bancos,200,OK,Benchmark - Operaciones Normales 1-30,text,true,,1344,254,24,24,http://localhost:3500/query/empresa_simulada,25,0,0
1783612213798,26,POST get_bancos,200,OK,Benchmark - Operaciones Normales 1-28,text,true,,1344,254,24,24,http://localhost:3500/query/empresa_simulada,26,0,0
1783612213807,19,POST get_cuentas_cobrar,200,OK,Benchmark - Operaciones Normales 1-47,text,true,,1981,311,24,24,http://localhost:3500/query/empresa_simulada,19,0,0
1783612213808,19,POST get_cuentas_cobrar,200,OK,Benchmark - Operaciones Normales 1-31,text,true,,1981,311,24,24,http://localhost:3500/query/empresa_simulada,19,0,0
1783612213808,19,POST get_cuentas_cobrar,200,OK,Benchmark - Operaciones Normales 1-43,text,true,,1981,311,24,24,http://localhost:3500/query/empresa_simulada,19,0,0
1783612213808,20,POST get_bancos,200,OK,Benchmark - Operaciones Normales 1-36,text,true,,1344,254,24,24,http://localhost:3500/query/empresa_simulada,20,0,0
1783612213809,20,POST get_bancos,200,OK,Benchmark - Operaciones Normales 1-49,text,true,,1344,254,24,24,http://localhost:3500/query/empresa_simulada,20,0,0
1783612213811,20,POST get_cuentas_cobrar,200,OK,Benchmark - Operaciones Normales 1-50,text,true,,1981,311,24,24,http://localhost:3500/query/empresa_simulada,20,0,0
1783612213815,17,POST get_empresa,200,OK,Benchmark - Operaciones Normales 1-34,text,true,,1456,255,24,24,http://localhost:3500/query/empresa_simulada,17,0,0
1783612213816,18,POST get_cuentas_cobrar,200,OK,Benchmark - Operaciones Normales 1-40,text,true,,1981,311,24,24,http://localhost:3500/query/empresa_simulada,18,0,0
1783612213817,18,POST get_cuentas_cobrar,200,OK,Benchmark - Operaciones Normales 1-29,text,true,,1981,311,24,24,http://localhost:3500/query/empresa_simulada,18,0,0
1783612213819,18,POST get_empresa,200,OK,Benchmark - Operaciones Normales 1-35,text,true,,1456,255,24,24,http://localhost:3500/query/empresa_simulada,18,0,0
1783612213820,18,POST get_empresa,200,OK,Benchmark - Operaciones Normales 1-45,text,true,,1456,255,24,24,http://localhost:3500/query/empresa_simulada,18,0,0
1783612213821,18,POST get_cuentas_cobrar,200,OK,Benchmark - Operaciones Normales 1-27,text,true,,1981,311,24,24,http://localhost:3500/query/empresa_simulada,18,0,0
1783612213822,20,POST get_bancos,200,OK,Benchmark - Operaciones Normales 1-38,text,true,,1344,254,24,24,http://localhost:3500/query/empresa_simulada,20,0,0
1783612213800,42,POST get_empresa,200,OK,Benchmark - Operaciones Normales 1-48,text,true,,1456,255,24,24,http://localhost:3500/query/empresa_simulada,42,0,0
1783612213801,42,POST get_monedas,200,OK,Benchmark - Operaciones Normales 1-32,text,true,,1572,255,24,24,http://localhost:3500/query/empresa_simulada,42,0,0
1783612213801,42,POST get_empresa,200,OK,Benchmark - Operaciones Normales 1-42,text,true,,1456,255,24,24,http://localhost:3500/query/empresa_simulada,42,0,0
1783612213800,44,POST get_monedas,200,OK,Benchmark - Operaciones Normales 1-44,text,true,,1572,255,24,24,http://localhost:3500/query/empresa_simulada,44,0,0
1783612213800,45,POST get_bancos,200,OK,Benchmark - Operaciones Normales 1-41,text,true,,1344,254,24,24,http://localhost:3500/query/empresa_simulada,45,0,0
1783612213800,46,POST get_cuentas_cobrar,200,OK,Benchmark - Operaciones Normales 1-39,text,true,,1981,311,24,24,http://localhost:3500/query/empresa_simulada,46,0,0
1783612213805,42,POST get_monedas,200,OK,Benchmark - Operaciones Normales 1-46,text,true,,1572,255,24,24,http://localhost:3500/query/empresa_simulada,42,0,0
1783612213806,42,POST get_cuentas_cobrar,200,OK,Benchmark - Operaciones Normales 1-33,text,true,,1981,311,24,24,http://localhost:3500/query/empresa_simulada,42,0,0
1783612213804,45,POST get_bancos,200,OK,Benchmark - Operaciones Normales 1-37,text,true,,1344,254,24,24,http://localhost:3500/query/empresa_simulada,45,0,0
1783612213826,24,POST get_bancos,200,OK,Benchmark - Operaciones Normales 1-47,text,true,,1344,254,24,24,http://localhost:3500/query/empresa_simulada,24,0,0
1783612213827,25,POST get_bancos,200,OK,Benchmark - Operaciones Normales 1-31,text,true,,1344,254,24,24,http://localhost:3500/query/empresa_simulada,25,0,0
1783612213828,26,POST get_bancos,200,OK,Benchmark - Operaciones Normales 1-43,text,true,,1344,254,24,24,http://localhost:3500/query/empresa_simulada,26,0,0
1783612213829,25,POST get_monedas,200,OK,Benchmark - Operaciones Normales 1-36,text,true,,1572,255,24,24,http://localhost:3500/query/empresa_simulada,25,0,0
1783612213830,26,POST get_monedas,200,OK,Benchmark - Operaciones Normales 1-49,text,true,,1572,255,24,24,http://localhost:3500/query/empresa_simulada,26,0,0
1783612213831,27,POST get_bancos,200,OK,Benchmark - Operaciones Normales 1-50,text,true,,1344,254,24,24,http://localhost:3500/query/empresa_simulada,27,0,0
1783612213832,27,POST get_cuentas_cobrar,200,OK,Benchmark - Operaciones Normales 1-34,text,true,,1981,311,24,24,http://localhost:3500/query/empresa_simulada,27,0,0
1783612213834,26,POST get_bancos,200,OK,Benchmark - Operaciones Normales 1-40,text,true,,1344,254,24,24,http://localhost:3500/query/empresa_simulada,26,0,0
1783612213836,25,POST get_bancos,200,OK,Benchmark - Operaciones Normales 1-29,text,true,,1344,254,24,24,http://localhost:3500/query/empresa_simulada,25,0,0
1783612213837,25,POST get_cuentas_cobrar,200,OK,Benchmark - Operaciones Normales 1-35,text,true,,1981,311,24,24,http://localhost:3500/query/empresa_simulada,25,0,0
1783612213838,25,POST get_cuentas_cobrar,200,OK,Benchmark - Operaciones Normales 1-45,text,true,,1981,311,24,24,http://localhost:3500/query/empresa_simulada,25,0,0
1783612213839,25,POST get_bancos,200,OK,Benchmark - Operaciones Normales 1-27,text,true,,1344,254,24,24,http://localhost:3500/query/empresa_simulada,25,0,0
1783612213842,23,POST get_monedas,200,OK,Benchmark - Operaciones Normales 1-38,text,true,,1572,255,24,24,http://localhost:3500/query/empresa_simulada,23,0,0
1783612213842,24,POST get_cuentas_cobrar,200,OK,Benchmark - Operaciones Normales 1-48,text,true,,1981,311,24,24,http://localhost:3500/query/empresa_simulada,24,0,0
1783612213843,24,POST get_empresa,200,OK,Benchmark - Operaciones Normales 1-32,text,true,,1456,255,24,24,http://localhost:3500/query/empresa_simulada,24,0,0
1783612213844,23,POST get_cuentas_cobrar,200,OK,Benchmark - Operaciones Normales 1-42,text,true,,1981,311,24,24,http://localhost:3500/query/empresa_simulada,23,0,0
1783612213845,24,POST get_empresa,200,OK,Benchmark - Operaciones Normales 1-44,text,true,,1456,255,24,24,http://localhost:3500/query/empresa_simulada,24,0,0
1783612213845,26,POST get_monedas,200,OK,Benchmark - Operaciones Normales 1-41,text,true,,1572,255,24,24,http://localhost:3500/query/empresa_simulada,26,0,0
1783612213846,27,POST get_bancos,200,OK,Benchmark - Operaciones Normales 1-39,text,true,,1344,254,24,24,http://localhost:3500/query/empresa_simulada,27,0,0
1783612213847,27,POST get_empresa,200,OK,Benchmark - Operaciones Normales 1-46,text,true,,1456,255,24,24,http://localhost:3500/query/empresa_simulada,27,0,0
1783612213824,52,POST get_monedas,200,OK,Benchmark - Operaciones Normales 1-30,text,true,,1572,255,24,24,http://localhost:3500/query/empresa_simulada,52,0,0
1783612213824,54,POST get_monedas,200,OK,Benchmark - Operaciones Normales 1-28,text,true,,1572,255,24,24,http://localhost:3500/query/empresa_simulada,54,0,0
1783612213850,30,POST get_monedas,200,OK,Benchmark - Operaciones Normales 1-47,text,true,,1572,255,24,24,http://localhost:3500/query/empresa_simulada,30,0,0
1783612213852,30,POST get_monedas,200,OK,Benchmark - Operaciones Normales 1-31,text,true,,1572,255,24,24,http://localhost:3500/query/empresa_simulada,30,0,0
1783612213854,29,POST get_monedas,200,OK,Benchmark - Operaciones Normales 1-43,text,true,,1572,255,24,24,http://localhost:3500/query/empresa_simulada,29,0,0
1783612213854,30,POST get_empresa,200,OK,Benchmark - Operaciones Normales 1-36,text,true,,1456,255,24,24,http://localhost:3500/query/empresa_simulada,30,0,0
1783612213857,28,POST get_empresa,200,OK,Benchmark - Operaciones Normales 1-49,text,true,,1456,255,24,24,http://localhost:3500/query/empresa_simulada,28,0,0
1783612213858,28,POST get_monedas,200,OK,Benchmark - Operaciones Normales 1-50,text,true,,1572,255,24,24,http://localhost:3500/query/empresa_simulada,28,0,0
1783612213860,27,POST get_bancos,200,OK,Benchmark - Operaciones Normales 1-34,text,true,,1344,254,24,24,http://localhost:3500/query/empresa_simulada,27,0,0
1783612213861,27,POST get_monedas,200,OK,Benchmark - Operaciones Normales 1-40,text,true,,1572,255,24,24,http://localhost:3500/query/empresa_simulada,27,0,0
1783612213862,27,POST get_monedas,200,OK,Benchmark - Operaciones Normales 1-29,text,true,,1572,255,24,24,http://localhost:3500/query/empresa_simulada,27,0,0
1783612213862,29,POST get_bancos,200,OK,Benchmark - Operaciones Normales 1-35,text,true,,1344,254,24,24,http://localhost:3500/query/empresa_simulada,29,0,0
1783612213863,29,POST get_bancos,200,OK,Benchmark - Operaciones Normales 1-45,text,true,,1344,254,24,24,http://localhost:3500/query/empresa_simulada,29,0,0
1783612213864,29,POST get_monedas,200,OK,Benchmark - Operaciones Normales 1-27,text,true,,1572,255,24,24,http://localhost:3500/query/empresa_simulada,29,0,0
1783612213865,29,POST get_empresa,200,OK,Benchmark - Operaciones Normales 1-38,text,true,,1456,255,24,24,http://localhost:3500/query/empresa_simulada,29,0,0
1783612213866,31,POST get_bancos,200,OK,Benchmark - Operaciones Normales 1-48,text,true,,1344,254,24,24,http://localhost:3500/query/empresa_simulada,31,0,0
1783612213867,31,POST get_cuentas_cobrar,200,OK,Benchmark - Operaciones Normales 1-32,text,true,,1981,311,24,24,http://localhost:3500/query/empresa_simulada,31,0,0
1783612213868,32,POST get_bancos,200,OK,Benchmark - Operaciones Normales 1-42,text,true,,1344,254,24,24,http://localhost:3500/query/empresa_simulada,31,0,0
1783612213870,31,POST get_cuentas_cobrar,200,OK,Benchmark - Operaciones Normales 1-44,text,true,,1981,311,24,24,http://localhost:3500/query/empresa_simulada,31,0,0
1783612213871,31,POST get_empresa,200,OK,Benchmark - Operaciones Normales 1-41,text,true,,1456,255,24,24,http://localhost:3500/query/empresa_simulada,31,0,0
1783612213873,30,POST get_monedas,200,OK,Benchmark - Operaciones Normales 1-39,text,true,,1572,255,24,24,http://localhost:3500/query/empresa_simulada,29,0,0
1783612213875,29,POST get_cuentas_cobrar,200,OK,Benchmark - Operaciones Normales 1-46,text,true,,1981,311,24,24,http://localhost:3500/query/empresa_simulada,29,0,0
1783612213876,30,POST get_empresa,200,OK,Benchmark - Operaciones Normales 1-30,text,true,,1456,255,24,24,http://localhost:3500/query/empresa_simulada,30,0,0
1783612213848,61,POST get_bancos,200,OK,Benchmark - Operaciones Normales 1-33,text,true,,1344,254,24,24,http://localhost:3500/query/empresa_simulada,61,0,0
1783612213849,62,POST get_monedas,200,OK,Benchmark - Operaciones Normales 1-37,text,true,,1572,255,24,24,http://localhost:3500/query/empresa_simulada,62,0,0
1783612213881,33,POST get_empresa,200,OK,Benchmark - Operaciones Normales 1-47,text,true,,1456,255,24,24,http://localhost:3500/query/empresa_simulada,33,0,0
1783612213882,34,POST get_empresa,200,OK,Benchmark - Operaciones Normales 1-31,text,true,,1456,255,24,24,http://localhost:3500/query/empresa_simulada,34,0,0
1783612213883,34,POST get_empresa,200,OK,Benchmark - Operaciones Normales 1-43,text,true,,1456,255,24,24,http://localhost:3500/query/empresa_simulada,34,0,0
1783612213884,36,POST get_cuentas_cobrar,200,OK,Benchmark - Operaciones Normales 1-36,text,true,,1981,311,24,24,http://localhost:3500/query/empresa_simulada,36,0,0
1783612213885,36,POST get_cuentas_cobrar,200,OK,Benchmark - Operaciones Normales 1-49,text,true,,1981,311,24,24,http://localhost:3500/query/empresa_simulada,36,0,0
1783612213887,35,POST get_monedas,200,OK,Benchmark - Operaciones Normales 1-34,text,true,,1572,255,24,24,http://localhost:3500/query/empresa_simulada,35,0,0
1783612213886,35,POST get_empresa,200,OK,Benchmark - Operaciones Normales 1-50,text,true,,1456,255,24,24,http://localhost:3500/query/empresa_simulada,35,0,0
1783612213889,37,POST get_empresa,200,OK,Benchmark - Operaciones Normales 1-40,text,true,,1456,255,24,24,http://localhost:3500/query/empresa_simulada,37,0,0
1783612213890,41,POST get_empresa,200,OK,Benchmark - Operaciones Normales 1-29,text,true,,1456,255,24,24,http://localhost:3500/query/empresa_simulada,41,0,0
1783612213891,42,POST get_monedas,200,OK,Benchmark - Operaciones Normales 1-35,text,true,,1572,255,23,23,http://localhost:3500/query/empresa_simulada,42,0,0
1783612213893,43,POST get_empresa,200,OK,Benchmark - Operaciones Normales 1-27,text,true,,1456,255,23,23,http://localhost:3500/query/empresa_simulada,43,0,0
1783612213894,44,POST get_cuentas_cobrar,200,OK,Benchmark - Operaciones Normales 1-38,text,true,,1981,311,22,22,http://localhost:3500/query/empresa_simulada,44,0,0
1783612213892,46,POST get_monedas,200,OK,Benchmark - Operaciones Normales 1-45,text,true,,1572,255,22,22,http://localhost:3500/query/empresa_simulada,46,0,0
1783612213897,43,POST get_monedas,200,OK,Benchmark - Operaciones Normales 1-48,text,true,,1572,255,22,22,http://localhost:3500/query/empresa_simulada,43,0,0
1783612213899,42,POST get_bancos,200,OK,Benchmark - Operaciones Normales 1-32,text,true,,1344,254,22,22,http://localhost:3500/query/empresa_simulada,42,0,0
1783612213900,42,POST get_monedas,200,OK,Benchmark - Operaciones Normales 1-42,text,true,,1572,255,22,22,http://localhost:3500/query/empresa_simulada,42,0,0
1783612213901,43,POST get_bancos,200,OK,Benchmark - Operaciones Normales 1-44,text,true,,1344,254,22,22,http://localhost:3500/query/empresa_simulada,43,0,0
1783612213902,45,POST get_cuentas_cobrar,200,OK,Benchmark - Operaciones Normales 1-41,text,true,,1981,311,22,22,http://localhost:3500/query/empresa_simulada,45,0,0
1783612213903,48,POST get_empresa,200,OK,Benchmark - Operaciones Normales 1-39,text,true,,1456,255,22,22,http://localhost:3500/query/empresa_simulada,47,0,0
1783612213904,51,POST get_bancos,200,OK,Benchmark - Operaciones Normales 1-46,text,true,,1344,254,22,22,http://localhost:3500/query/empresa_simulada,51,0,0
1783612213906,49,POST get_cuentas_cobrar,200,OK,Benchmark - Operaciones Normales 1-30,text,true,,1981,311,22,22,http://localhost:3500/query/empresa_simulada,49,0,0
1783612213909,52,POST get_monedas,200,OK,Benchmark - Operaciones Normales 1-33,text,true,,1572,255,22,22,http://localhost:3500/query/empresa_simulada,52,0,0
1783612213878,83,POST get_empresa,200,OK,Benchmark - Operaciones Normales 1-28,text,true,,1456,255,22,22,http://localhost:3500/query/empresa_simulada,83,0,0
1783612213914,48,POST get_cuentas_cobrar,200,OK,Benchmark - Operaciones Normales 1-47,text,true,,1981,311,21,21,http://localhost:3500/query/empresa_simulada,48,0,0
1783612213916,46,POST get_cuentas_cobrar,200,OK,Benchmark - Operaciones Normales 1-31,text,true,,1981,311,21,21,http://localhost:3500/query/empresa_simulada,46,0,0
1783612213917,47,POST get_cuentas_cobrar,200,OK,Benchmark - Operaciones Normales 1-43,text,true,,1981,311,21,21,http://localhost:3500/query/empresa_simulada,47,0,0
1783612213921,44,POST get_bancos,200,OK,Benchmark - Operaciones Normales 1-49,text,true,,1344,254,21,21,http://localhost:3500/query/empresa_simulada,44,0,0
1783612213920,45,POST get_bancos,200,OK,Benchmark - Operaciones Normales 1-36,text,true,,1344,254,21,21,http://localhost:3500/query/empresa_simulada,45,0,0
1783612213922,44,POST get_cuentas_cobrar,200,OK,Benchmark - Operaciones Normales 1-50,text,true,,1981,311,21,21,http://localhost:3500/query/empresa_simulada,44,0,0
1783612213922,46,POST get_empresa,200,OK,Benchmark - Operaciones Normales 1-34,text,true,,1456,255,21,21,http://localhost:3500/query/empresa_simulada,46,0,0
1783612213926,44,POST get_cuentas_cobrar,200,OK,Benchmark - Operaciones Normales 1-40,text,true,,1981,311,21,21,http://localhost:3500/query/empresa_simulada,44,0,0
1783612213934,39,POST get_empresa,200,OK,Benchmark - Operaciones Normales 1-35,text,true,,1456,255,21,21,http://localhost:3500/query/empresa_simulada,39,0,0
1783612213938,36,POST get_empresa,200,OK,Benchmark - Operaciones Normales 1-45,text,true,,1456,255,21,21,http://localhost:3500/query/empresa_simulada,36,0,0
1783612213938,38,POST get_bancos,200,OK,Benchmark - Operaciones Normales 1-38,text,true,,1344,254,21,21,http://localhost:3500/query/empresa_simulada,38,0,0
1783612213940,38,POST get_empresa,200,OK,Benchmark - Operaciones Normales 1-48,text,true,,1456,255,21,21,http://localhost:3500/query/empresa_simulada,38,0,0
1783612213941,38,POST get_monedas,200,OK,Benchmark - Operaciones Normales 1-32,text,true,,1572,255,21,21,http://localhost:3500/query/empresa_simulada,38,0,0
1783612213942,38,POST get_empresa,200,OK,Benchmark - Operaciones Normales 1-42,text,true,,1456,255,21,21,http://localhost:3500/query/empresa_simulada,38,0,0
1783612213944,37,POST get_monedas,200,OK,Benchmark - Operaciones Normales 1-44,text,true,,1572,255,21,21,http://localhost:3500/query/empresa_simulada,37,0,0
1783612213948,34,POST get_bancos,200,OK,Benchmark - Operaciones Normales 1-41,text,true,,1344,254,21,21,http://localhost:3500/query/empresa_simulada,34,0,0
1783612213951,33,POST get_cuentas_cobrar,200,OK,Benchmark - Operaciones Normales 1-39,text,true,,1981,311,21,21,http://localhost:3500/query/empresa_simulada,33,0,0
1783612213911,74,POST get_empresa,200,OK,Benchmark - Operaciones Normales 1-37,text,true,,1456,255,21,21,http://localhost:3500/query/empresa_simulada,74,0,0
1783612213962,220,POST get_bancos,200,OK,Benchmark - Operaciones Normales 1-31,text,true,,1344,254,21,21,http://localhost:3500/query/empresa_simulada,220,0,0
1783612213962,220,POST get_bancos,200,OK,Benchmark - Operaciones Normales 1-47,text,true,,1344,254,21,21,http://localhost:3500/query/empresa_simulada,220,0,0
1783612213964,219,POST get_bancos,200,OK,Benchmark - Operaciones Normales 1-43,text,true,,1344,254,21,21,http://localhost:3500/query/empresa_simulada,219,0,0
1783612213966,217,POST get_monedas,200,OK,Benchmark - Operaciones Normales 1-36,text,true,,1572,255,21,21,http://localhost:3500/query/empresa_simulada,217,0,0
1783612213966,218,POST get_monedas,200,OK,Benchmark - Operaciones Normales 1-49,text,true,,1572,255,21,21,http://localhost:3500/query/empresa_simulada,218,0,0
1783612213967,217,POST get_bancos,200,OK,Benchmark - Operaciones Normales 1-50,text,true,,1344,254,21,21,http://localhost:3500/query/empresa_simulada,217,0,0
1783612213968,216,POST get_cuentas_cobrar,200,OK,Benchmark - Operaciones Normales 1-34,text,true,,1981,311,21,21,http://localhost:3500/query/empresa_simulada,216,0,0
1783612213971,213,POST get_bancos,200,OK,Benchmark - Operaciones Normales 1-40,text,true,,1344,254,21,21,http://localhost:3500/query/empresa_simulada,213,0,0
1783612213973,211,POST get_cuentas_cobrar,200,OK,Benchmark - Operaciones Normales 1-35,text,true,,1981,311,21,21,http://localhost:3500/query/empresa_simulada,211,0,0
1783612213975,210,POST get_cuentas_cobrar,200,OK,Benchmark - Operaciones Normales 1-45,text,true,,1981,311,21,21,http://localhost:3500/query/empresa_simulada,209,0,0
1783612213977,208,POST get_monedas,200,OK,Benchmark - Operaciones Normales 1-38,text,true,,1572,255,21,21,http://localhost:3500/query/empresa_simulada,208,0,0
1783612213979,206,POST get_empresa,200,OK,Benchmark - Operaciones Normales 1-32,text,true,,1456,255,21,21,http://localhost:3500/query/empresa_simulada,206,0,0
1783612213978,207,POST get_cuentas_cobrar,200,OK,Benchmark - Operaciones Normales 1-48,text,true,,1981,311,21,21,http://localhost:3500/query/empresa_simulada,207,0,0
1783612213980,205,POST get_cuentas_cobrar,200,OK,Benchmark - Operaciones Normales 1-42,text,true,,1981,311,21,21,http://localhost:3500/query/empresa_simulada,205,0,0
1783612213981,205,POST get_empresa,200,OK,Benchmark - Operaciones Normales 1-44,text,true,,1456,255,21,21,http://localhost:3500/query/empresa_simulada,205,0,0
1783612213982,204,POST get_monedas,200,OK,Benchmark - Operaciones Normales 1-41,text,true,,1572,255,21,21,http://localhost:3500/query/empresa_simulada,204,0,0
1783612213984,202,POST get_bancos,200,OK,Benchmark - Operaciones Normales 1-39,text,true,,1344,254,21,21,http://localhost:3500/query/empresa_simulada,202,0,0
1783612213955,232,POST get_bancos,200,OK,Benchmark - Operaciones Normales 1-30,text,true,,1344,254,21,21,http://localhost:3500/query/empresa_simulada,231,0,0
1783612213955,232,POST get_monedas,200,OK,Benchmark - Operaciones Normales 1-46,text,true,,1572,255,21,21,http://localhost:3500/query/empresa_simulada,232,0,0
1783612213961,226,POST get_empresa,200,OK,Benchmark - Operaciones Normales 1-33,text,true,,1456,255,21,21,http://localhost:3500/query/empresa_simulada,226,0,0
1783612213985,207,POST get_cuentas_cobrar,200,OK,Benchmark - Operaciones Normales 1-37,text,true,,1981,311,21,21,http://localhost:3500/query/empresa_simulada,207,0,0
1783612214183,23,POST get_monedas,200,OK,Benchmark - Operaciones Normales 1-43,text,true,,1572,255,21,21,http://localhost:3500/query/empresa_simulada,23,0,0
1783612214183,24,POST get_monedas,200,OK,Benchmark - Operaciones Normales 1-47,text,true,,1572,255,21,21,http://localhost:3500/query/empresa_simulada,24,0,0
1783612214183,24,POST get_empresa,200,OK,Benchmark - Operaciones Normales 1-36,text,true,,1456,255,21,21,http://localhost:3500/query/empresa_simulada,24,0,0
1783612214183,24,POST get_monedas,200,OK,Benchmark - Operaciones Normales 1-31,text,true,,1572,255,21,21,http://localhost:3500/query/empresa_simulada,24,0,0
1783612214185,22,POST get_empresa,200,OK,Benchmark - Operaciones Normales 1-38,text,true,,1456,255,21,21,http://localhost:3500/query/empresa_simulada,22,0,0
1783612214185,23,POST get_bancos,200,OK,Benchmark - Operaciones Normales 1-48,text,true,,1344,254,21,21,http://localhost:3500/query/empresa_simulada,23,0,0
1783612214187,21,POST get_cuentas_cobrar,200,OK,Benchmark - Operaciones Normales 1-33,text,true,,1981,311,21,21,http://localhost:3500/query/empresa_simulada,21,0,0
1783612214185,23,POST get_bancos,200,OK,Benchmark - Operaciones Normales 1-42,text,true,,1344,254,21,21,http://localhost:3500/query/empresa_simulada,23,0,0
1783612214184,25,POST get_empresa,200,OK,Benchmark - Operaciones Normales 1-49,text,true,,1456,255,21,21,http://localhost:3500/query/empresa_simulada,25,0,0
1783612214184,25,POST get_monedas,200,OK,Benchmark - Operaciones Normales 1-40,text,true,,1572,255,21,21,http://localhost:3500/query/empresa_simulada,25,0,0
1783612214184,29,POST get_monedas,200,OK,Benchmark - Operaciones Normales 1-50,text,true,,1572,255,21,21,http://localhost:3500/query/empresa_simulada,29,0,0
1783612214187,26,POST get_monedas,200,OK,Benchmark - Operaciones Normales 1-30,text,true,,1572,255,21,21,http://localhost:3500/query/empresa_simulada,26,0,0
1783612214186,27,POST get_empresa,200,OK,Benchmark - Operaciones Normales 1-41,text,true,,1456,255,21,21,http://localhost:3500/query/empresa_simulada,27,0,0
1783612214186,28,POST get_cuentas_cobrar,200,OK,Benchmark - Operaciones Normales 1-44,text,true,,1981,311,21,21,http://localhost:3500/query/empresa_simulada,28,0,0
1783612214187,27,POST get_empresa,200,OK,Benchmark - Operaciones Normales 1-46,text,true,,1456,255,21,21,http://localhost:3500/query/empresa_simulada,27,0,0
1783612214187,27,POST get_monedas,200,OK,Benchmark - Operaciones Normales 1-39,text,true,,1572,255,21,21,http://localhost:3500/query/empresa_simulada,27,0,0
1783612214185,29,POST get_bancos,200,OK,Benchmark - Operaciones Normales 1-45,text,true,,1344,254,21,21,http://localhost:3500/query/empresa_simulada,29,0,0
1783612214184,30,POST get_bancos,200,OK,Benchmark - Operaciones Normales 1-34,text,true,,1344,254,21,21,http://localhost:3500/query/empresa_simulada,30,0,0
1783612214185,30,POST get_cuentas_cobrar,200,OK,Benchmark - Operaciones Normales 1-32,text,true,,1981,311,21,21,http://localhost:3500/query/empresa_simulada,30,0,0
1783612214192,23,POST get_bancos,200,OK,Benchmark - Operaciones Normales 1-37,text,true,,1344,254,21,21,http://localhost:3500/query/empresa_simulada,23,0,0
1783612214184,31,POST get_bancos,200,OK,Benchmark - Operaciones Normales 1-35,text,true,,1344,254,21,21,http://localhost:3500/query/empresa_simulada,31,0,0
1783612214207,14,POST get_cuentas_cobrar,200,OK,Benchmark - Operaciones Normales 1-36,text,true,,1981,311,21,21,http://localhost:3500/query/empresa_simulada,14,0,0
1783612214208,13,POST get_bancos,200,OK,Benchmark - Operaciones Normales 1-33,text,true,,1344,254,21,21,http://localhost:3500/query/empresa_simulada,13,0,0
1783612214206,15,POST get_empresa,200,OK,Benchmark - Operaciones Normales 1-43,text,true,,1456,255,21,21,http://localhost:3500/query/empresa_simulada,15,0,0
1783612214214,13,POST get_monedas,200,OK,Benchmark - Operaciones Normales 1-34,text,true,,1572,255,21,21,http://localhost:3500/query/empresa_simulada,12,0,0
1783612214209,18,POST get_monedas,200,OK,Benchmark - Operaciones Normales 1-42,text,true,,1572,255,21,21,http://localhost:3500/query/empresa_simulada,17,0,0
1783612214214,13,POST get_monedas,200,OK,Benchmark - Operaciones Normales 1-45,text,true,,1572,255,21,21,http://localhost:3500/query/empresa_simulada,12,0,0
1783612214207,20,POST get_cuentas_cobrar,200,OK,Benchmark - Operaciones Normales 1-38,text,true,,1981,311,21,21,http://localhost:3500/query/empresa_simulada,20,0,0
1783612214213,19,POST get_cuentas_cobrar,200,OK,Benchmark - Operaciones Normales 1-41,text,true,,1981,311,21,21,http://localhost:3500/query/empresa_simulada,19,0,0
1783612214213,19,POST get_empresa,200,OK,Benchmark - Operaciones Normales 1-50,text,true,,1456,255,21,21,http://localhost:3500/query/empresa_simulada,19,0,0
1783612214209,23,POST get_empresa,200,OK,Benchmark - Operaciones Normales 1-40,text,true,,1456,255,21,21,http://localhost:3500/query/empresa_simulada,23,0,0
1783612214208,25,POST get_monedas,200,OK,Benchmark - Operaciones Normales 1-48,text,true,,1572,255,21,21,http://localhost:3500/query/empresa_simulada,25,0,0
1783612214207,26,POST get_empresa,200,OK,Benchmark - Operaciones Normales 1-47,text,true,,1456,255,21,21,http://localhost:3500/query/empresa_simulada,26,0,0
1783612214209,28,POST get_cuentas_cobrar,200,OK,Benchmark - Operaciones Normales 1-49,text,true,,1981,311,21,21,http://localhost:3500/query/empresa_simulada,28,0,0
1783612214207,30,POST get_empresa,200,OK,Benchmark - Operaciones Normales 1-31,text,true,,1456,255,21,21,http://localhost:3500/query/empresa_simulada,30,0,0
1783612214214,23,POST get_bancos,200,OK,Benchmark - Operaciones Normales 1-44,text,true,,1344,254,21,21,http://localhost:3500/query/empresa_simulada,23,0,0
1783612214214,23,POST get_cuentas_cobrar,200,OK,Benchmark - Operaciones Normales 1-46,text,true,,1981,311,21,21,http://localhost:3500/query/empresa_simulada,23,0,0
1783612214214,23,POST get_empresa,200,OK,Benchmark - Operaciones Normales 1-39,text,true,,1456,255,21,21,http://localhost:3500/query/empresa_simulada,23,0,0
1783612214215,26,POST get_bancos,200,OK,Benchmark - Operaciones Normales 1-32,text,true,,1344,254,20,20,http://localhost:3500/query/empresa_simulada,26,0,0
1783612214213,28,POST get_empresa,200,OK,Benchmark - Operaciones Normales 1-30,text,true,,1456,255,20,20,http://localhost:3500/query/empresa_simulada,28,0,0
1783612214215,28,POST get_monedas,200,OK,Benchmark - Operaciones Normales 1-37,text,true,,1572,255,19,19,http://localhost:3500/query/empresa_simulada,28,0,0
1783612214215,28,POST get_monedas,200,OK,Benchmark - Operaciones Normales 1-35,text,true,,1572,255,19,19,http://localhost:3500/query/empresa_simulada,28,0,0
1783612214233,10,POST get_empresa,200,OK,Benchmark - Operaciones Normales 1-48,text,true,,1456,255,19,19,http://localhost:3500/query/empresa_simulada,10,0,0
1783612214233,13,POST get_cuentas_cobrar,200,OK,Benchmark - Operaciones Normales 1-47,text,true,,1981,311,19,19,http://localhost:3500/query/empresa_simulada,12,0,0
1783612214221,25,POST get_bancos,200,OK,Benchmark - Operaciones Normales 1-36,text,true,,1344,254,19,19,http://localhost:3500/query/empresa_simulada,25,0,0
1783612214221,25,POST get_monedas,200,OK,Benchmark - Operaciones Normales 1-33,text,true,,1572,255,19,19,http://localhost:3500/query/empresa_simulada,25,0,0
1783612214221,26,POST get_cuentas_cobrar,200,OK,Benchmark - Operaciones Normales 1-43,text,true,,1981,311,19,19,http://localhost:3500/query/empresa_simulada,26,0,0
1783612214233,20,POST get_bancos,200,OK,Benchmark - Operaciones Normales 1-41,text,true,,1344,254,19,19,http://localhost:3500/query/empresa_simulada,20,0,0
1783612214227,27,POST get_empresa,200,OK,Benchmark - Operaciones Normales 1-34,text,true,,1456,255,19,19,http://localhost:3500/query/empresa_simulada,27,0,0
1783612214227,27,POST get_empresa,200,OK,Benchmark - Operaciones Normales 1-45,text,true,,1456,255,19,19,http://localhost:3500/query/empresa_simulada,27,0,0
1783612214233,21,POST get_cuentas_cobrar,200,OK,Benchmark - Operaciones Normales 1-50,text,true,,1981,311,19,19,http://localhost:3500/query/empresa_simulada,21,0,0
1783612214227,27,POST get_empresa,200,OK,Benchmark - Operaciones Normales 1-42,text,true,,1456,255,19,19,http://localhost:3500/query/empresa_simulada,27,0,0
1783612214233,21,POST get_cuentas_cobrar,200,OK,Benchmark - Operaciones Normales 1-40,text,true,,1981,311,19,19,http://localhost:3500/query/empresa_simulada,21,0,0
1783612214228,27,POST get_bancos,200,OK,Benchmark - Operaciones Normales 1-38,text,true,,1344,254,19,19,http://localhost:3500/query/empresa_simulada,27,0,0
1783612214243,12,POST get_cuentas_cobrar,200,OK,Benchmark - Operaciones Normales 1-48,text,true,,1981,311,19,19,http://localhost:3500/query/empresa_simulada,12,0,0
1783612214246,9,POST get_monedas,200,OK,Benchmark - Operaciones Normales 1-36,text,true,,1572,255,19,19,http://localhost:3500/query/empresa_simulada,9,0,0
1783612214246,9,POST get_empresa,200,OK,Benchmark - Operaciones Normales 1-33,text,true,,1456,255,19,19,http://localhost:3500/query/empresa_simulada,9,0,0
1783612214247,8,POST get_bancos,200,OK,Benchmark - Operaciones Normales 1-43,text,true,,1344,254,19,19,http://localhost:3500/query/empresa_simulada,8,0,0
1783612214237,18,POST get_monedas,200,OK,Benchmark - Operaciones Normales 1-44,text,true,,1572,255,19,19,http://localhost:3500/query/empresa_simulada,18,0,0
1783612214237,19,POST get_bancos,200,OK,Benchmark - Operaciones Normales 1-46,text,true,,1344,254,19,19,http://localhost:3500/query/empresa_simulada,19,0,0
1783612214237,20,POST get_cuentas_cobrar,200,OK,Benchmark - Operaciones Normales 1-39,text,true,,1981,311,19,19,http://localhost:3500/query/empresa_simulada,20,0,0
1783612214237,23,POST get_bancos,200,OK,Benchmark - Operaciones Normales 1-49,text,true,,1344,254,19,19,http://localhost:3500/query/empresa_simulada,22,0,0
1783612214242,28,POST get_monedas,200,OK,Benchmark - Operaciones Normales 1-32,text,true,,1572,255,19,19,http://localhost:3500/query/empresa_simulada,28,0,0
1783612214243,27,POST get_empresa,200,OK,Benchmark - Operaciones Normales 1-37,text,true,,1456,255,19,19,http://localhost:3500/query/empresa_simulada,27,0,0
1783612214243,27,POST get_empresa,200,OK,Benchmark - Operaciones Normales 1-35,text,true,,1456,255,19,19,http://localhost:3500/query/empresa_simulada,27,0,0
1783612214255,16,POST get_bancos,200,OK,Benchmark - Operaciones Normales 1-48,text,true,,1344,254,19,19,http://localhost:3500/query/empresa_simulada,16,0,0
1783612214255,21,POST get_empresa,200,OK,Benchmark - Operaciones Normales 1-36,text,true,,1456,255,19,19,http://localhost:3500/query/empresa_simulada,21,0,0
1783612214255,22,POST get_cuentas_cobrar,200,OK,Benchmark - Operaciones Normales 1-33,text,true,,1981,311,19,19,http://localhost:3500/query/empresa_simulada,22,0,0
1783612214255,22,POST get_monedas,200,OK,Benchmark - Operaciones Normales 1-43,text,true,,1572,255,19,19,http://localhost:3500/query/empresa_simulada,22,0,0
1783612214256,21,POST get_empresa,200,OK,Benchmark - Operaciones Normales 1-44,text,true,,1456,255,19,19,http://localhost:3500/query/empresa_simulada,21,0,0
1783612214256,21,POST get_monedas,200,OK,Benchmark - Operaciones Normales 1-46,text,true,,1572,255,19,19,http://localhost:3500/query/empresa_simulada,21,0,0
1783612214257,21,POST get_bancos,200,OK,Benchmark - Operaciones Normales 1-39,text,true,,1344,254,19,19,http://localhost:3500/query/empresa_simulada,21,0,0
1783612214260,18,POST get_monedas,200,OK,Benchmark - Operaciones Normales 1-49,text,true,,1572,255,19,19,http://localhost:3500/query/empresa_simulada,18,0,0
1783612214246,32,POST get_bancos,200,OK,Benchmark - Operaciones Normales 1-47,text,true,,1344,254,19,19,http://localhost:3500/query/empresa_simulada,32,0,0
1783612214254,26,POST get_bancos,200,OK,Benchmark - Operaciones Normales 1-50,text,true,,1344,254,19,19,http://localhost:3500/query/empresa_simulada,26,0,0
1783612214254,26,POST get_cuentas_cobrar,200,OK,Benchmark - Operaciones Normales 1-34,text,true,,1981,311,19,19,http://localhost:3500/query/empresa_simulada,26,0,0
1783612214254,34,POST get_monedas,200,OK,Benchmark - Operaciones Normales 1-41,text,true,,1572,255,19,19,http://localhost:3500/query/empresa_simulada,34,0,0
1783612214254,34,POST get_cuentas_cobrar,200,OK,Benchmark - Operaciones Normales 1-45,text,true,,1981,311,19,19,http://localhost:3500/query/empresa_simulada,34,0,0
1783612214255,33,POST get_monedas,200,OK,Benchmark - Operaciones Normales 1-38,text,true,,1572,255,19,19,http://localhost:3500/query/empresa_simulada,33,0,0
1783612214255,33,POST get_bancos,200,OK,Benchmark - Operaciones Normales 1-40,text,true,,1344,254,19,19,http://localhost:3500/query/empresa_simulada,33,0,0
1783612214254,35,POST get_cuentas_cobrar,200,OK,Benchmark - Operaciones Normales 1-42,text,true,,1981,311,19,19,http://localhost:3500/query/empresa_simulada,35,0,0
1783612214271,18,POST get_monedas,200,OK,Benchmark - Operaciones Normales 1-48,text,true,,1572,255,19,19,http://localhost:3500/query/empresa_simulada,18,0,0
1783612214277,17,POST get_cuentas_cobrar,200,OK,Benchmark - Operaciones Normales 1-36,text,true,,1981,311,19,19,http://localhost:3500/query/empresa_simulada,17,0,0
1783612214277,17,POST get_bancos,200,OK,Benchmark - Operaciones Normales 1-33,text,true,,1344,254,19,19,http://localhost:3500/query/empresa_simulada,17,0,0
1783612214277,17,POST get_empresa,200,OK,Benchmark - Operaciones Normales 1-43,text,true,,1456,255,19,19,http://localhost:3500/query/empresa_simulada,17,0,0
1783612214278,17,POST get_cuentas_cobrar,200,OK,Benchmark - Operaciones Normales 1-44,text,true,,1981,311,19,19,http://localhost:3500/query/empresa_simulada,17,0,0
1783612214278,17,POST get_monedas,200,OK,Benchmark - Operaciones Normales 1-39,text,true,,1572,255,19,19,http://localhost:3500/query/empresa_simulada,17,0,0
1783612214278,17,POST get_empresa,200,OK,Benchmark - Operaciones Normales 1-49,text,true,,1456,255,19,19,http://localhost:3500/query/empresa_simulada,17,0,0
1783612214278,20,POST get_monedas,200,OK,Benchmark - Operaciones Normales 1-47,text,true,,1572,255,19,19,http://localhost:3500/query/empresa_simulada,20,0,0
1783612214280,24,POST get_monedas,200,OK,Benchmark - Operaciones Normales 1-50,text,true,,1572,255,19,19,http://localhost:3500/query/empresa_simulada,24,0,0
1783612214280,28,POST get_bancos,200,OK,Benchmark - Operaciones Normales 1-34,text,true,,1344,254,19,19,http://localhost:3500/query/empresa_simulada,28,0,0
1783612214270,43,POST get_empresa,200,OK,Benchmark - Operaciones Normales 1-32,text,true,,1456,255,19,19,http://localhost:3500/query/empresa_simulada,42,0,0
1783612214271,44,POST get_cuentas_cobrar,200,OK,Benchmark - Operaciones Normales 1-35,text,true,,1981,311,19,19,http://localhost:3500/query/empresa_simulada,44,0,0
1783612214271,44,POST get_cuentas_cobrar,200,OK,Benchmark - Operaciones Normales 1-37,text,true,,1981,311,19,19,http://localhost:3500/query/empresa_simulada,44,0,0
1783612214294,29,POST get_bancos,200,OK,Benchmark - Operaciones Normales 1-36,text,true,,1344,254,19,19,http://localhost:3500/query/empresa_simulada,29,0,0
1783612214290,34,POST get_empresa,200,OK,Benchmark - Operaciones Normales 1-48,text,true,,1456,255,19,19,http://localhost:3500/query/empresa_simulada,34,0,0
1783612214294,36,POST get_monedas,200,OK,Benchmark - Operaciones Normales 1-33,text,true,,1572,255,19,19,http://localhost:3500/query/empresa_simulada,36,0,0
1783612214295,37,POST get_bancos,200,OK,Benchmark - Operaciones Normales 1-44,text,true,,1344,254,19,19,http://localhost:3500/query/empresa_simulada,37,0,0
1783612214294,38,POST get_cuentas_cobrar,200,OK,Benchmark - Operaciones Normales 1-43,text,true,,1981,311,19,19,http://localhost:3500/query/empresa_simulada,38,0,0
1783612214295,47,POST get_empresa,200,OK,Benchmark - Operaciones Normales 1-39,text,true,,1456,255,19,19,http://localhost:3500/query/empresa_simulada,47,0,0
1783612214295,48,POST get_cuentas_cobrar,200,OK,Benchmark - Operaciones Normales 1-49,text,true,,1981,311,19,19,http://localhost:3500/query/empresa_simulada,48,0,0
1783612214299,45,POST get_empresa,200,OK,Benchmark - Operaciones Normales 1-47,text,true,,1456,255,19,19,http://localhost:3500/query/empresa_simulada,45,0,0
1783612214278,81,POST get_empresa,200,OK,Benchmark - Operaciones Normales 1-46,text,true,,1456,255,19,19,http://localhost:3500/query/empresa_simulada,81,0,0
1783612214308,51,POST get_monedas,200,OK,Benchmark - Operaciones Normales 1-34,text,true,,1572,255,19,19,http://localhost:3500/query/empresa_simulada,51,0,0
1783612214289,70,POST get_bancos,200,OK,Benchmark - Operaciones Normales 1-42,text,true,,1344,254,19,19,http://localhost:3500/query/empresa_simulada,70,0,0
1783612214288,71,POST get_empresa,200,OK,Benchmark - Operaciones Normales 1-38,text,true,,1456,255,19,19,http://localhost:3500/query/empresa_simulada,71,0,0
1783612214288,72,POST get_monedas,200,OK,Benchmark - Operaciones Normales 1-40,text,true,,1572,255,19,19,http://localhost:3500/query/empresa_simulada,72,0,0
1783612214305,55,POST get_empresa,200,OK,Benchmark - Operaciones Normales 1-50,text,true,,1456,255,19,19,http://localhost:3500/query/empresa_simulada,55,0,0
1783612214288,72,POST get_empresa,200,OK,Benchmark - Operaciones Normales 1-41,text,true,,1456,255,19,19,http://localhost:3500/query/empresa_simulada,72,0,0
1783612214288,72,POST get_bancos,200,OK,Benchmark - Operaciones Normales 1-45,text,true,,1344,254,19,19,http://localhost:3500/query/empresa_simulada,72,0,0
1783612214324,37,POST get_monedas,200,OK,Benchmark - Operaciones Normales 1-36,text,true,,1572,255,19,19,http://localhost:3500/query/empresa_simulada,37,0,0
1783612214332,29,POST get_bancos,200,OK,Benchmark - Operaciones Normales 1-43,text,true,,1344,254,19,19,http://localhost:3500/query/empresa_simulada,29,0,0
1783612214324,37,POST get_cuentas_cobrar,200,OK,Benchmark - Operaciones Normales 1-48,text,true,,1981,311,19,19,http://localhost:3500/query/empresa_simulada,37,0,0
1783612214332,29,POST get_monedas,200,OK,Benchmark - Operaciones Normales 1-44,text,true,,1572,255,19,19,http://localhost:3500/query/empresa_simulada,29,0,0
1783612214313,50,POST get_cuentas_cobrar,200,OK,Benchmark - Operaciones Normales 1-32,text,true,,1981,311,19,19,http://localhost:3500/query/empresa_simulada,50,0,0
1783612214315,50,POST get_bancos,200,OK,Benchmark - Operaciones Normales 1-37,text,true,,1344,254,19,19,http://localhost:3500/query/empresa_simulada,50,0,0
1783612214315,52,POST get_bancos,200,OK,Benchmark - Operaciones Normales 1-35,text,true,,1344,254,19,19,http://localhost:3500/query/empresa_simulada,52,0,0
1783612214361,7,POST get_bancos,200,OK,Benchmark - Operaciones Normales 1-48,text,true,,1344,254,19,19,http://localhost:3500/query/empresa_simulada,7,0,0
1783612214361,8,POST get_empresa,200,OK,Benchmark - Operaciones Normales 1-36,text,true,,1456,255,19,19,http://localhost:3500/query/empresa_simulada,8,0,0
1783612214361,10,POST get_monedas,200,OK,Benchmark - Operaciones Normales 1-43,text,true,,1572,255,18,18,http://localhost:3500/query/empresa_simulada,10,0,0
1783612214361,177,POST get_empresa,200,OK,Benchmark - Operaciones Normales 1-44,text,true,,1456,255,18,18,http://localhost:3500/query/empresa_simulada,177,0,0
1783612214363,175,POST get_bancos,200,OK,Benchmark - Operaciones Normales 1-32,text,true,,1344,254,18,18,http://localhost:3500/query/empresa_simulada,175,0,0
1783612214330,208,POST get_empresa,200,OK,Benchmark - Operaciones Normales 1-33,text,true,,1456,255,18,18,http://localhost:3500/query/empresa_simulada,208,0,0
1783612214345,193,POST get_cuentas_cobrar,200,OK,Benchmark - Operaciones Normales 1-47,text,true,,1981,311,18,18,http://localhost:3500/query/empresa_simulada,193,0,0
1783612214342,196,POST get_cuentas_cobrar,200,OK,Benchmark - Operaciones Normales 1-39,text,true,,1981,311,18,18,http://localhost:3500/query/empresa_simulada,196,0,0
1783612214343,196,POST get_bancos,200,OK,Benchmark - Operaciones Normales 1-49,text,true,,1344,254,17,17,http://localhost:3500/query/empresa_simulada,196,0,0
1783612214359,180,POST get_empresa,200,OK,Benchmark - Operaciones Normales 1-34,text,true,,1456,255,17,17,http://localhost:3500/query/empresa_simulada,180,0,0
1783612214360,179,POST get_monedas,200,OK,Benchmark - Operaciones Normales 1-45,text,true,,1572,255,17,17,http://localhost:3500/query/empresa_simulada,179,0,0
1783612214359,180,POST get_cuentas_cobrar,200,OK,Benchmark - Operaciones Normales 1-46,text,true,,1981,311,17,17,http://localhost:3500/query/empresa_simulada,180,0,0
1783612214359,181,POST get_monedas,200,OK,Benchmark - Operaciones Normales 1-42,text,true,,1572,255,16,16,http://localhost:3500/query/empresa_simulada,181,0,0
1783612214360,180,POST get_cuentas_cobrar,200,OK,Benchmark - Operaciones Normales 1-41,text,true,,1981,311,16,16,http://localhost:3500/query/empresa_simulada,180,0,0
1783612214359,181,POST get_cuentas_cobrar,200,OK,Benchmark - Operaciones Normales 1-38,text,true,,1981,311,16,16,http://localhost:3500/query/empresa_simulada,181,0,0
1783612214360,180,POST get_cuentas_cobrar,200,OK,Benchmark - Operaciones Normales 1-50,text,true,,1981,311,16,16,http://localhost:3500/query/empresa_simulada,180,0,0
1783612214360,180,POST get_empresa,200,OK,Benchmark - Operaciones Normales 1-40,text,true,,1456,255,16,16,http://localhost:3500/query/empresa_simulada,180,0,0
1783612214368,182,POST get_monedas,200,OK,Benchmark - Operaciones Normales 1-48,text,true,,1572,255,16,16,http://localhost:3500/query/empresa_simulada,182,0,0
1783612214371,179,POST get_empresa,200,OK,Benchmark - Operaciones Normales 1-43,text,true,,1456,255,16,16,http://localhost:3500/query/empresa_simulada,179,0,0
1783612214366,184,POST get_monedas,200,OK,Benchmark - Operaciones Normales 1-37,text,true,,1572,255,16,16,http://localhost:3500/query/empresa_simulada,184,0,0
1783612214367,183,POST get_monedas,200,OK,Benchmark - Operaciones Normales 1-35,text,true,,1572,255,16,16,http://localhost:3500/query/empresa_simulada,183,0,0
1783612214539,19,POST get_empresa,200,OK,Benchmark - Operaciones Normales 1-45,text,true,,1456,255,16,16,http://localhost:3500/query/empresa_simulada,19,0,0
1783612214550,9,POST get_empresa,200,OK,Benchmark - Operaciones Normales 1-48,text,true,,1456,255,16,16,http://localhost:3500/query/empresa_simulada,9,0,0
1783612214538,22,POST get_bancos,200,OK,Benchmark - Operaciones Normales 1-39,text,true,,1344,254,16,16,http://localhost:3500/query/empresa_simulada,22,0,0
1783612214538,22,POST get_cuentas_cobrar,200,OK,Benchmark - Operaciones Normales 1-44,text,true,,1981,311,16,16,http://localhost:3500/query/empresa_simulada,22,0,0
1783612214538,25,POST get_monedas,200,OK,Benchmark - Operaciones Normales 1-32,text,true,,1572,255,16,16,http://localhost:3500/query/empresa_simulada,25,0,0
1783612214539,24,POST get_monedas,200,OK,Benchmark - Operaciones Normales 1-49,text,true,,1572,255,16,16,http://localhost:3500/query/empresa_simulada,24,0,0
1783612214538,25,POST get_bancos,200,OK,Benchmark - Operaciones Normales 1-47,text,true,,1344,254,16,16,http://localhost:3500/query/empresa_simulada,25,0,0
1783612214540,24,POST get_bancos,200,OK,Benchmark - Operaciones Normales 1-41,text,true,,1344,254,16,16,http://localhost:3500/query/empresa_simulada,24,0,0
1783612214540,24,POST get_empresa,200,OK,Benchmark - Operaciones Normales 1-42,text,true,,1456,255,16,16,http://localhost:3500/query/empresa_simulada,24,0,0
1783612214550,19,POST get_cuentas_cobrar,200,OK,Benchmark - Operaciones Normales 1-43,text,true,,1981,311,16,16,http://localhost:3500/query/empresa_simulada,19,0,0
1783612214540,29,POST get_cuentas_cobrar,200,OK,Benchmark - Operaciones Normales 1-40,text,true,,1981,311,16,16,http://localhost:3500/query/empresa_simulada,29,0,0
1783612214550,20,POST get_empresa,200,OK,Benchmark - Operaciones Normales 1-35,text,true,,1456,255,16,16,http://localhost:3500/query/empresa_simulada,20,0,0
1783612214539,31,POST get_bancos,200,OK,Benchmark - Operaciones Normales 1-46,text,true,,1344,254,16,16,http://localhost:3500/query/empresa_simulada,31,0,0
1783612214540,32,POST get_bancos,200,OK,Benchmark - Operaciones Normales 1-38,text,true,,1344,254,15,15,http://localhost:3500/query/empresa_simulada,32,0,0
1783612214550,22,POST get_empresa,200,OK,Benchmark - Operaciones Normales 1-37,text,true,,1456,255,15,15,http://localhost:3500/query/empresa_simulada,22,0,0
1783612214560,16,POST get_monedas,200,OK,Benchmark - Operaciones Normales 1-39,text,true,,1572,255,15,15,http://localhost:3500/query/empresa_simulada,16,0,0
1783612214540,36,POST get_bancos,200,OK,Benchmark - Operaciones Normales 1-50,text,true,,1344,254,15,15,http://localhost:3500/query/empresa_simulada,36,0,0
1783612214560,16,POST get_bancos,200,OK,Benchmark - Operaciones Normales 1-44,text,true,,1344,254,15,15,http://localhost:3500/query/empresa_simulada,16,0,0
1783612214559,18,POST get_cuentas_cobrar,200,OK,Benchmark - Operaciones Normales 1-45,text,true,,1981,311,15,15,http://localhost:3500/query/empresa_simulada,18,0,0
1783612214559,21,POST get_cuentas_cobrar,200,OK,Benchmark - Operaciones Normales 1-48,text,true,,1981,311,15,15,http://localhost:3500/query/empresa_simulada,21,0,0
1783612214569,12,POST get_bancos,200,OK,Benchmark - Operaciones Normales 1-40,text,true,,1344,254,15,15,http://localhost:3500/query/empresa_simulada,12,0,0
1783612214564,17,POST get_cuentas_cobrar,200,OK,Benchmark - Operaciones Normales 1-42,text,true,,1981,311,15,15,http://localhost:3500/query/empresa_simulada,17,0,0
1783612214563,18,POST get_empresa,200,OK,Benchmark - Operaciones Normales 1-32,text,true,,1456,255,15,15,http://localhost:3500/query/empresa_simulada,18,0,0
1783612214563,23,POST get_empresa,200,OK,Benchmark - Operaciones Normales 1-49,text,true,,1456,255,14,14,http://localhost:3500/query/empresa_simulada,23,0,0
1783612214569,20,POST get_bancos,200,OK,Benchmark - Operaciones Normales 1-43,text,true,,1344,254,14,14,http://localhost:3500/query/empresa_simulada,20,0,0
1783612214577,12,POST get_bancos,200,OK,Benchmark - Operaciones Normales 1-45,text,true,,1344,254,14,14,http://localhost:3500/query/empresa_simulada,12,0,0
1783612214564,26,POST get_monedas,200,OK,Benchmark - Operaciones Normales 1-41,text,true,,1572,255,14,14,http://localhost:3500/query/empresa_simulada,26,0,0
1783612214564,26,POST get_monedas,200,OK,Benchmark - Operaciones Normales 1-47,text,true,,1572,255,14,14,http://localhost:3500/query/empresa_simulada,26,0,0
1783612214572,19,POST get_monedas,200,OK,Benchmark - Operaciones Normales 1-38,text,true,,1572,255,14,14,http://localhost:3500/query/empresa_simulada,19,0,0
1783612214570,21,POST get_monedas,200,OK,Benchmark - Operaciones Normales 1-46,text,true,,1572,255,14,14,http://localhost:3500/query/empresa_simulada,21,0,0
1783612214576,15,POST get_monedas,200,OK,Benchmark - Operaciones Normales 1-44,text,true,,1572,255,14,14,http://localhost:3500/query/empresa_simulada,15,0,0
1783612214572,20,POST get_cuentas_cobrar,200,OK,Benchmark - Operaciones Normales 1-37,text,true,,1981,311,14,14,http://localhost:3500/query/empresa_simulada,20,0,0
1783612214576,17,POST get_monedas,200,OK,Benchmark - Operaciones Normales 1-50,text,true,,1572,255,14,14,http://localhost:3500/query/empresa_simulada,17,0,0
1783612214581,12,POST get_bancos,200,OK,Benchmark - Operaciones Normales 1-48,text,true,,1344,254,14,14,http://localhost:3500/query/empresa_simulada,12,0,0
1783612214576,17,POST get_empresa,200,OK,Benchmark - Operaciones Normales 1-39,text,true,,1456,255,14,14,http://localhost:3500/query/empresa_simulada,17,0,0
1783612214581,15,POST get_monedas,200,OK,Benchmark - Operaciones Normales 1-40,text,true,,1572,255,14,14,http://localhost:3500/query/empresa_simulada,15,0,0
1783612214581,15,POST get_bancos,200,OK,Benchmark - Operaciones Normales 1-42,text,true,,1344,254,14,14,http://localhost:3500/query/empresa_simulada,15,0,0
1783612214586,11,POST get_cuentas_cobrar,200,OK,Benchmark - Operaciones Normales 1-49,text,true,,1981,311,14,14,http://localhost:3500/query/empresa_simulada,11,0,0
1783612214589,11,POST get_monedas,200,OK,Benchmark - Operaciones Normales 1-45,text,true,,1572,255,14,14,http://localhost:3500/query/empresa_simulada,11,0,0
1783612214591,9,POST get_empresa,200,OK,Benchmark - Operaciones Normales 1-46,text,true,,1456,255,14,14,http://localhost:3500/query/empresa_simulada,9,0,0
1783612214589,12,POST get_monedas,200,OK,Benchmark - Operaciones Normales 1-43,text,true,,1572,255,14,14,http://localhost:3500/query/empresa_simulada,12,0,0
1783612214591,10,POST get_empresa,200,OK,Benchmark - Operaciones Normales 1-44,text,true,,1456,255,14,14,http://localhost:3500/query/empresa_simulada,10,0,0
1783612214590,14,POST get_empresa,200,OK,Benchmark - Operaciones Normales 1-47,text,true,,1456,255,14,14,http://localhost:3500/query/empresa_simulada,14,0,0
1783612214591,13,POST get_empresa,200,OK,Benchmark - Operaciones Normales 1-38,text,true,,1456,255,14,14,http://localhost:3500/query/empresa_simulada,13,0,0
1783612214590,14,POST get_empresa,200,OK,Benchmark - Operaciones Normales 1-41,text,true,,1456,255,14,14,http://localhost:3500/query/empresa_simulada,14,0,0
1783612214592,14,POST get_bancos,200,OK,Benchmark - Operaciones Normales 1-37,text,true,,1344,254,14,14,http://localhost:3500/query/empresa_simulada,14,0,0
1783612214594,16,POST get_cuentas_cobrar,200,OK,Benchmark - Operaciones Normales 1-39,text,true,,1981,311,14,14,http://localhost:3500/query/empresa_simulada,16,0,0
1783612214594,16,POST get_empresa,200,OK,Benchmark - Operaciones Normales 1-50,text,true,,1456,255,14,14,http://localhost:3500/query/empresa_simulada,16,0,0
1783612214594,16,POST get_monedas,200,OK,Benchmark - Operaciones Normales 1-48,text,true,,1572,255,14,14,http://localhost:3500/query/empresa_simulada,16,0,0
1783612214596,15,POST get_monedas,200,OK,Benchmark - Operaciones Normales 1-42,text,true,,1572,255,14,14,http://localhost:3500/query/empresa_simulada,15,0,0
1783612214597,17,POST get_bancos,200,OK,Benchmark - Operaciones Normales 1-49,text,true,,1344,254,14,14,http://localhost:3500/query/empresa_simulada,17,0,0
1783612214596,18,POST get_empresa,200,OK,Benchmark - Operaciones Normales 1-40,text,true,,1456,255,14,14,http://localhost:3500/query/empresa_simulada,18,0,0
1783612214600,15,POST get_cuentas_cobrar,200,OK,Benchmark - Operaciones Normales 1-46,text,true,,1981,311,14,14,http://localhost:3500/query/empresa_simulada,15,0,0
1783612214600,15,POST get_empresa,200,OK,Benchmark - Operaciones Normales 1-45,text,true,,1456,255,14,14,http://localhost:3500/query/empresa_simulada,15,0,0
1783612214604,12,POST get_cuentas_cobrar,200,OK,Benchmark - Operaciones Normales 1-41,text,true,,1981,311,14,14,http://localhost:3500/query/empresa_simulada,12,0,0
1783612214601,15,POST get_cuentas_cobrar,200,OK,Benchmark - Operaciones Normales 1-44,text,true,,1981,311,14,14,http://localhost:3500/query/empresa_simulada,15,0,0
1783612214604,13,POST get_cuentas_cobrar,200,OK,Benchmark - Operaciones Normales 1-47,text,true,,1981,311,14,14,http://localhost:3500/query/empresa_simulada,12,0,0
1783612214601,16,POST get_empresa,200,OK,Benchmark - Operaciones Normales 1-43,text,true,,1456,255,14,14,http://localhost:3500/query/empresa_simulada,16,0,0
1783612214604,17,POST get_cuentas_cobrar,200,OK,Benchmark - Operaciones Normales 1-38,text,true,,1981,311,14,14,http://localhost:3500/query/empresa_simulada,17,0,0
1783612214615,6,POST get_monedas,200,OK,Benchmark - Operaciones Normales 1-49,text,true,,1572,255,14,14,http://localhost:3500/query/empresa_simulada,6,0,0
1783612214615,7,POST get_bancos,200,OK,Benchmark - Operaciones Normales 1-46,text,true,,1344,254,14,14,http://localhost:3500/query/empresa_simulada,7,0,0
1783612214606,17,POST get_monedas,200,OK,Benchmark - Operaciones Normales 1-37,text,true,,1572,255,14,14,http://localhost:3500/query/empresa_simulada,17,0,0
1783612214610,14,POST get_empresa,200,OK,Benchmark - Operaciones Normales 1-48,text,true,,1456,255,14,14,http://localhost:3500/query/empresa_simulada,14,0,0
1783612214610,15,POST get_cuentas_cobrar,200,OK,Benchmark - Operaciones Normales 1-50,text,true,,1981,311,14,14,http://localhost:3500/query/empresa_simulada,15,0,0
1783612214610,16,POST get_bancos,200,OK,Benchmark - Operaciones Normales 1-39,text,true,,1344,254,14,14,http://localhost:3500/query/empresa_simulada,16,0,0
1783612214611,17,POST get_empresa,200,OK,Benchmark - Operaciones Normales 1-42,text,true,,1456,255,14,14,http://localhost:3500/query/empresa_simulada,17,0,0
1783612214615,13,POST get_cuentas_cobrar,200,OK,Benchmark - Operaciones Normales 1-40,text,true,,1981,311,14,14,http://localhost:3500/query/empresa_simulada,13,0,0
1783612214622,9,POST get_monedas,200,OK,Benchmark - Operaciones Normales 1-46,text,true,,1572,255,14,14,http://localhost:3500/query/empresa_simulada,9,0,0
1783612214617,14,POST get_bancos,200,OK,Benchmark - Operaciones Normales 1-47,text,true,,1344,254,14,14,http://localhost:3500/query/empresa_simulada,14,0,0
1783612214624,7,POST get_empresa,200,OK,Benchmark - Operaciones Normales 1-37,text,true,,1456,255,14,14,http://localhost:3500/query/empresa_simulada,7,0,0
1783612214617,15,POST get_bancos,200,OK,Benchmark - Operaciones Normales 1-44,text,true,,1344,254,14,14,http://localhost:3500/query/empresa_simulada,15,0,0
1783612214616,17,POST get_bancos,200,OK,Benchmark - Operaciones Normales 1-41,text,true,,1344,254,13,13,http://localhost:3500/query/empresa_simulada,17,0,0
1783612214621,13,POST get_empresa,200,OK,Benchmark - Operaciones Normales 1-49,text,true,,1456,255,13,13,http://localhost:3500/query/empresa_simulada,13,0,0
1783612214615,20,POST get_cuentas_cobrar,200,OK,Benchmark - Operaciones Normales 1-45,text,true,,1981,311,13,13,http://localhost:3500/query/empresa_simulada,20,0,0
1783612214617,20,POST get_cuentas_cobrar,200,OK,Benchmark - Operaciones Normales 1-43,text,true,,1981,311,13,13,http://localhost:3500/query/empresa_simulada,20,0,0
1783612214621,18,POST get_bancos,200,OK,Benchmark - Operaciones Normales 1-38,text,true,,1344,254,13,13,http://localhost:3500/query/empresa_simulada,18,0,0
1783612214634,7,POST get_cuentas_cobrar,200,OK,Benchmark - Operaciones Normales 1-49,text,true,,1981,311,13,13,http://localhost:3500/query/empresa_simulada,7,0,0
1783612214632,11,POST get_empresa,200,OK,Benchmark - Operaciones Normales 1-46,text,true,,1456,255,13,13,http://localhost:3500/query/empresa_simulada,11,0,0
1783612214632,13,POST get_monedas,200,OK,Benchmark - Operaciones Normales 1-44,text,true,,1572,255,13,13,http://localhost:3500/query/empresa_simulada,13,0,0
1783612214632,14,POST get_monedas,200,OK,Benchmark - Operaciones Normales 1-47,text,true,,1572,255,13,13,http://localhost:3500/query/empresa_simulada,14,0,0
1783612214633,14,POST get_monedas,200,OK,Benchmark - Operaciones Normales 1-41,text,true,,1572,255,13,13,http://localhost:3500/query/empresa_simulada,14,0,0
1783612214635,13,POST get_bancos,200,OK,Benchmark - Operaciones Normales 1-45,text,true,,1344,254,13,13,http://localhost:3500/query/empresa_simulada,13,0,0
1783612214637,12,POST get_bancos,200,OK,Benchmark - Operaciones Normales 1-43,text,true,,1344,254,13,13,http://localhost:3500/query/empresa_simulada,12,0,0
1783612214625,25,POST get_cuentas_cobrar,200,OK,Benchmark - Operaciones Normales 1-48,text,true,,1981,311,13,13,http://localhost:3500/query/empresa_simulada,25,0,0
1783612214626,26,POST get_monedas,200,OK,Benchmark - Operaciones Normales 1-39,text,true,,1572,255,13,13,http://localhost:3500/query/empresa_simulada,26,0,0
1783612214625,28,POST get_bancos,200,OK,Benchmark - Operaciones Normales 1-50,text,true,,1344,254,13,13,http://localhost:3500/query/empresa_simulada,28,0,0
1783612214628,27,POST get_cuentas_cobrar,200,OK,Benchmark - Operaciones Normales 1-42,text,true,,1981,311,13,13,http://localhost:3500/query/empresa_simulada,27,0,0
1783612214628,29,POST get_bancos,200,OK,Benchmark - Operaciones Normales 1-40,text,true,,1344,254,13,13,http://localhost:3500/query/empresa_simulada,29,0,0
1783612214641,17,POST get_bancos,200,OK,Benchmark - Operaciones Normales 1-49,text,true,,1344,254,13,13,http://localhost:3500/query/empresa_simulada,17,0,0
1783612214643,16,POST get_cuentas_cobrar,200,OK,Benchmark - Operaciones Normales 1-46,text,true,,1981,311,13,13,http://localhost:3500/query/empresa_simulada,16,0,0
1783612214646,14,POST get_empresa,200,OK,Benchmark - Operaciones Normales 1-44,text,true,,1456,255,13,13,http://localhost:3500/query/empresa_simulada,14,0,0
1783612214647,15,POST get_empresa,200,OK,Benchmark - Operaciones Normales 1-47,text,true,,1456,255,13,13,http://localhost:3500/query/empresa_simulada,15,0,0
1783612214647,16,POST get_empresa,200,OK,Benchmark - Operaciones Normales 1-41,text,true,,1456,255,13,13,http://localhost:3500/query/empresa_simulada,16,0,0
1783612214648,18,POST get_monedas,200,OK,Benchmark - Operaciones Normales 1-45,text,true,,1572,255,12,12,http://localhost:3500/query/empresa_simulada,18,0,0
1783612214649,19,POST get_monedas,200,OK,Benchmark - Operaciones Normales 1-43,text,true,,1572,255,12,12,http://localhost:3500/query/empresa_simulada,19,0,0
1783612214650,22,POST get_bancos,200,OK,Benchmark - Operaciones Normales 1-48,text,true,,1344,254,12,12,http://localhost:3500/query/empresa_simulada,22,0,0
1783612214652,21,POST get_empresa,200,OK,Benchmark - Operaciones Normales 1-39,text,true,,1456,255,12,12,http://localhost:3500/query/empresa_simulada,21,0,0
1783612214654,21,POST get_monedas,200,OK,Benchmark - Operaciones Normales 1-50,text,true,,1572,255,11,11,http://localhost:3500/query/empresa_simulada,21,0,0
1783612214640,35,POST get_monedas,200,OK,Benchmark - Operaciones Normales 1-38,text,true,,1572,255,11,11,http://localhost:3500/query/empresa_simulada,35,0,0
1783612214659,17,POST get_monedas,200,OK,Benchmark - Operaciones Normales 1-49,text,true,,1572,255,11,11,http://localhost:3500/query/empresa_simulada,17,0,0
1783612214660,17,POST get_bancos,200,OK,Benchmark - Operaciones Normales 1-46,text,true,,1344,254,11,11,http://localhost:3500/query/empresa_simulada,17,0,0
1783612214661,18,POST get_cuentas_cobrar,200,OK,Benchmark - Operaciones Normales 1-44,text,true,,1981,311,11,11,http://localhost:3500/query/empresa_simulada,18,0,0
1783612214662,18,POST get_cuentas_cobrar,200,OK,Benchmark - Operaciones Normales 1-47,text,true,,1981,311,11,11,http://localhost:3500/query/empresa_simulada,18,0,0
1783612214666,16,POST get_empresa,200,OK,Benchmark - Operaciones Normales 1-45,text,true,,1456,255,11,11,http://localhost:3500/query/empresa_simulada,16,0,0
1783612214668,16,POST get_empresa,200,OK,Benchmark - Operaciones Normales 1-43,text,true,,1456,255,11,11,http://localhost:3500/query/empresa_simulada,16,0,0
1783612214672,13,POST get_monedas,200,OK,Benchmark - Operaciones Normales 1-48,text,true,,1572,255,10,10,http://localhost:3500/query/empresa_simulada,13,0,0
1783612214656,30,POST get_bancos,200,OK,Benchmark - Operaciones Normales 1-42,text,true,,1344,254,10,10,http://localhost:3500/query/empresa_simulada,30,0,0
1783612214657,30,POST get_monedas,200,OK,Benchmark - Operaciones Normales 1-40,text,true,,1572,255,10,10,http://localhost:3500/query/empresa_simulada,30,0,0
1783612214676,13,POST get_empresa,200,OK,Benchmark - Operaciones Normales 1-49,text,true,,1456,255,10,10,http://localhost:3500/query/empresa_simulada,13,0,0
1783612214678,12,POST get_monedas,200,OK,Benchmark - Operaciones Normales 1-46,text,true,,1572,255,10,10,http://localhost:3500/query/empresa_simulada,12,0,0
1783612214679,14,POST get_bancos,200,OK,Benchmark - Operaciones Normales 1-44,text,true,,1344,254,10,10,http://localhost:3500/query/empresa_simulada,14,0,0
1783612214680,14,POST get_bancos,200,OK,Benchmark - Operaciones Normales 1-47,text,true,,1344,254,10,10,http://localhost:3500/query/empresa_simulada,14,0,0
1783612214682,15,POST get_cuentas_cobrar,200,OK,Benchmark - Operaciones Normales 1-45,text,true,,1981,311,10,10,http://localhost:3500/query/empresa_simulada,15,0,0
1783612214685,13,POST get_empresa,200,OK,Benchmark - Operaciones Normales 1-48,text,true,,1456,255,10,10,http://localhost:3500/query/empresa_simulada,13,0,0
1783612214686,13,POST get_monedas,200,OK,Benchmark - Operaciones Normales 1-42,text,true,,1572,255,10,10,http://localhost:3500/query/empresa_simulada,13,0,0
1783612214675,25,POST get_empresa,200,OK,Benchmark - Operaciones Normales 1-50,text,true,,1456,255,10,10,http://localhost:3500/query/empresa_simulada,25,0,0
1783612214675,27,POST get_empresa,200,OK,Benchmark - Operaciones Normales 1-38,text,true,,1456,255,10,10,http://localhost:3500/query/empresa_simulada,27,0,0
1783612214689,14,POST get_cuentas_cobrar,200,OK,Benchmark - Operaciones Normales 1-49,text,true,,1981,311,9,9,http://localhost:3500/query/empresa_simulada,14,0,0
1783612214690,13,POST get_empresa,200,OK,Benchmark - Operaciones Normales 1-46,text,true,,1456,255,9,9,http://localhost:3500/query/empresa_simulada,13,0,0
1783612214693,16,POST get_monedas,200,OK,Benchmark - Operaciones Normales 1-44,text,true,,1572,255,9,9,http://localhost:3500/query/empresa_simulada,16,0,0
1783612214695,18,POST get_monedas,200,OK,Benchmark - Operaciones Normales 1-47,text,true,,1572,255,9,9,http://localhost:3500/query/empresa_simulada,18,0,0
1783612214697,16,POST get_bancos,200,OK,Benchmark - Operaciones Normales 1-45,text,true,,1344,254,9,9,http://localhost:3500/query/empresa_simulada,16,0,0
1783612214698,22,POST get_cuentas_cobrar,200,OK,Benchmark - Operaciones Normales 1-48,text,true,,1981,311,9,9,http://localhost:3500/query/empresa_simulada,22,0,0
1783612214703,19,POST get_bancos,200,OK,Benchmark - Operaciones Normales 1-49,text,true,,1344,254,9,9,http://localhost:3500/query/empresa_simulada,19,0,0
1783612214688,34,POST get_empresa,200,OK,Benchmark - Operaciones Normales 1-40,text,true,,1456,255,9,9,http://localhost:3500/query/empresa_simulada,34,0,0
1783612214703,21,POST get_cuentas_cobrar,200,OK,Benchmark - Operaciones Normales 1-46,text,true,,1981,311,8,8,http://localhost:3500/query/empresa_simulada,21,0,0
1783612214709,15,POST get_empresa,200,OK,Benchmark - Operaciones Normales 1-44,text,true,,1456,255,8,8,http://localhost:3500/query/empresa_simulada,15,0,0
1783612214700,25,POST get_cuentas_cobrar,200,OK,Benchmark - Operaciones Normales 1-50,text,true,,1981,311,8,8,http://localhost:3500/query/empresa_simulada,25,0,0
1783612214699,26,POST get_empresa,200,OK,Benchmark - Operaciones Normales 1-42,text,true,,1456,255,7,7,http://localhost:3500/query/empresa_simulada,26,0,0
1783612214714,15,POST get_empresa,200,OK,Benchmark - Operaciones Normales 1-47,text,true,,1456,255,7,7,http://localhost:3500/query/empresa_simulada,15,0,0
1783612214714,18,POST get_monedas,200,OK,Benchmark - Operaciones Normales 1-45,text,true,,1572,255,7,7,http://localhost:3500/query/empresa_simulada,18,0,0
1783612214726,12,POST get_cuentas_cobrar,200,OK,Benchmark - Operaciones Normales 1-42,text,true,,1981,311,7,7,http://localhost:3500/query/empresa_simulada,12,0,0
1783612214720,21,POST get_bancos,200,OK,Benchmark - Operaciones Normales 1-48,text,true,,1344,254,7,7,http://localhost:3500/query/empresa_simulada,21,0,0
1783612214722,20,POST get_monedas,200,OK,Benchmark - Operaciones Normales 1-49,text,true,,1572,255,7,7,http://localhost:3500/query/empresa_simulada,20,0,0
1783612214724,18,POST get_bancos,200,OK,Benchmark - Operaciones Normales 1-46,text,true,,1344,254,7,7,http://localhost:3500/query/empresa_simulada,18,0,0
1783612214725,20,POST get_bancos,200,OK,Benchmark - Operaciones Normales 1-50,text,true,,1344,254,7,7,http://localhost:3500/query/empresa_simulada,20,0,0
1783612214738,17,POST get_bancos,200,OK,Benchmark - Operaciones Normales 1-42,text,true,,1344,254,7,7,http://localhost:3500/query/empresa_simulada,17,0,0
1783612214730,29,POST get_cuentas_cobrar,200,OK,Benchmark - Operaciones Normales 1-47,text,true,,1981,311,7,7,http://localhost:3500/query/empresa_simulada,29,0,0
1783612214733,27,POST get_empresa,200,OK,Benchmark - Operaciones Normales 1-45,text,true,,1456,255,7,7,http://localhost:3500/query/empresa_simulada,27,0,0
1783612214756,7,POST get_monedas,200,OK,Benchmark - Operaciones Normales 1-42,text,true,,1572,255,6,6,http://localhost:3500/query/empresa_simulada,7,0,0
1783612214742,23,POST get_monedas,200,OK,Benchmark - Operaciones Normales 1-48,text,true,,1572,255,6,6,http://localhost:3500/query/empresa_simulada,23,0,0
1783612214742,25,POST get_monedas,200,OK,Benchmark - Operaciones Normales 1-46,text,true,,1572,255,6,6,http://localhost:3500/query/empresa_simulada,25,0,0
1783612214742,26,POST get_empresa,200,OK,Benchmark - Operaciones Normales 1-49,text,true,,1456,255,6,6,http://localhost:3500/query/empresa_simulada,26,0,0
1783612214745,169,POST get_monedas,200,OK,Benchmark - Operaciones Normales 1-50,text,true,,1572,255,6,6,http://localhost:3500/query/empresa_simulada,169,0,0
1783612214765,209,POST get_empresa,200,OK,Benchmark - Operaciones Normales 1-48,text,true,,1456,255,6,6,http://localhost:3500/query/empresa_simulada,209,0,0
1783612214763,211,POST get_empresa,200,OK,Benchmark - Operaciones Normales 1-42,text,true,,1456,255,6,6,http://localhost:3500/query/empresa_simulada,211,0,0
1783612214759,216,POST get_bancos,200,OK,Benchmark - Operaciones Normales 1-47,text,true,,1344,254,6,6,http://localhost:3500/query/empresa_simulada,216,0,0
1783612214767,208,POST get_empresa,200,OK,Benchmark - Operaciones Normales 1-46,text,true,,1456,255,6,6,http://localhost:3500/query/empresa_simulada,208,0,0
1783612214768,209,POST get_cuentas_cobrar,200,OK,Benchmark - Operaciones Normales 1-49,text,true,,1981,311,5,5,http://localhost:3500/query/empresa_simulada,209,0,0
1783612214975,17,POST get_cuentas_cobrar,200,OK,Benchmark - Operaciones Normales 1-46,text,true,,1981,311,5,5,http://localhost:3500/query/empresa_simulada,17,0,0
1783612214975,17,POST get_cuentas_cobrar,200,OK,Benchmark - Operaciones Normales 1-48,text,true,,1981,311,5,5,http://localhost:3500/query/empresa_simulada,17,0,0
1783612214915,77,POST get_empresa,200,OK,Benchmark - Operaciones Normales 1-50,text,true,,1456,255,5,5,http://localhost:3500/query/empresa_simulada,77,0,0
1783612214975,18,POST get_monedas,200,OK,Benchmark - Operaciones Normales 1-47,text,true,,1572,255,5,5,http://localhost:3500/query/empresa_simulada,18,0,0
1783612214977,20,POST get_bancos,200,OK,Benchmark - Operaciones Normales 1-49,text,true,,1344,254,5,5,http://localhost:3500/query/empresa_simulada,20,0,0
1783612214992,12,POST get_cuentas_cobrar,200,OK,Benchmark - Operaciones Normales 1-50,text,true,,1981,311,5,5,http://localhost:3500/query/empresa_simulada,12,0,0
1783612214992,14,POST get_bancos,200,OK,Benchmark - Operaciones Normales 1-46,text,true,,1344,254,5,5,http://localhost:3500/query/empresa_simulada,14,0,0
1783612214993,13,POST get_empresa,200,OK,Benchmark - Operaciones Normales 1-47,text,true,,1456,255,5,5,http://localhost:3500/query/empresa_simulada,13,0,0
1783612214992,15,POST get_bancos,200,OK,Benchmark - Operaciones Normales 1-48,text,true,,1344,254,5,5,http://localhost:3500/query/empresa_simulada,15,0,0
1783612214998,9,POST get_monedas,200,OK,Benchmark - Operaciones Normales 1-49,text,true,,1572,255,5,5,http://localhost:3500/query/empresa_simulada,9,0,0
1783612215006,6,POST get_cuentas_cobrar,200,OK,Benchmark - Operaciones Normales 1-47,text,true,,1981,311,5,5,http://localhost:3500/query/empresa_simulada,6,0,0
1783612215006,6,POST get_monedas,200,OK,Benchmark - Operaciones Normales 1-46,text,true,,1572,255,5,5,http://localhost:3500/query/empresa_simulada,6,0,0
1783612215007,5,POST get_empresa,200,OK,Benchmark - Operaciones Normales 1-49,text,true,,1456,255,5,5,http://localhost:3500/query/empresa_simulada,5,0,0
1783612215004,9,POST get_bancos,200,OK,Benchmark - Operaciones Normales 1-50,text,true,,1344,254,5,5,http://localhost:3500/query/empresa_simulada,9,0,0
1783612215007,6,POST get_monedas,200,OK,Benchmark - Operaciones Normales 1-48,text,true,,1572,255,5,5,http://localhost:3500/query/empresa_simulada,6,0,0
1783612215012,5,POST get_cuentas_cobrar,200,OK,Benchmark - Operaciones Normales 1-49,text,true,,1981,311,5,5,http://localhost:3500/query/empresa_simulada,5,0,0
1783612215012,6,POST get_empresa,200,OK,Benchmark - Operaciones Normales 1-46,text,true,,1456,255,5,5,http://localhost:3500/query/empresa_simulada,6,0,0
1783612215012,8,POST get_bancos,200,OK,Benchmark - Operaciones Normales 1-47,text,true,,1344,254,4,4,http://localhost:3500/query/empresa_simulada,8,0,0
1783612215017,5,POST get_bancos,200,OK,Benchmark - Operaciones Normales 1-49,text,true,,1344,254,4,4,http://localhost:3500/query/empresa_simulada,5,0,0
1783612215014,10,POST get_monedas,200,OK,Benchmark - Operaciones Normales 1-50,text,true,,1572,255,4,4,http://localhost:3500/query/empresa_simulada,10,0,0
1783612215014,11,POST get_empresa,200,OK,Benchmark - Operaciones Normales 1-48,text,true,,1456,255,4,4,http://localhost:3500/query/empresa_simulada,11,0,0
1783612215022,5,POST get_monedas,200,OK,Benchmark - Operaciones Normales 1-49,text,true,,1572,255,3,3,http://localhost:3500/query/empresa_simulada,5,0,0
1783612215020,8,POST get_monedas,200,OK,Benchmark - Operaciones Normales 1-47,text,true,,1572,255,3,3,http://localhost:3500/query/empresa_simulada,8,0,0
1783612215024,5,POST get_empresa,200,OK,Benchmark - Operaciones Normales 1-50,text,true,,1456,255,3,3,http://localhost:3500/query/empresa_simulada,5,0,0
1783612215027,3,POST get_empresa,200,OK,Benchmark - Operaciones Normales 1-49,text,true,,1456,255,3,3,http://localhost:3500/query/empresa_simulada,3,0,0
1783612215028,3,POST get_empresa,200,OK,Benchmark - Operaciones Normales 1-47,text,true,,1456,255,2,2,http://localhost:3500/query/empresa_simulada,3,0,0
1783612215029,4,POST get_cuentas_cobrar,200,OK,Benchmark - Operaciones Normales 1-50,text,true,,1981,311,1,1,http://localhost:3500/query/empresa_simulada,4,0,0
1783612215034,2,POST get_bancos,200,OK,Benchmark - Operaciones Normales 1-50,text,true,,1344,254,1,1,http://localhost:3500/query/empresa_simulada,2,0,0
1783612215036,2,POST get_monedas,200,OK,Benchmark - Operaciones Normales 1-50,text,true,,1572,255,1,1,http://localhost:3500/query/empresa_simulada,2,0,0
1783612215038,3,POST get_empresa,200,OK,Benchmark - Operaciones Normales 1-50,text,true,,1456,255,1,1,http://localhost:3500/query/empresa_simulada,3,0,0
1783612215041,4,POST get_cuentas_cobrar,200,OK,Benchmark - Operaciones Normales 1-50,text,true,,1981,311,1,1,http://localhost:3500/query/empresa_simulada,4,0,0
1783612215046,2,POST get_bancos,200,OK,Benchmark - Operaciones Normales 1-50,text,true,,1344,254,1,1,http://localhost:3500/query/empresa_simulada,2,0,0
1783612215049,2,POST get_monedas,200,OK,Benchmark - Operaciones Normales 1-50,text,true,,1572,255,1,1,http://localhost:3500/query/empresa_simulada,2,0,0
1783612215052,2,POST get_empresa,200,OK,Benchmark - Operaciones Normales 1-50,text,true,,1456,255,1,1,http://localhost:3500/query/empresa_simulada,2,0,0
1783612215724,33,POST get_clientes - PAYLOAD LIMIT TEST,502,Bad Gateway,Prueba Limite Payload - get_clientes 25K registros 2-3,text,false,,1007,256,3,3,http://localhost:3500/query/empresa_simulada,33,0,1
1783612215058,30009,POST get_clientes - PAYLOAD LIMIT TEST,504,Gateway Timeout,Prueba Limite Payload - get_clientes 25K registros 2-1,text,false,,986,256,2,2,http://localhost:3500/query/empresa_simulada,30009,0,1
1783612215391,29676,POST get_clientes - PAYLOAD LIMIT TEST,504,Gateway Timeout,Prueba Limite Payload - get_clientes 25K registros 2-2,text,false,,986,256,2,2,http://localhost:3500/query/empresa_simulada,29676,0,1
